case_id,dataset,fault_type,root_cause_service,raw_rank,observed_ar_rank,counterfactual_ar_rank,raw_to_counterfactual_delta,observed_to_counterfactual_delta,raw_top1,observed_ar_top1,counterfactual_ar_top1,counterfactual_top_competitor,root_top3_clip_mean,root_top3_clip_max,root_top3_any_clipped,competitor_top3_clip_mean,competitor_top3_clip_max,competitor_top3_any_clipped,raw_winner_top3_clip_mean,raw_winner_top3_any_clipped,observed_winner_top3_clip_mean,observed_winner_top3_any_clipped,root_or_competitor_any_clipped
re1_ob__adservice_cpu__1,re1_ob,cpu,adservice,2,2,2,0,0,frontend-external,frontend-external,frontend-external,frontend-external,0.0,0.0,False,0.0,0.0,False,0.0,False,0.0,False,False
re1_ob__adservice_cpu__2,re1_ob,cpu,adservice,1,1,1,0,0,adservice,adservice,adservice,frontend-external,0.0,0.0,False,0.0,0.0,False,0.0,False,0.0,False,False
re1_ob__adservice_cpu__3,re1_ob,cpu,adservice,1,2,1,0,1,adservice,frontend-external,adservice,frontend-external,0.0,0.0,False,0.0,0.0,False,0.0,False,0.0,False,False
re1_ob__adservice_cpu__4,re1_ob,cpu,adservice,1,1,1,0,0,adservice,adservice,adservice,main,0.0,0.0,False,0.5,1.0,True,0.0,False,0.0,False,True
re1_ob__adservice_cpu__5,re1_ob,cpu,adservice,2,2,2,0,0,frontend-external,frontend-external,frontend-external,frontend-external,0.0,0.0,False,0.0,0.0,False,0.0,False,0.0,False,False
re1_ob__adservice_delay__1,re1_ob,delay,adservice,1,1,1,0,0,adservice,adservice,adservice,frontend-external,0.0,0.0,False,0.0,0.0,False,0.0,False,0.0,False,False
re1_ob__adservice_delay__2,re1_ob,delay,adservice,4,3,3,1,0,frontend-external,frontend-external,frontend-external,frontend-external,0.33240997229916897,0.997229916897507,True,0.0,0.0,False,0.0,False,0.0,False,True
re1_ob__adservice_delay__3,re1_ob,delay,adservice,2,3,3,-1,0,frontend-external,frontend-external,frontend-external,frontend-external,0.33240997229916897,0.997229916897507,True,0.0,0.0,False,0.0,False,0.0,False,True
re1_ob__adservice_delay__4,re1_ob,delay,adservice,2,3,2,0,1,frontend-external,frontend-external,frontend-external,frontend-external,0.33056325023084027,0.9916897506925207,True,0.0,0.0,False,0.0,False,0.0,False,True
re1_ob__adservice_delay__5,re1_ob,delay,adservice,1,1,1,0,0,adservice,adservice,adservice,currencyservice,0.0,0.0,False,0.3250230840258541,0.9750692520775623,True,0.0,False,0.0,False,True
re1_ob__adservice_disk__1,re1_ob,disk,adservice,1,1,1,0,0,adservice,adservice,adservice,cartservice,0.0,0.0,False,0.0,0.0,False,0.0,False,0.0,False,False
re1_ob__adservice_disk__2,re1_ob,disk,adservice,1,1,1,0,0,adservice,adservice,adservice,emailservice,0.0,0.0,False,0.0,0.0,False,0.0,False,0.0,False,False
re1_ob__adservice_disk__3,re1_ob,disk,adservice,1,1,1,0,0,adservice,adservice,adservice,emailservice,0.0,0.0,False,0.0,0.0,False,0.0,False,0.0,False,False
re1_ob__adservice_disk__4,re1_ob,disk,adservice,1,1,1,0,0,adservice,adservice,adservice,recommendationservice,0.0,0.0,False,0.0,0.0,False,0.0,False,0.0,False,False
re1_ob__adservice_disk__5,re1_ob,disk,adservice,1,1,1,0,0,adservice,adservice,adservice,recommendationservice,0.0,0.0,False,0.0,0.0,False,0.0,False,0.0,False,False
re1_ob__adservice_loss__1,re1_ob,loss,adservice,1,1,1,0,0,adservice,adservice,adservice,checkoutservice,0.0,0.0,False,0.0,0.0,False,0.0,False,0.0,False,False
re1_ob__adservice_loss__2,re1_ob,loss,adservice,2,2,2,0,0,frontend-external,frontend-external,frontend-external,frontend-external,0.0,0.0,False,0.0,0.0,False,0.0,False,0.0,False,False
re1_ob__adservice_loss__3,re1_ob,loss,adservice,1,1,1,0,0,adservice,adservice,adservice,checkoutservice,0.0,0.0,False,0.0,0.0,False,0.0,False,0.0,False,False
re1_ob__adservice_loss__4,re1_ob,loss,adservice,1,1,1,0,0,adservice,adservice,adservice,main,0.0,0.0,False,0.5,1.0,True,0.0,False,0.0,False,True
re1_ob__adservice_loss__5,re1_ob,loss,adservice,1,1,1,0,0,adservice,adservice,adservice,main,0.0,0.0,False,0.5,1.0,True,0.0,False,0.0,False,True
re1_ob__adservice_mem__1,re1_ob,mem,adservice,1,1,1,0,0,adservice,adservice,adservice,main,0.0,0.0,False,0.5,1.0,True,0.0,False,0.0,False,True
re1_ob__adservice_mem__2,re1_ob,mem,adservice,2,3,2,0,1,frontend-external,frontend-external,frontend-external,frontend-external,0.0,0.0,False,0.0,0.0,False,0.0,False,0.0,False,False
re1_ob__adservice_mem__3,re1_ob,mem,adservice,1,1,1,0,0,adservice,adservice,adservice,main,0.0,0.0,False,0.5,1.0,True,0.0,False,0.0,False,True
re1_ob__adservice_mem__4,re1_ob,mem,adservice,2,2,1,1,1,frontend-external,frontend-external,adservice,frontend-external,0.0,0.0,False,0.0,0.0,False,0.0,False,0.0,False,False
re1_ob__adservice_mem__5,re1_ob,mem,adservice,2,2,2,0,0,frontend-external,frontend-external,frontend-external,frontend-external,0.0,0.0,False,0.0,0.0,False,0.0,False,0.0,False,False
re1_ob__cartservice_cpu__1,re1_ob,cpu,cartservice,1,2,1,0,1,cartservice,frontend-external,cartservice,frontend-external,0.0,0.0,False,0.0,0.0,False,0.0,False,0.0,False,False
re1_ob__cartservice_cpu__2,re1_ob,cpu,cartservice,2,2,2,0,0,frontend-external,frontend-external,frontend-external,frontend-external,0.0,0.0,False,0.0,0.0,False,0.0,False,0.0,False,False
re1_ob__cartservice_cpu__3,re1_ob,cpu,cartservice,2,2,2,0,0,frontend-external,frontend-external,frontend-external,frontend-external,0.0,0.0,False,0.0,0.0,False,0.0,False,0.0,False,False
re1_ob__cartservice_cpu__4,re1_ob,cpu,cartservice,3,3,3,0,0,frontend-external,frontend-external,frontend-external,frontend-external,0.0,0.0,False,0.0,0.0,False,0.0,False,0.0,False,False
re1_ob__cartservice_cpu__5,re1_ob,cpu,cartservice,2,2,2,0,0,frontend-external,frontend-external,frontend-external,frontend-external,0.0,0.0,False,0.0,0.0,False,0.0,False,0.0,False,False
re1_ob__cartservice_delay__1,re1_ob,delay,cartservice,2,2,3,-1,-1,frontend-external,frontend-external,frontend-external,frontend-external,0.0,0.0,False,0.0,0.0,False,0.0,False,0.0,False,False
re1_ob__cartservice_delay__2,re1_ob,delay,cartservice,6,5,2,4,3,main,adservice,frontend,frontend,0.3333333333333333,1.0,True,0.0,0.0,False,0.5,True,0.0,False,True
re1_ob__cartservice_delay__3,re1_ob,delay,cartservice,5,5,2,3,3,frontend-external,frontend-external,frontend,frontend,0.33240997229916897,0.997229916897507,True,0.0,0.0,False,0.0,False,0.0,False,True
re1_ob__cartservice_delay__4,re1_ob,delay,cartservice,3,2,2,1,0,frontend,frontend,frontend,frontend,0.33240997229916897,0.997229916897507,True,0.0,0.0,False,0.0,False,0.0,False,True
re1_ob__cartservice_delay__5,re1_ob,delay,cartservice,3,4,3,0,1,frontend-external,frontend-external,frontend-external,frontend-external,0.3333333333333333,1.0,True,0.0,0.0,False,0.0,False,0.0,False,True
re1_ob__cartservice_disk__1,re1_ob,disk,cartservice,1,3,1,0,2,cartservice,paymentservice,cartservice,paymentservice,0.0,0.0,False,0.0,0.0,False,0.0,False,0.0,False,False
re1_ob__cartservice_disk__2,re1_ob,disk,cartservice,1,2,1,0,1,cartservice,redis,cartservice,redis,0.0,0.0,False,0.0,0.0,False,0.0,False,0.0,False,False
re1_ob__cartservice_disk__3,re1_ob,disk,cartservice,2,2,1,1,1,frontend-check,frontend-check,cartservice,frontend-check,0.0,0.0,False,0.0,0.0,False,0.0,False,0.0,False,False
re1_ob__cartservice_disk__4,re1_ob,disk,cartservice,1,1,1,0,0,cartservice,cartservice,cartservice,emailservice,0.0,0.0,False,0.0,0.0,False,0.0,False,0.0,False,False
re1_ob__cartservice_disk__5,re1_ob,disk,cartservice,1,1,1,0,0,cartservice,cartservice,cartservice,redis,0.0,0.0,False,0.0,0.0,False,0.0,False,0.0,False,False
re1_ob__cartservice_loss__1,re1_ob,loss,cartservice,1,1,1,0,0,cartservice,cartservice,cartservice,checkoutservice,0.0,0.0,False,0.0,0.0,False,0.0,False,0.0,False,False
re1_ob__cartservice_loss__2,re1_ob,loss,cartservice,7,9,3,4,6,recommendationservice,recommendationservice,recommendationservice,recommendationservice,0.0,0.0,False,0.0,0.0,False,0.0,False,0.0,False,False
re1_ob__cartservice_loss__3,re1_ob,loss,cartservice,2,2,1,1,1,adservice,adservice,cartservice,adservice,0.0,0.0,False,0.0,0.0,False,0.0,False,0.0,False,False
re1_ob__cartservice_loss__4,re1_ob,loss,cartservice,2,2,1,1,1,adservice,adservice,cartservice,recommendationservice,0.0,0.0,False,0.0,0.0,False,0.0,False,0.0,False,False
re1_ob__cartservice_loss__5,re1_ob,loss,cartservice,3,1,2,1,-1,recommendationservice,cartservice,recommendationservice,recommendationservice,0.0,0.0,False,0.0,0.0,False,0.0,False,0.0,False,False
re1_ob__cartservice_mem__1,re1_ob,mem,cartservice,2,2,2,0,0,frontend-external,frontend-external,frontend-external,frontend-external,0.0,0.0,False,0.0,0.0,False,0.0,False,0.0,False,False
re1_ob__cartservice_mem__2,re1_ob,mem,cartservice,2,2,2,0,0,frontend-external,frontend-external,frontend-external,frontend-external,0.0,0.0,False,0.0,0.0,False,0.0,False,0.0,False,False
re1_ob__cartservice_mem__3,re1_ob,mem,cartservice,1,1,1,0,0,cartservice,cartservice,cartservice,main,0.0,0.0,False,0.5,1.0,True,0.0,False,0.0,False,True
re1_ob__cartservice_mem__4,re1_ob,mem,cartservice,1,2,1,0,1,cartservice,frontend,cartservice,frontend,0.0,0.0,False,0.0,0.0,False,0.0,False,0.0,False,False
re1_ob__cartservice_mem__5,re1_ob,mem,cartservice,2,2,1,1,1,frontend,frontend,cartservice,frontend,0.0,0.0,False,0.0,0.0,False,0.0,False,0.0,False,False
re1_ob__checkoutservice_cpu__1,re1_ob,cpu,checkoutservice,1,1,1,0,0,checkoutservice,checkoutservice,checkoutservice,main,0.0,0.0,False,0.0,0.0,False,0.0,False,0.0,False,False
re1_ob__checkoutservice_cpu__2,re1_ob,cpu,checkoutservice,1,1,1,0,0,checkoutservice,checkoutservice,checkoutservice,frontend,0.0,0.0,False,0.0,0.0,False,0.0,False,0.0,False,False
re1_ob__checkoutservice_cpu__3,re1_ob,cpu,checkoutservice,2,2,2,0,0,frontend-external,frontend-external,frontend-external,frontend-external,0.0,0.0,False,0.0,0.0,False,0.0,False,0.0,False,False
re1_ob__checkoutservice_cpu__4,re1_ob,cpu,checkoutservice,1,2,1,0,1,checkoutservice,frontend-external,checkoutservice,paymentservice,0.0,0.0,False,0.3333333333333333,1.0,True,0.0,False,0.0,False,True
re1_ob__checkoutservice_cpu__5,re1_ob,cpu,checkoutservice,1,1,1,0,0,checkoutservice,checkoutservice,checkoutservice,main,0.0,0.0,False,0.5,1.0,True,0.0,False,0.0,False,True
re1_ob__checkoutservice_delay__1,re1_ob,delay,checkoutservice,1,1,1,0,0,checkoutservice,checkoutservice,checkoutservice,frontend,0.0,0.0,False,0.0,0.0,False,0.0,False,0.0,False,False
re1_ob__checkoutservice_delay__2,re1_ob,delay,checkoutservice,5,4,4,1,0,frontend-external,frontend-external,frontend-external,frontend-external,0.32871652816251157,0.9861495844875346,True,0.0,0.0,False,0.0,False,0.0,False,True
re1_ob__checkoutservice_delay__3,re1_ob,delay,checkoutservice,4,7,2,2,5,frontend-external,frontend-external,frontend-external,frontend-external,0.31763619575253926,0.9529085872576177,True,0.0,0.0,False,0.0,False,0.0,False,True
re1_ob__checkoutservice_delay__4,re1_ob,delay,checkoutservice,4,4,3,1,1,frontend-external,frontend-external,frontend-external,frontend-external,0.32317636195752536,0.9695290858725761,True,0.0,0.0,False,0.0,False,0.0,False,True
re1_ob__checkoutservice_delay__5,re1_ob,delay,checkoutservice,3,5,2,1,3,frontend-external,frontend-external,frontend-external,frontend-external,0.3314866112650046,0.9944598337950139,True,0.0,0.0,False,0.0,False,0.0,False,True
re1_ob__checkoutservice_disk__1,re1_ob,disk,checkoutservice,1,1,1,0,0,checkoutservice,checkoutservice,checkoutservice,redis,0.0,0.0,False,0.0,0.0,False,0.0,False,0.0,False,False
re1_ob__checkoutservice_disk__2,re1_ob,disk,checkoutservice,2,3,2,0,1,frontend-external,frontend-external,frontend-external,frontend-external,0.0,0.0,False,0.0,0.0,False,0.0,False,0.0,False,False
re1_ob__checkoutservice_disk__3,re1_ob,disk,checkoutservice,1,1,1,0,0,checkoutservice,checkoutservice,checkoutservice,recommendationservice,0.0,0.0,False,0.0,0.0,False,0.0,False,0.0,False,False
re1_ob__checkoutservice_disk__4,re1_ob,disk,checkoutservice,1,1,1,0,0,checkoutservice,checkoutservice,checkoutservice,emailservice,0.0,0.0,False,0.0,0.0,False,0.0,False,0.0,False,False
re1_ob__checkoutservice_disk__5,re1_ob,disk,checkoutservice,1,1,1,0,0,checkoutservice,checkoutservice,checkoutservice,emailservice,0.0,0.0,False,0.0,0.0,False,0.0,False,0.0,False,False
re1_ob__checkoutservice_loss__1,re1_ob,loss,checkoutservice,5,7,2,3,5,paymentservice,paymentservice,paymentservice,paymentservice,0.0,0.0,False,0.0,0.0,False,0.0,False,0.0,False,False
re1_ob__checkoutservice_loss__2,re1_ob,loss,checkoutservice,7,11,3,4,8,emailservice,emailservice,emailservice,emailservice,0.0,0.0,False,0.0,0.0,False,0.0,False,0.0,False,False
re1_ob__checkoutservice_loss__3,re1_ob,loss,checkoutservice,7,7,3,4,4,frontend-external,frontend-external,frontend-external,frontend-external,0.0,0.0,False,0.0,0.0,False,0.0,False,0.0,False,False
re1_ob__checkoutservice_loss__4,re1_ob,loss,checkoutservice,5,7,2,3,5,emailservice,emailservice,emailservice,emailservice,0.0,0.0,False,0.0,0.0,False,0.0,False,0.0,False,False
re1_ob__checkoutservice_loss__5,re1_ob,loss,checkoutservice,8,7,4,4,3,frontend-external,frontend-external,frontend-external,frontend-external,0.0,0.0,False,0.0,0.0,False,0.0,False,0.0,False,False
re1_ob__checkoutservice_mem__1,re1_ob,mem,checkoutservice,1,1,1,0,0,checkoutservice,checkoutservice,checkoutservice,paymentservice,0.0,0.0,False,0.3333333333333333,1.0,True,0.0,False,0.0,False,True
re1_ob__checkoutservice_mem__2,re1_ob,mem,checkoutservice,2,2,1,1,1,frontend,frontend,checkoutservice,frontend,0.0,0.0,False,0.0,0.0,False,0.0,False,0.0,False,False
re1_ob__checkoutservice_mem__3,re1_ob,mem,checkoutservice,1,2,1,0,1,checkoutservice,frontend,checkoutservice,frontend,0.0,0.0,False,0.0,0.0,False,0.0,False,0.0,False,False
re1_ob__checkoutservice_mem__4,re1_ob,mem,checkoutservice,1,1,1,0,0,checkoutservice,checkoutservice,checkoutservice,main,0.0,0.0,False,0.0,0.0,False,0.0,False,0.0,False,False
re1_ob__checkoutservice_mem__5,re1_ob,mem,checkoutservice,1,1,1,0,0,checkoutservice,checkoutservice,checkoutservice,main,0.0,0.0,False,0.5,1.0,True,0.0,False,0.0,False,True
re1_ob__currencyservice_cpu__1,re1_ob,cpu,currencyservice,2,4,2,0,2,frontend,frontend,frontend,frontend,0.0,0.0,False,0.0,0.0,False,0.0,False,0.0,False,False
re1_ob__currencyservice_cpu__2,re1_ob,cpu,currencyservice,1,1,1,0,0,currencyservice,currencyservice,currencyservice,main,0.0,0.0,False,0.5,1.0,True,0.0,False,0.0,False,True
re1_ob__currencyservice_cpu__3,re1_ob,cpu,currencyservice,3,5,1,2,4,emailservice,emailservice,currencyservice,emailservice,0.0,0.0,False,0.3333333333333333,1.0,True,0.3333333333333333,True,0.3333333333333333,True,True
re1_ob__currencyservice_cpu__4,re1_ob,cpu,currencyservice,3,3,2,1,1,emailservice,emailservice,emailservice,emailservice,0.0,0.0,False,0.3333333333333333,1.0,True,0.3333333333333333,True,0.3333333333333333,True,True
re1_ob__currencyservice_cpu__5,re1_ob,cpu,currencyservice,2,2,2,0,0,frontend-external,frontend-external,frontend-external,frontend-external,0.0,0.0,False,0.0,0.0,False,0.0,False,0.0,False,False
re1_ob__currencyservice_delay__1,re1_ob,delay,currencyservice,1,1,1,0,0,currencyservice,currencyservice,currencyservice,frontend,0.0,0.0,False,0.0,0.0,False,0.0,False,0.0,False,False
re1_ob__currencyservice_delay__2,re1_ob,delay,currencyservice,6,2,3,3,-1,frontend-external,frontend-external,frontend-external,frontend-external,0.0,0.0,False,0.0,0.0,False,0.0,False,0.0,False,False
re1_ob__currencyservice_delay__3,re1_ob,delay,currencyservice,1,1,1,0,0,currencyservice,currencyservice,currencyservice,frontend,0.0,0.0,False,0.0,0.0,False,0.0,False,0.0,False,False
re1_ob__currencyservice_delay__4,re1_ob,delay,currencyservice,4,2,6,-2,-4,frontend-external,frontend-external,frontend-external,frontend-external,0.0,0.0,False,0.0,0.0,False,0.0,False,0.0,False,False
re1_ob__currencyservice_delay__5,re1_ob,delay,currencyservice,3,3,3,0,0,frontend,checkoutservice,frontend,frontend,0.0,0.0,False,0.0,0.0,False,0.0,False,0.33056325023084027,True,False
re1_ob__currencyservice_disk__1,re1_ob,disk,currencyservice,2,2,2,0,0,adservice,adservice,adservice,adservice,0.0,0.0,False,0.0,0.0,False,0.0,False,0.0,False,False
re1_ob__currencyservice_disk__2,re1_ob,disk,currencyservice,1,1,1,0,0,currencyservice,currencyservice,currencyservice,checkoutservice,0.0,0.0,False,0.0,0.0,False,0.0,False,0.0,False,False
re1_ob__currencyservice_disk__3,re1_ob,disk,currencyservice,1,1,1,0,0,currencyservice,currencyservice,currencyservice,checkoutservice,0.0,0.0,False,0.0,0.0,False,0.0,False,0.0,False,False
re1_ob__currencyservice_disk__4,re1_ob,disk,currencyservice,2,3,1,1,2,redis,redis,currencyservice,checkoutservice,0.0,0.0,False,0.0,0.0,False,0.0,False,0.0,False,False
re1_ob__currencyservice_disk__5,re1_ob,disk,currencyservice,1,1,1,0,0,currencyservice,currencyservice,currencyservice,paymentservice,0.0,0.0,False,0.0,0.0,False,0.0,False,0.0,False,False
re1_ob__currencyservice_loss__1,re1_ob,loss,currencyservice,3,2,7,-4,-5,frontend-external,frontend-external,frontend-external,frontend-external,0.0,0.0,False,0.0,0.0,False,0.0,False,0.0,False,False
re1_ob__currencyservice_loss__2,re1_ob,loss,currencyservice,1,1,2,-1,-1,currencyservice,currencyservice,frontend,frontend,0.0,0.0,False,0.0,0.0,False,0.0,False,0.0,False,False
re1_ob__currencyservice_loss__3,re1_ob,loss,currencyservice,4,3,5,-1,-2,cartservice,cartservice,cartservice,cartservice,0.0,0.0,False,0.0,0.0,False,0.0,False,0.0,False,False
re1_ob__currencyservice_loss__4,re1_ob,loss,currencyservice,1,1,3,-2,-2,currencyservice,currencyservice,recommendationservice,recommendationservice,0.0018467220683287165,0.00554016620498615,True,0.0,0.0,False,0.0018467220683287165,True,0.0018467220683287165,True,True
re1_ob__currencyservice_loss__5,re1_ob,loss,currencyservice,2,2,3,-1,-1,frontend-external,frontend-external,frontend-external,frontend-external,0.0,0.0,False,0.0,0.0,False,0.0,False,0.0,False,False
re1_ob__currencyservice_mem__1,re1_ob,mem,currencyservice,1,1,1,0,0,currencyservice,currencyservice,currencyservice,frontend,0.0,0.0,False,0.0,0.0,False,0.0,False,0.0,False,False
re1_ob__currencyservice_mem__2,re1_ob,mem,currencyservice,1,1,1,0,0,currencyservice,currencyservice,currencyservice,checkoutservice,0.0,0.0,False,0.0,0.0,False,0.0,False,0.0,False,False
re1_ob__currencyservice_mem__3,re1_ob,mem,currencyservice,1,1,1,0,0,currencyservice,currencyservice,currencyservice,frontend,0.0,0.0,False,0.0,0.0,False,0.0,False,0.0,False,False
re1_ob__currencyservice_mem__4,re1_ob,mem,currencyservice,1,1,1,0,0,currencyservice,currencyservice,currencyservice,main,0.0,0.0,False,0.5,1.0,True,0.0,False,0.0,False,True
re1_ob__currencyservice_mem__5,re1_ob,mem,currencyservice,2,2,1,1,1,frontend,frontend,currencyservice,frontend,0.0,0.0,False,0.0,0.0,False,0.0,False,0.0,False,False
re1_ob__productcatalogservice_cpu__1,re1_ob,cpu,productcatalogservice,2,2,2,0,0,frontend-external,frontend-external,frontend-external,frontend-external,0.0,0.0,False,0.0,0.0,False,0.0,False,0.0,False,False
re1_ob__productcatalogservice_cpu__2,re1_ob,cpu,productcatalogservice,1,2,1,0,1,productcatalogservice,frontend-external,productcatalogservice,frontend-external,0.0,0.0,False,0.0,0.0,False,0.0,False,0.0,False,False
re1_ob__productcatalogservice_cpu__3,re1_ob,cpu,productcatalogservice,1,1,1,0,0,productcatalogservice,productcatalogservice,productcatalogservice,adservice,0.0,0.0,False,0.0,0.0,False,0.0,False,0.0,False,False
re1_ob__productcatalogservice_cpu__4,re1_ob,cpu,productcatalogservice,3,4,3,0,1,frontend-external,frontend-external,frontend-external,frontend-external,0.0,0.0,False,0.0,0.0,False,0.0,False,0.0,False,False
re1_ob__productcatalogservice_cpu__5,re1_ob,cpu,productcatalogservice,1,2,1,0,1,productcatalogservice,frontend-external,productcatalogservice,frontend-external,0.0,0.0,False,0.0,0.0,False,0.0,False,0.0,False,False
re1_ob__productcatalogservice_delay__1,re1_ob,delay,productcatalogservice,2,1,2,0,-1,frontend,productcatalogservice,frontend,frontend,0.0,0.0,False,0.0,0.0,False,0.0,False,0.0,False,False
re1_ob__productcatalogservice_delay__2,re1_ob,delay,productcatalogservice,3,1,2,1,-1,frontend,productcatalogservice,frontend,frontend,0.0,0.0,False,0.0,0.0,False,0.0,False,0.0,False,False
re1_ob__productcatalogservice_delay__3,re1_ob,delay,productcatalogservice,4,3,5,-1,-2,frontend-external,frontend-external,frontend,frontend,0.0,0.0,False,0.0,0.0,False,0.0,False,0.0,False,False
re1_ob__productcatalogservice_delay__4,re1_ob,delay,productcatalogservice,1,1,3,-2,-2,productcatalogservice,productcatalogservice,frontend,frontend,0.0,0.0,False,0.0,0.0,False,0.0,False,0.0,False,False
re1_ob__productcatalogservice_delay__5,re1_ob,delay,productcatalogservice,1,1,3,-2,-2,productcatalogservice,productcatalogservice,frontend,frontend,0.0,0.0,False,0.0,0.0,False,0.0,False,0.0,False,False
re1_ob__productcatalogservice_disk__1,re1_ob,disk,productcatalogservice,1,1,1,0,0,productcatalogservice,productcatalogservice,productcatalogservice,recommendationservice,0.0,0.0,False,0.0,0.0,False,0.0,False,0.0,False,False
re1_ob__productcatalogservice_disk__2,re1_ob,disk,productcatalogservice,1,1,1,0,0,productcatalogservice,productcatalogservice,productcatalogservice,recommendationservice,0.0,0.0,False,0.0,0.0,False,0.0,False,0.0,False,False
re1_ob__productcatalogservice_disk__3,re1_ob,disk,productcatalogservice,1,1,1,0,0,productcatalogservice,productcatalogservice,productcatalogservice,recommendationservice,0.0,0.0,False,0.0,0.0,False,0.0,False,0.0,False,False
re1_ob__productcatalogservice_disk__4,re1_ob,disk,productcatalogservice,1,1,1,0,0,productcatalogservice,productcatalogservice,productcatalogservice,frontend,0.0,0.0,False,0.0,0.0,False,0.0,False,0.0,False,False
re1_ob__productcatalogservice_disk__5,re1_ob,disk,productcatalogservice,1,1,1,0,0,productcatalogservice,productcatalogservice,productcatalogservice,recommendationservice,0.0,0.0,False,0.0,0.0,False,0.0,False,0.0,False,False
re1_ob__productcatalogservice_loss__1,re1_ob,loss,productcatalogservice,2,2,2,0,0,frontend-external,frontend-external,frontend-external,frontend-external,0.0,0.0,False,0.0,0.0,False,0.0,False,0.0,False,False
re1_ob__productcatalogservice_loss__2,re1_ob,loss,productcatalogservice,4,3,5,-1,-2,checkoutservice,checkoutservice,checkoutservice,checkoutservice,0.0,0.0,False,0.0,0.0,False,0.0,False,0.0,False,False
re1_ob__productcatalogservice_loss__3,re1_ob,loss,productcatalogservice,5,4,5,0,-1,frontend-external,frontend-external,frontend-external,frontend-external,0.0,0.0,False,0.0,0.0,False,0.0,False,0.0,False,False
re1_ob__productcatalogservice_loss__4,re1_ob,loss,productcatalogservice,3,3,4,-1,-1,frontend-external,frontend-external,frontend-external,frontend-external,0.0,0.0,False,0.0,0.0,False,0.0,False,0.0,False,False
re1_ob__productcatalogservice_loss__5,re1_ob,loss,productcatalogservice,6,4,6,0,-2,recommendationservice,recommendationservice,recommendationservice,recommendationservice,0.0,0.0,False,0.0,0.0,False,0.0,False,0.0,False,False
re1_ob__productcatalogservice_mem__1,re1_ob,mem,productcatalogservice,2,2,1,1,1,frontend-external,frontend-external,productcatalogservice,frontend-external,0.0,0.0,False,0.0,0.0,False,0.0,False,0.0,False,False
re1_ob__productcatalogservice_mem__2,re1_ob,mem,productcatalogservice,1,1,1,0,0,productcatalogservice,productcatalogservice,productcatalogservice,recommendationservice,0.0,0.0,False,0.0,0.0,False,0.0,False,0.0,False,False
re1_ob__productcatalogservice_mem__3,re1_ob,mem,productcatalogservice,2,2,1,1,1,frontend-external,frontend-external,productcatalogservice,frontend-external,0.0,0.0,False,0.0,0.0,False,0.0,False,0.0,False,False
re1_ob__productcatalogservice_mem__4,re1_ob,mem,productcatalogservice,1,1,1,0,0,productcatalogservice,productcatalogservice,productcatalogservice,frontend,0.0,0.0,False,0.0,0.0,False,0.0,False,0.0,False,False
re1_ob__productcatalogservice_mem__5,re1_ob,mem,productcatalogservice,1,1,1,0,0,productcatalogservice,productcatalogservice,productcatalogservice,recommendationservice,0.27499999999999997,0.825,True,0.0,0.0,False,0.27499999999999997,True,0.27499999999999997,True,True
re1_ss__carts_cpu__1,re1_ss,cpu,carts,1,1,1,0,0,carts,carts,carts,front-end,0.3333333333333333,1.0,True,0.0,0.0,False,0.3333333333333333,True,0.3333333333333333,True,True
re1_ss__carts_cpu__2,re1_ss,cpu,carts,1,1,1,0,0,carts,carts,carts,192-168-15-8-9100,0.3333333333333333,1.0,True,0.0,0.0,False,0.3333333333333333,True,0.3333333333333333,True,True
re1_ss__carts_cpu__3,re1_ss,cpu,carts,2,2,2,0,0,192-168-33-0-9100,192-168-33-0-9100,192-168-33-0-9100,192-168-33-0-9100,0.6666666666666666,1.0,True,0.0,0.0,False,0.0,False,0.0,False,True
re1_ss__carts_cpu__4,re1_ss,cpu,carts,1,1,1,0,0,carts,carts,carts,192-168-33-0-9100,0.0,0.0,False,0.0,0.0,False,0.0,False,0.0,False,False
re1_ss__carts_cpu__5,re1_ss,cpu,carts,1,1,1,0,0,carts,carts,carts,192-168-15-8-9100,0.3268698060941828,0.9806094182825484,True,0.0,0.0,False,0.3268698060941828,True,0.3268698060941828,True,True
re1_ss__carts_delay__1,re1_ss,delay,carts,1,1,1,0,0,carts,carts,carts,front-end,0.0,0.0,False,0.0,0.0,False,0.0,False,0.0,False,False
re1_ss__carts_delay__2,re1_ss,delay,carts,1,1,1,0,0,carts,carts,carts,front-end,0.0,0.0,False,0.0,0.0,False,0.0,False,0.0,False,False
re1_ss__carts_delay__3,re1_ss,delay,carts,3,3,3,0,0,192-168-37-154-9100,192-168-37-154-9100,192-168-37-154-9100,192-168-37-154-9100,0.0,0.0,False,0.0,0.0,False,0.0,False,0.0,False,False
re1_ss__carts_delay__4,re1_ss,delay,carts,1,1,1,0,0,carts,carts,carts,192-168-33-0-9100,0.0,0.0,False,0.0,0.0,False,0.0,False,0.0,False,False
re1_ss__carts_delay__5,re1_ss,delay,carts,1,1,1,0,0,carts,carts,carts,192-168-15-8-9100,0.3333333333333333,1.0,True,0.0018467220683287165,0.00554016620498615,True,0.3333333333333333,True,0.3333333333333333,True,True
re1_ss__carts_disk__1,re1_ss,disk,carts,2,2,2,0,0,catalogue-db,catalogue-db,catalogue-db,catalogue-db,0.3333333333333333,1.0,True,0.0,0.0,False,0.0,False,0.0,False,True
re1_ss__carts_disk__2,re1_ss,disk,carts,1,1,1,0,0,carts,carts,carts,10-192-15-195-9100,0.3333333333333333,1.0,True,0.3333333333333333,1.0,True,0.3333333333333333,True,0.3333333333333333,True,True
re1_ss__carts_disk__3,re1_ss,disk,carts,2,2,2,0,0,catalogue-db,catalogue-db,catalogue-db,catalogue-db,0.3333333333333333,1.0,True,0.0,0.0,False,0.0,False,0.0,False,True
re1_ss__carts_disk__4,re1_ss,disk,carts,1,1,1,0,0,carts,carts,carts,10-192-15-195-9100,0.3333333333333333,1.0,True,0.0,0.0,False,0.3333333333333333,True,0.3333333333333333,True,True
re1_ss__carts_disk__5,re1_ss,disk,carts,3,3,3,0,0,catalogue-db,catalogue-db,catalogue-db,catalogue-db,1.0,1.0,True,0.0,0.0,False,0.0,False,0.0,False,True
re1_ss__carts_loss__1,re1_ss,loss,carts,1,1,1,0,0,carts,carts,carts,front-end,0.0,0.0,False,0.0,0.0,False,0.0,False,0.0,False,False
re1_ss__carts_loss__2,re1_ss,loss,carts,1,1,1,0,0,carts,carts,carts,192-168-37-154-9100,0.0,0.0,False,0.0,0.0,False,0.0,False,0.0,False,False
re1_ss__carts_loss__3,re1_ss,loss,carts,4,4,3,1,1,192-168-15-8-9100,192-168-15-8-9100,192-168-15-8-9100,192-168-15-8-9100,0.3333333333333333,1.0,True,0.0,0.0,False,0.0,False,0.0,False,True
re1_ss__carts_loss__4,re1_ss,loss,carts,1,1,1,0,0,carts,carts,carts,front-end,0.3333333333333333,1.0,True,0.0,0.0,False,0.3333333333333333,True,0.3333333333333333,True,True
re1_ss__carts_loss__5,re1_ss,loss,carts,2,5,2,0,3,192-168-33-0-9100,192-168-33-0-9100,192-168-33-0-9100,192-168-33-0-9100,0.6666666666666666,1.0,True,0.0,0.0,False,0.0,False,0.0,False,True
re1_ss__carts_mem__1,re1_ss,mem,carts,1,1,1,0,0,carts,carts,carts,front-end,0.0,0.0,False,0.0,0.0,False,0.0,False,0.0,False,False
re1_ss__carts_mem__2,re1_ss,mem,carts,1,1,1,0,0,carts,carts,carts,front-end,0.0,0.0,False,0.0,0.0,False,0.0,False,0.0,False,False
re1_ss__carts_mem__3,re1_ss,mem,carts,1,1,1,0,0,carts,carts,carts,192-168-37-154-9100,0.0,0.0,False,0.0,0.0,False,0.0,False,0.0,False,False
re1_ss__carts_mem__4,re1_ss,mem,carts,1,1,1,0,0,carts,carts,carts,front-end,0.0,0.0,False,0.0,0.0,False,0.0,False,0.0,False,False
re1_ss__carts_mem__5,re1_ss,mem,carts,1,1,1,0,0,carts,carts,carts,192-168-27-60-9100,0.0,0.0,False,0.0,0.0,False,0.0,False,0.0,False,False
re1_ss__catalogue_cpu__1,re1_ss,cpu,catalogue,1,1,1,0,0,catalogue,catalogue,catalogue,192-168-37-154-9100,0.0,0.0,False,0.0,0.0,False,0.0,False,0.0,False,False
re1_ss__catalogue_cpu__2,re1_ss,cpu,catalogue,1,1,1,0,0,catalogue,catalogue,catalogue,192-168-33-0-9100,0.0,0.0,False,0.3333333333333333,1.0,True,0.0,False,0.0,False,True
re1_ss__catalogue_cpu__3,re1_ss,cpu,catalogue,1,1,1,0,0,catalogue,catalogue,catalogue,192-168-56-14-9100,0.0,0.0,False,0.0,0.0,False,0.0,False,0.0,False,False
re1_ss__catalogue_cpu__4,re1_ss,cpu,catalogue,1,1,1,0,0,catalogue,catalogue,catalogue,rabbitmq,0.3333333333333333,1.0,True,1.0,1.0,True,0.3333333333333333,True,0.3333333333333333,True,True
re1_ss__catalogue_cpu__5,re1_ss,cpu,catalogue,1,1,1,0,0,catalogue,catalogue,catalogue,queue-master,0.3333333333333333,1.0,True,0.0,0.0,False,0.3333333333333333,True,0.3333333333333333,True,True
re1_ss__catalogue_delay__1,re1_ss,delay,catalogue,1,1,1,0,0,catalogue,catalogue,catalogue,front-end,0.0,0.0,False,0.0,0.0,False,0.0,False,0.0,False,False
re1_ss__catalogue_delay__2,re1_ss,delay,catalogue,2,2,2,0,0,catalogue-db,catalogue-db,catalogue-db,catalogue-db,0.6666666666666666,1.0,True,0.3333333333333333,1.0,True,0.3333333333333333,True,0.3333333333333333,True,True
re1_ss__catalogue_delay__3,re1_ss,delay,catalogue,3,3,3,0,0,192-168-61-95-9100,192-168-61-95-9100,192-168-61-95-9100,192-168-61-95-9100,0.0,0.0,False,0.0,0.0,False,0.0,False,0.0,False,False
re1_ss__catalogue_delay__4,re1_ss,delay,catalogue,4,4,4,0,0,192-168-64-231-9100,192-168-64-231-9100,192-168-64-231-9100,192-168-64-231-9100,0.6666666666666666,1.0,True,0.0,0.0,False,0.0,False,0.0,False,True
re1_ss__catalogue_delay__5,re1_ss,delay,catalogue,2,2,2,0,0,192-168-64-231-9100,192-168-64-231-9100,192-168-64-231-9100,192-168-64-231-9100,0.0,0.0,False,0.0,0.0,False,0.0,False,0.0,False,False
re1_ss__catalogue_disk__1,re1_ss,disk,catalogue,1,1,1,0,0,catalogue,catalogue,catalogue,10-192-15-195-9100,0.0,0.0,False,0.20498614958448755,0.6149584487534626,True,0.0,False,0.0,False,True
re1_ss__catalogue_disk__2,re1_ss,disk,catalogue,1,1,1,0,0,catalogue,catalogue,catalogue,10-192-15-196-9100,0.0,0.0,False,0.0,0.0,False,0.0,False,0.0,False,False
re1_ss__catalogue_disk__3,re1_ss,disk,catalogue,1,1,1,0,0,catalogue,catalogue,catalogue,queue-master,0.0,0.0,False,0.0,0.0,False,0.0,False,0.0,False,False
re1_ss__catalogue_disk__4,re1_ss,disk,catalogue,1,1,1,0,0,catalogue,catalogue,catalogue,session-db,0.0,0.0,False,0.0,0.0,False,0.0,False,0.0,False,False
re1_ss__catalogue_disk__5,re1_ss,disk,catalogue,1,1,1,0,0,catalogue,catalogue,catalogue,queue-master,0.0,0.0,False,0.0,0.0,False,0.0,False,0.0,False,False
re1_ss__catalogue_loss__1,re1_ss,loss,catalogue,1,1,1,0,0,catalogue,catalogue,catalogue,queue-master,0.0,0.0,False,1.0,1.0,True,0.0,False,0.0,False,True
re1_ss__catalogue_loss__2,re1_ss,loss,catalogue,1,1,1,0,0,catalogue,catalogue,catalogue,front-end,0.0,0.0,False,0.0,0.0,False,0.0,False,0.0,False,False
re1_ss__catalogue_loss__3,re1_ss,loss,catalogue,1,1,2,-1,-1,catalogue,catalogue,payment,payment,0.3333333333333333,1.0,True,0.6666666666666666,1.0,True,0.3333333333333333,True,0.3333333333333333,True,True
re1_ss__catalogue_loss__4,re1_ss,loss,catalogue,1,1,1,0,0,catalogue,catalogue,catalogue,front-end,0.3333333333333333,1.0,True,0.0,0.0,False,0.3333333333333333,True,0.3333333333333333,True,True
re1_ss__catalogue_loss__5,re1_ss,loss,catalogue,3,1,1,2,0,payment,catalogue,catalogue,queue-master,0.0,0.0,False,0.3333333333333333,1.0,True,0.3333333333333333,True,0.0,False,True
re1_ss__catalogue_mem__1,re1_ss,mem,catalogue,1,1,1,0,0,catalogue,catalogue,catalogue,front-end,0.0,0.0,False,0.0,0.0,False,0.0,False,0.0,False,False
re1_ss__catalogue_mem__2,re1_ss,mem,catalogue,1,1,1,0,0,catalogue,catalogue,catalogue,192-168-15-8-9100,0.0,0.0,False,0.0,0.0,False,0.0,False,0.0,False,False
re1_ss__catalogue_mem__3,re1_ss,mem,catalogue,1,1,1,0,0,catalogue,catalogue,catalogue,192-168-37-154-9100,0.0,0.0,False,0.0,0.0,False,0.0,False,0.0,False,False
re1_ss__catalogue_mem__4,re1_ss,mem,catalogue,1,1,1,0,0,catalogue,catalogue,catalogue,front-end,0.0,0.0,False,0.0,0.0,False,0.0,False,0.0,False,False
re1_ss__catalogue_mem__5,re1_ss,mem,catalogue,1,1,1,0,0,catalogue,catalogue,catalogue,payment,0.0,0.0,False,0.3333333333333333,1.0,True,0.0,False,0.0,False,True
re1_ss__orders_cpu__1,re1_ss,cpu,orders,1,1,1,0,0,orders,orders,orders,192-168-33-0-9100,0.0,0.0,False,0.0,0.0,False,0.0,False,0.0,False,False
re1_ss__orders_cpu__2,re1_ss,cpu,orders,1,1,1,0,0,orders,orders,orders,front-end,0.0,0.0,False,0.3333333333333333,1.0,True,0.0,False,0.0,False,True
re1_ss__orders_cpu__3,re1_ss,cpu,orders,1,1,1,0,0,orders,orders,orders,catalogue,0.0,0.0,False,0.3333333333333333,1.0,True,0.0,False,0.0,False,True
re1_ss__orders_cpu__4,re1_ss,cpu,orders,1,1,1,0,0,orders,orders,orders,192-168-76-116-9100,0.0,0.0,False,0.0,0.0,False,0.0,False,0.0,False,False
re1_ss__orders_cpu__5,re1_ss,cpu,orders,1,1,1,0,0,orders,orders,orders,192-168-27-60-9100,0.0,0.0,False,0.0,0.0,False,0.0,False,0.0,False,False
re1_ss__orders_delay__1,re1_ss,delay,orders,1,1,1,0,0,orders,orders,orders,front-end,0.0,0.0,False,0.0,0.0,False,0.0,False,0.0,False,False
re1_ss__orders_delay__2,re1_ss,delay,orders,1,1,2,-1,-1,orders,orders,orders-db,orders-db,0.0,0.0,False,0.6666666666666666,1.0,True,0.0,False,0.0,False,True
re1_ss__orders_delay__3,re1_ss,delay,orders,2,1,1,1,0,user,orders,orders,user,0.0,0.0,False,0.3333333333333333,1.0,True,0.3333333333333333,True,0.0,False,True
re1_ss__orders_delay__4,re1_ss,delay,orders,1,1,1,0,0,orders,orders,orders,192-168-33-0-9100,0.0,0.0,False,0.0,0.0,False,0.0,False,0.0,False,False
re1_ss__orders_delay__5,re1_ss,delay,orders,1,1,1,0,0,orders,orders,orders,front-end,0.0,0.0,False,0.3333333333333333,1.0,True,0.0,False,0.0,False,True
re1_ss__orders_disk__1,re1_ss,disk,orders,1,1,1,0,0,orders,orders,orders,queue-master,0.3333333333333333,1.0,True,0.0,0.0,False,0.3333333333333333,True,0.3333333333333333,True,True
re1_ss__orders_disk__2,re1_ss,disk,orders,1,1,1,0,0,orders,orders,orders,10-192-15-196-9100,0.3333333333333333,1.0,True,0.0,0.0,False,0.3333333333333333,True,0.3333333333333333,True,True
re1_ss__orders_disk__3,re1_ss,disk,orders,1,1,1,0,0,orders,orders,orders,10-192-15-196-9100,0.3333333333333333,1.0,True,0.0,0.0,False,0.3333333333333333,True,0.3333333333333333,True,True
re1_ss__orders_disk__4,re1_ss,disk,orders,1,1,1,0,0,orders,orders,orders,10-192-15-196-9100,0.3333333333333333,1.0,True,0.0,0.0,False,0.3333333333333333,True,0.3333333333333333,True,True
re1_ss__orders_disk__5,re1_ss,disk,orders,1,1,1,0,0,orders,orders,orders,10-192-15-196-9100,0.3333333333333333,1.0,True,0.0,0.0,False,0.3333333333333333,True,0.3333333333333333,True,True
re1_ss__orders_loss__1,re1_ss,loss,orders,1,1,1,0,0,orders,orders,orders,front-end,0.0,0.0,False,0.0,0.0,False,0.0,False,0.0,False,False
re1_ss__orders_loss__2,re1_ss,loss,orders,1,1,1,0,0,orders,orders,orders,front-end,0.33240997229916897,0.997229916897507,True,0.33056325023084027,0.9916897506925207,True,0.33240997229916897,True,0.33240997229916897,True,True
re1_ss__orders_loss__3,re1_ss,loss,orders,2,3,2,0,1,192-168-56-14-9100,192-168-56-14-9100,192-168-56-14-9100,192-168-56-14-9100,0.0,0.0,False,0.0,0.0,False,0.0,False,0.0,False,False
re1_ss__orders_loss__4,re1_ss,loss,orders,4,4,2,2,2,192-168-64-231-9100,192-168-64-231-9100,192-168-64-231-9100,192-168-64-231-9100,0.0,0.0,False,0.0,0.0,False,0.0,False,0.0,False,False
re1_ss__orders_loss__5,re1_ss,loss,orders,4,4,4,0,0,192-168-64-231-9100,192-168-64-231-9100,192-168-64-231-9100,192-168-64-231-9100,0.3333333333333333,1.0,True,0.0,0.0,False,0.0,False,0.0,False,True
re1_ss__orders_mem__1,re1_ss,mem,orders,1,1,1,0,0,orders,orders,orders,192-168-15-8-9100,0.0,0.0,False,0.0,0.0,False,0.0,False,0.0,False,False
re1_ss__orders_mem__2,re1_ss,mem,orders,1,1,1,0,0,orders,orders,orders,front-end,0.0,0.0,False,0.0,0.0,False,0.0,False,0.0,False,False
re1_ss__orders_mem__3,re1_ss,mem,orders,1,1,1,0,0,orders,orders,orders,payment,0.0,0.0,False,0.3333333333333333,1.0,True,0.0,False,0.0,False,True
re1_ss__orders_mem__4,re1_ss,mem,orders,1,1,1,0,0,orders,orders,orders,192-168-15-8-9100,0.0,0.0,False,0.0,0.0,False,0.0,False,0.0,False,False
re1_ss__orders_mem__5,re1_ss,mem,orders,1,1,1,0,0,orders,orders,orders,front-end,0.0,0.0,False,0.0,0.0,False,0.0,False,0.0,False,False
re1_ss__payment_cpu__1,re1_ss,cpu,payment,1,1,1,0,0,payment,payment,payment,rabbitmq-exporter,0.0,0.0,False,0.3333333333333333,1.0,True,0.0,False,0.0,False,True
re1_ss__payment_cpu__2,re1_ss,cpu,payment,1,1,1,0,0,payment,payment,payment,192-168-33-0-9100,0.0,0.0,False,0.0,0.0,False,0.0,False,0.0,False,False
re1_ss__payment_cpu__3,re1_ss,cpu,payment,1,1,1,0,0,payment,payment,payment,192-168-76-116-9100,0.0,0.0,False,0.0,0.0,False,0.0,False,0.0,False,False
re1_ss__payment_cpu__4,re1_ss,cpu,payment,1,1,1,0,0,payment,payment,payment,orders,0.0,0.0,False,0.3333333333333333,1.0,True,0.0,False,0.0,False,True
re1_ss__payment_cpu__5,re1_ss,cpu,payment,1,1,1,0,0,payment,payment,payment,catalogue,0.3333333333333333,1.0,True,1.0,1.0,True,0.3333333333333333,True,0.3333333333333333,True,True
re1_ss__payment_delay__1,re1_ss,delay,payment,1,1,1,0,0,payment,payment,payment,orders,0.0,0.0,False,0.0,0.0,False,0.0,False,0.0,False,False
re1_ss__payment_delay__2,re1_ss,delay,payment,1,1,1,0,0,payment,payment,payment,192-168-33-0-9100,0.0,0.0,False,0.0,0.0,False,0.0,False,0.0,False,False
re1_ss__payment_delay__3,re1_ss,delay,payment,3,4,3,0,1,192-168-15-8-9100,192-168-15-8-9100,192-168-15-8-9100,192-168-15-8-9100,0.3333333333333333,1.0,True,0.0,0.0,False,0.0,False,0.0,False,True
re1_ss__payment_delay__4,re1_ss,delay,payment,3,3,3,0,0,192-168-15-8-9100,192-168-15-8-9100,192-168-15-8-9100,192-168-15-8-9100,0.0,0.0,False,0.0,0.0,False,0.0,False,0.0,False,False
re1_ss__payment_delay__5,re1_ss,delay,payment,1,1,1,0,0,payment,payment,payment,orders,0.3333333333333333,1.0,True,0.6648199445983379,1.0,True,0.3333333333333333,True,0.3333333333333333,True,True
re1_ss__payment_disk__1,re1_ss,disk,payment,1,1,1,0,0,payment,payment,payment,10-192-15-195-9100,0.0,0.0,False,0.0,0.0,False,0.0,False,0.0,False,False
re1_ss__payment_disk__2,re1_ss,disk,payment,1,1,1,0,0,payment,payment,payment,10-192-15-196-9100,0.0,0.0,False,0.0,0.0,False,0.0,False,0.0,False,False
re1_ss__payment_disk__3,re1_ss,disk,payment,1,1,1,0,0,payment,payment,payment,front-end,0.0,0.0,False,0.0,0.0,False,0.0,False,0.0,False,False
re1_ss__payment_disk__4,re1_ss,disk,payment,1,1,1,0,0,payment,payment,payment,10-192-15-196-9100,0.0,0.0,False,0.0,0.0,False,0.0,False,0.0,False,False
re1_ss__payment_disk__5,re1_ss,disk,payment,1,1,1,0,0,payment,payment,payment,10-192-15-197-9100,0.0,0.0,False,0.0,0.0,False,0.0,False,0.0,False,False
re1_ss__payment_loss__1,re1_ss,loss,payment,1,1,1,0,0,payment,payment,payment,orders,0.0,0.0,False,0.0,0.0,False,0.0,False,0.0,False,False
re1_ss__payment_loss__2,re1_ss,loss,payment,1,1,1,0,0,payment,payment,payment,orders,0.3333333333333333,1.0,True,0.0,0.0,False,0.3333333333333333,True,0.3333333333333333,True,True
re1_ss__payment_loss__3,re1_ss,loss,payment,1,1,1,0,0,payment,payment,payment,orders,0.3333333333333333,1.0,True,0.0,0.0,False,0.3333333333333333,True,0.3333333333333333,True,True
re1_ss__payment_loss__4,re1_ss,loss,payment,1,1,1,0,0,payment,payment,payment,orders,0.3333333333333333,1.0,True,0.0,0.0,False,0.3333333333333333,True,0.3333333333333333,True,True
re1_ss__payment_loss__5,re1_ss,loss,payment,1,1,1,0,0,payment,payment,payment,orders,0.3333333333333333,1.0,True,0.0,0.0,False,0.3333333333333333,True,0.3333333333333333,True,True
re1_ss__payment_mem__1,re1_ss,mem,payment,1,1,1,0,0,payment,payment,payment,orders,0.0,0.0,False,0.6666666666666666,1.0,True,0.0,False,0.0,False,True
re1_ss__payment_mem__2,re1_ss,mem,payment,1,1,1,0,0,payment,payment,payment,orders,0.0,0.0,False,0.0,0.0,False,0.0,False,0.0,False,False
re1_ss__payment_mem__3,re1_ss,mem,payment,1,1,1,0,0,payment,payment,payment,orders,0.0,0.0,False,0.33240997229916897,0.997229916897507,True,0.0,False,0.0,False,True
re1_ss__payment_mem__4,re1_ss,mem,payment,1,1,1,0,0,payment,payment,payment,orders,0.0,0.0,False,0.0,0.0,False,0.0,False,0.0,False,False
re1_ss__payment_mem__5,re1_ss,mem,payment,1,1,1,0,0,payment,payment,payment,orders,0.0,0.0,False,0.6666666666666666,1.0,True,0.0,False,0.0,False,True
re1_ss__user_cpu__1,re1_ss,cpu,user,1,1,1,0,0,user,user,user,orders,0.0,0.0,False,0.3296398891966759,0.9889196675900277,True,0.0,False,0.0,False,True
re1_ss__user_cpu__2,re1_ss,cpu,user,1,1,1,0,0,user,user,user,front-end,0.0,0.0,False,0.0,0.0,False,0.0,False,0.0,False,False
re1_ss__user_cpu__3,re1_ss,cpu,user,1,1,1,0,0,user,user,user,catalogue-db,0.3333333333333333,1.0,True,0.6666666666666666,1.0,True,0.3333333333333333,True,0.3333333333333333,True,True
re1_ss__user_cpu__4,re1_ss,cpu,user,1,1,1,0,0,user,user,user,192-168-33-39-9100,0.3333333333333333,1.0,True,0.0,0.0,False,0.3333333333333333,True,0.3333333333333333,True,True
re1_ss__user_cpu__5,re1_ss,cpu,user,1,1,1,0,0,user,user,user,front-end,0.0,0.0,False,0.0,0.0,False,0.0,False,0.0,False,False
re1_ss__user_delay__1,re1_ss,delay,user,2,2,2,0,0,192-168-15-8-9100,192-168-15-8-9100,192-168-15-8-9100,192-168-15-8-9100,0.0,0.0,False,0.0,0.0,False,0.0,False,0.0,False,False
re1_ss__user_delay__2,re1_ss,delay,user,1,1,1,0,0,user,user,user,front-end,0.0,0.0,False,0.0,0.0,False,0.0,False,0.0,False,False
re1_ss__user_delay__3,re1_ss,delay,user,1,1,1,0,0,user,user,user,orders,0.6657433056325023,1.0,True,0.3333333333333333,1.0,True,0.6657433056325023,True,0.6657433056325023,True,True
re1_ss__user_delay__4,re1_ss,delay,user,1,1,1,0,0,user,user,user,front-end,0.0,0.0,False,0.0,0.0,False,0.0,False,0.0,False,False
re1_ss__user_delay__5,re1_ss,delay,user,1,1,1,0,0,user,user,user,orders,0.6666666666666666,1.0,True,0.3314866112650046,0.9944598337950139,True,0.6666666666666666,True,0.6666666666666666,True,True
re1_ss__user_disk__1,re1_ss,disk,user,1,1,1,0,0,user,user,user,10-192-15-196-9100,0.0,0.0,False,0.0,0.0,False,0.0,False,0.0,False,False
re1_ss__user_disk__2,re1_ss,disk,user,1,1,1,0,0,user,user,user,10-192-15-196-9100,0.0,0.0,False,0.0,0.0,False,0.0,False,0.0,False,False
re1_ss__user_disk__3,re1_ss,disk,user,1,1,1,0,0,user,user,user,10-192-15-196-9100,0.0,0.0,False,0.0,0.0,False,0.0,False,0.0,False,False
re1_ss__user_disk__4,re1_ss,disk,user,1,1,1,0,0,user,user,user,payment,0.0,0.0,False,0.0,0.0,False,0.0,False,0.0,False,False
re1_ss__user_disk__5,re1_ss,disk,user,1,1,1,0,0,user,user,user,orders,0.0,0.0,False,0.0,0.0,False,0.0,False,0.0,False,False
re1_ss__user_loss__1,re1_ss,loss,user,1,1,1,0,0,user,user,user,192-168-33-39-9100,0.3333333333333333,1.0,True,0.0,0.0,False,0.3333333333333333,True,0.3333333333333333,True,True
re1_ss__user_loss__2,re1_ss,loss,user,1,1,1,0,0,user,user,user,front-end,0.0,0.0,False,0.0,0.0,False,0.0,False,0.0,False,False
re1_ss__user_loss__3,re1_ss,loss,user,4,6,7,-3,-1,192-168-95-91-9100,192-168-95-91-9100,192-168-95-91-9100,192-168-95-91-9100,0.6648199445983379,1.0,True,0.0,0.0,False,0.0,False,0.0,False,True
re1_ss__user_loss__4,re1_ss,loss,user,4,4,4,0,0,192-168-33-0-9100,192-168-33-0-9100,192-168-33-0-9100,192-168-33-0-9100,0.0,0.0,False,0.0,0.0,False,0.0,False,0.0,False,False
re1_ss__user_loss__5,re1_ss,loss,user,1,1,1,0,0,user,user,user,192-168-61-95-9100,0.0,0.0,False,0.6666666666666666,1.0,True,0.0,False,0.0,False,True
re1_ss__user_mem__1,re1_ss,mem,user,1,1,1,0,0,user,user,user,front-end,0.0,0.0,False,0.0,0.0,False,0.0,False,0.0,False,False
re1_ss__user_mem__2,re1_ss,mem,user,1,1,1,0,0,user,user,user,192-168-61-95-9100,0.0,0.0,False,0.0,0.0,False,0.0,False,0.0,False,False
re1_ss__user_mem__3,re1_ss,mem,user,1,1,1,0,0,user,user,user,front-end,0.0,0.0,False,0.0,0.0,False,0.0,False,0.0,False,False
re1_ss__user_mem__4,re1_ss,mem,user,1,1,1,0,0,user,user,user,rabbitmq-exporter,0.0,0.0,False,0.3333333333333333,1.0,True,0.0,False,0.0,False,True
re1_ss__user_mem__5,re1_ss,mem,user,1,1,1,0,0,user,user,user,orders-db,0.18651892890120036,0.5595567867036011,True,0.6666666666666666,1.0,True,0.18651892890120036,True,0.18651892890120036,True,True
re1_tt__ts-auth-service_cpu__1,re1_tt,cpu,ts-auth-service,1,1,1,0,0,ts-auth-service,ts-auth-service,ts-auth-service,192-168-76-138-9100,0.3333333333333333,1.0,True,0.0,0.0,False,0.3333333333333333,True,0.3333333333333333,True,True
re1_tt__ts-auth-service_cpu__2,re1_tt,cpu,ts-auth-service,1,1,1,0,0,ts-auth-service,ts-auth-service,ts-auth-service,192-168-45-158-9100,0.0,0.0,False,0.0,0.0,False,0.0,False,0.0,False,False
re1_tt__ts-auth-service_cpu__3,re1_tt,cpu,ts-auth-service,1,1,1,0,0,ts-auth-service,ts-auth-service,ts-auth-service,ts-train-mongo,0.0,0.0,False,0.3333333333333333,1.0,True,0.0,False,0.0,False,True
re1_tt__ts-auth-service_cpu__4,re1_tt,cpu,ts-auth-service,1,1,1,0,0,ts-auth-service,ts-auth-service,ts-auth-service,ts-ticket-office-service,0.0,0.0,False,0.3333333333333333,1.0,True,0.0,False,0.0,False,True
re1_tt__ts-auth-service_cpu__5,re1_tt,cpu,ts-auth-service,1,1,1,0,0,ts-auth-service,ts-auth-service,ts-auth-service,ts-train-mongo,0.0,0.0,False,0.6666666666666666,1.0,True,0.0,False,0.0,False,True
re1_tt__ts-auth-service_delay__1,re1_tt,delay,ts-auth-service,20,11,12,8,-1,ts-news-service,ts-news-service,ts-notification-service,ts-notification-service,0.0,0.0,False,1.0,1.0,True,0.0,False,0.0,False,True
re1_tt__ts-auth-service_delay__2,re1_tt,delay,ts-auth-service,26,36,8,18,28,ts-price-mongo,ts-price-mongo,ts-price-mongo,ts-price-mongo,0.0,0.0,False,0.6666666666666666,1.0,True,0.6666666666666666,True,0.6666666666666666,True,True
re1_tt__ts-auth-service_delay__3,re1_tt,delay,ts-auth-service,20,28,7,13,21,ts-food-map-mongo,ts-preserve-service,ts-preserve-service,ts-preserve-service,0.0,0.0,False,1.0,1.0,True,0.6666666666666666,True,1.0,True,True
re1_tt__ts-auth-service_delay__4,re1_tt,delay,ts-auth-service,8,9,8,0,1,192-168-51-251-9100,192-168-51-251-9100,192-168-51-251-9100,192-168-51-251-9100,0.0,0.0,False,0.3333333333333333,1.0,True,0.3333333333333333,True,0.3333333333333333,True,True
re1_tt__ts-auth-service_delay__5,re1_tt,delay,ts-auth-service,8,10,5,3,5,ts-order-other-mongo,ts-voucher-service,ts-order-other-mongo,ts-order-other-mongo,0.0,0.0,False,0.6666666666666666,1.0,True,0.6666666666666666,True,0.0,False,True
re1_tt__ts-auth-service_disk__1,re1_tt,disk,ts-auth-service,1,2,1,0,1,ts-auth-service,10-192-15-221-9100,ts-auth-service,10-192-15-221-9100,0.6666666666666666,1.0,True,0.0,0.0,False,0.6666666666666666,True,0.0,False,True
re1_tt__ts-auth-service_disk__2,re1_tt,disk,ts-auth-service,1,2,1,0,1,ts-auth-service,10-192-15-224-9100,ts-auth-service,10-192-15-224-9100,0.6666666666666666,1.0,True,0.0,0.0,False,0.6666666666666666,True,0.0,False,True
re1_tt__ts-auth-service_disk__3,re1_tt,disk,ts-auth-service,2,2,2,0,0,10-192-15-225-9100,10-192-15-225-9100,10-192-15-225-9100,10-192-15-225-9100,0.6666666666666666,1.0,True,0.0,0.0,False,0.0,False,0.0,False,True
re1_tt__ts-auth-service_disk__4,re1_tt,disk,ts-auth-service,2,2,2,0,0,10-192-15-224-9100,10-192-15-224-9100,10-192-15-224-9100,10-192-15-224-9100,0.6666666666666666,1.0,True,0.0,0.0,False,0.0,False,0.0,False,True
re1_tt__ts-auth-service_disk__5,re1_tt,disk,ts-auth-service,1,2,1,0,1,ts-auth-service,10-192-15-223-9100,ts-auth-service,10-192-15-223-9100,0.6666666666666666,1.0,True,0.0,0.0,False,0.6666666666666666,True,0.0,False,True
re1_tt__ts-auth-service_loss__1,re1_tt,loss,ts-auth-service,13,17,9,4,8,192-168-51-251-9100,192-168-51-251-9100,192-168-51-251-9100,192-168-51-251-9100,0.0,0.0,False,0.0,0.0,False,0.0,False,0.0,False,False
re1_tt__ts-auth-service_loss__2,re1_tt,loss,ts-auth-service,24,30,14,10,16,192-168-76-138-9100,192-168-76-138-9100,192-168-76-138-9100,192-168-76-138-9100,0.0,0.0,False,0.0,0.0,False,0.0,False,0.0,False,False
re1_tt__ts-auth-service_loss__3,re1_tt,loss,ts-auth-service,23,16,13,10,3,ts-price-mongo,ts-price-mongo,ts-config-mongo,ts-config-mongo,0.0,0.0,False,0.6666666666666666,1.0,True,0.6666666666666666,True,0.6666666666666666,True,True
re1_tt__ts-auth-service_loss__4,re1_tt,loss,ts-auth-service,22,28,7,15,21,192-168-29-237-9100,192-168-29-237-9100,192-168-29-237-9100,192-168-29-237-9100,0.638946638946639,1.0,True,0.0,0.0,False,0.0,False,0.0,False,True
re1_tt__ts-auth-service_loss__5,re1_tt,loss,ts-auth-service,24,36,6,18,30,ts-consign-price-mongo,ts-consign-price-mongo,ts-consign-price-mongo,ts-consign-price-mongo,0.0,0.0,False,0.0,0.0,False,0.0,False,0.0,False,False
re1_tt__ts-auth-service_mem__1,re1_tt,mem,ts-auth-service,1,1,1,0,0,ts-auth-service,ts-auth-service,ts-auth-service,192-168-29-237-9100,0.0,0.0,False,0.0,0.0,False,0.0,False,0.0,False,False
re1_tt__ts-auth-service_mem__2,re1_tt,mem,ts-auth-service,1,1,1,0,0,ts-auth-service,ts-auth-service,ts-auth-service,192-168-93-129-9100,0.3333333333333333,1.0,True,0.0,0.0,False,0.3333333333333333,True,0.3333333333333333,True,True
re1_tt__ts-auth-service_mem__3,re1_tt,mem,ts-auth-service,1,1,1,0,0,ts-auth-service,ts-auth-service,ts-auth-service,192-168-29-237-9100,0.0,0.0,False,0.0,0.0,False,0.0,False,0.0,False,False
re1_tt__ts-auth-service_mem__4,re1_tt,mem,ts-auth-service,1,1,1,0,0,ts-auth-service,ts-auth-service,ts-auth-service,192-168-93-129-9100,0.0,0.0,False,0.0,0.0,False,0.0,False,0.0,False,False
re1_tt__ts-auth-service_mem__5,re1_tt,mem,ts-auth-service,1,1,1,0,0,ts-auth-service,ts-auth-service,ts-auth-service,192-168-93-129-9100,0.3333333333333333,1.0,True,0.0,0.0,False,0.3333333333333333,True,0.3333333333333333,True,True
re1_tt__ts-order-service_cpu__1,re1_tt,cpu,ts-order-service,1,1,1,0,0,ts-order-service,ts-order-service,ts-order-service,ts-auth-mongo,0.21205821205821207,0.6361746361746362,True,0.3333333333333333,1.0,True,0.21205821205821207,True,0.21205821205821207,True,True
re1_tt__ts-order-service_cpu__2,re1_tt,cpu,ts-order-service,1,1,1,0,0,ts-order-service,ts-order-service,ts-order-service,ts-news-service,0.0,0.0,False,0.3333333333333333,1.0,True,0.0,False,0.0,False,True
re1_tt__ts-order-service_cpu__3,re1_tt,cpu,ts-order-service,1,1,1,0,0,ts-order-service,ts-order-service,ts-order-service,ts-assurance-mongo,0.0,0.0,False,0.3333333333333333,1.0,True,0.0,False,0.0,False,True
re1_tt__ts-order-service_cpu__4,re1_tt,cpu,ts-order-service,1,1,1,0,0,ts-order-service,ts-order-service,ts-order-service,ts-payment-mongo,0.0,0.0,False,0.3333333333333333,1.0,True,0.0,False,0.0,False,True
re1_tt__ts-order-service_cpu__5,re1_tt,cpu,ts-order-service,1,1,1,0,0,ts-order-service,ts-order-service,ts-order-service,192-168-29-237-9100,0.0,0.0,False,0.0,0.0,False,0.0,False,0.0,False,False
re1_tt__ts-order-service_delay__1,re1_tt,delay,ts-order-service,12,14,12,0,2,192-168-51-251-9100,192-168-51-251-9100,192-168-51-251-9100,192-168-51-251-9100,0.0,0.0,False,0.0,0.0,False,0.0,False,0.0,False,False
re1_tt__ts-order-service_delay__2,re1_tt,delay,ts-order-service,10,11,9,1,2,ts-preserve-service,ts-preserve-service,ts-preserve-service,ts-preserve-service,0.3333333333333333,1.0,True,1.0,1.0,True,1.0,True,1.0,True,True
re1_tt__ts-order-service_delay__3,re1_tt,delay,ts-order-service,5,6,4,1,2,192-168-93-129-9100,192-168-93-129-9100,192-168-93-129-9100,192-168-93-129-9100,0.0,0.0,False,0.0,0.0,False,0.0,False,0.0,False,False
re1_tt__ts-order-service_delay__4,re1_tt,delay,ts-order-service,5,6,5,0,1,192-168-45-158-9100,192-168-45-158-9100,192-168-45-158-9100,192-168-45-158-9100,0.0,0.0,False,0.0,0.0,False,0.0,False,0.0,False,False
re1_tt__ts-order-service_delay__5,re1_tt,delay,ts-order-service,1,1,1,0,0,ts-order-service,ts-order-service,ts-order-service,ts-inside-payment-service,0.0,0.0,False,0.0,0.0,False,0.0,False,0.0,False,False
re1_tt__ts-order-service_disk__1,re1_tt,disk,ts-order-service,1,2,1,0,1,ts-order-service,10-192-15-225-9100,ts-order-service,10-192-15-225-9100,0.3333333333333333,1.0,True,0.0,0.0,False,0.3333333333333333,True,0.0,False,True
re1_tt__ts-order-service_disk__2,re1_tt,disk,ts-order-service,1,2,1,0,1,ts-order-service,10-192-15-223-9100,ts-order-service,10-192-15-223-9100,0.3333333333333333,1.0,True,0.0,0.0,False,0.3333333333333333,True,0.0,False,True
re1_tt__ts-order-service_disk__3,re1_tt,disk,ts-order-service,1,2,1,0,1,ts-order-service,10-192-15-224-9100,ts-order-service,10-192-15-224-9100,0.3333333333333333,1.0,True,0.0,0.0,False,0.3333333333333333,True,0.0,False,True
re1_tt__ts-order-service_disk__4,re1_tt,disk,ts-order-service,2,2,1,1,1,10-192-15-219-9100,10-192-15-219-9100,ts-order-service,10-192-15-219-9100,0.3333333333333333,1.0,True,0.11634349030470914,0.3490304709141274,True,0.11634349030470914,True,0.11634349030470914,True,True
re1_tt__ts-order-service_disk__5,re1_tt,disk,ts-order-service,1,3,1,0,2,ts-order-service,10-192-15-225-9100,ts-order-service,10-192-15-225-9100,0.3333333333333333,1.0,True,0.0018467220683287165,0.00554016620498615,True,0.3333333333333333,True,0.0018467220683287165,True,True
re1_tt__ts-order-service_loss__1,re1_tt,loss,ts-order-service,3,2,2,1,0,ts-preserve-other-service,ts-preserve-other-service,ts-preserve-other-service,ts-preserve-other-service,0.0,0.0,False,1.0,1.0,True,1.0,True,1.0,True,True
re1_tt__ts-order-service_loss__2,re1_tt,loss,ts-order-service,3,2,2,1,0,192-168-29-237-9100,192-168-29-237-9100,192-168-29-237-9100,192-168-29-237-9100,0.24324324324324323,0.7297297297297297,True,0.0,0.0,False,0.0,False,0.0,False,True
re1_tt__ts-order-service_loss__3,re1_tt,loss,ts-order-service,1,1,1,0,0,ts-order-service,ts-order-service,ts-order-service,ts-config-mongo,0.0,0.0,False,0.3333333333333333,1.0,True,0.0,False,0.0,False,True
re1_tt__ts-order-service_loss__4,re1_tt,loss,ts-order-service,1,1,1,0,0,ts-order-service,ts-order-service,ts-order-service,ts-inside-payment-mongo,0.0,0.0,False,0.27234927234927236,0.817047817047817,True,0.0,False,0.0,False,True
re1_tt__ts-order-service_loss__5,re1_tt,loss,ts-order-service,3,3,2,1,1,192-168-29-237-9100,192-168-29-237-9100,192-168-29-237-9100,192-168-29-237-9100,0.0,0.0,False,0.0,0.0,False,0.0,False,0.0,False,False
re1_tt__ts-order-service_mem__1,re1_tt,mem,ts-order-service,1,1,1,0,0,ts-order-service,ts-order-service,ts-order-service,192-168-29-237-9100,0.3333333333333333,1.0,True,0.0,0.0,False,0.3333333333333333,True,0.3333333333333333,True,True
re1_tt__ts-order-service_mem__2,re1_tt,mem,ts-order-service,1,1,1,0,0,ts-order-service,ts-order-service,ts-order-service,192-168-45-158-9100,0.3333333333333333,1.0,True,0.0,0.0,False,0.3333333333333333,True,0.3333333333333333,True,True
re1_tt__ts-order-service_mem__3,re1_tt,mem,ts-order-service,1,1,1,0,0,ts-order-service,ts-order-service,ts-order-service,192-168-29-237-9100,0.3333333333333333,1.0,True,0.0,0.0,False,0.3333333333333333,True,0.3333333333333333,True,True
re1_tt__ts-order-service_mem__4,re1_tt,mem,ts-order-service,1,1,1,0,0,ts-order-service,ts-order-service,ts-order-service,192-168-29-237-9100,0.0,0.0,False,0.0,0.0,False,0.0,False,0.0,False,False
re1_tt__ts-order-service_mem__5,re1_tt,mem,ts-order-service,1,1,1,0,0,ts-order-service,ts-order-service,ts-order-service,192-168-51-251-9100,0.0,0.0,False,0.0,0.0,False,0.0,False,0.0,False,False
re1_tt__ts-route-service_cpu__1,re1_tt,cpu,ts-route-service,1,1,1,0,0,ts-route-service,ts-route-service,ts-route-service,192-168-45-158-9100,0.0,0.0,False,0.0,0.0,False,0.0,False,0.0,False,False
re1_tt__ts-route-service_cpu__2,re1_tt,cpu,ts-route-service,1,1,1,0,0,ts-route-service,ts-route-service,ts-route-service,ts-order-other-mongo,0.0,0.0,False,0.6666666666666666,1.0,True,0.0,False,0.0,False,True
re1_tt__ts-route-service_cpu__3,re1_tt,cpu,ts-route-service,1,1,1,0,0,ts-route-service,ts-route-service,ts-route-service,ts-consign-service,0.0,0.0,False,1.0,1.0,True,0.0,False,0.0,False,True
re1_tt__ts-route-service_cpu__4,re1_tt,cpu,ts-route-service,1,1,1,0,0,ts-route-service,ts-route-service,ts-route-service,ts-food-mongo,0.0,0.0,False,0.3333333333333333,1.0,True,0.0,False,0.0,False,True
re1_tt__ts-route-service_cpu__5,re1_tt,cpu,ts-route-service,1,1,1,0,0,ts-route-service,ts-route-service,ts-route-service,ts-order-other-mongo,0.0,0.0,False,0.3333333333333333,1.0,True,0.0,False,0.0,False,True
re1_tt__ts-route-service_delay__1,re1_tt,delay,ts-route-service,5,6,5,0,1,192-168-76-138-9100,192-168-76-138-9100,192-168-76-138-9100,192-168-76-138-9100,0.0,0.0,False,0.0,0.0,False,0.0,False,0.0,False,False
re1_tt__ts-route-service_delay__2,re1_tt,delay,ts-route-service,2,2,2,0,0,ts-admin-travel-service,ts-admin-travel-service,ts-admin-travel-service,ts-admin-travel-service,0.0,0.0,False,0.0,0.0,False,0.0,False,0.0,False,False
re1_tt__ts-route-service_delay__3,re1_tt,delay,ts-route-service,2,1,3,-1,-2,ts-ui-dashboard,ts-route-service,ts-ui-dashboard,ts-ui-dashboard,0.0,0.0,False,0.0,0.0,False,0.0,False,0.0,False,False
re1_tt__ts-route-service_delay__4,re1_tt,delay,ts-route-service,6,5,5,1,0,ts-food-mongo,ts-news-service,ts-travel-service,ts-travel-service,0.0,0.0,False,0.0,0.0,False,0.6666666666666666,True,0.3333333333333333,True,False
re1_tt__ts-route-service_delay__5,re1_tt,delay,ts-route-service,2,1,5,-3,-4,ts-auth-mongo,ts-route-service,ts-auth-mongo,ts-auth-mongo,0.0,0.0,False,0.6666666666666666,1.0,True,0.6666666666666666,True,0.0,False,True
re1_tt__ts-route-service_disk__1,re1_tt,disk,ts-route-service,1,1,1,0,0,ts-route-service,ts-route-service,ts-route-service,ts-preserve-other-service,0.6666666666666666,1.0,True,1.0,1.0,True,0.6666666666666666,True,0.6666666666666666,True,True
re1_tt__ts-route-service_disk__2,re1_tt,disk,ts-route-service,1,2,1,0,1,ts-route-service,10-192-15-221-9100,ts-route-service,10-192-15-221-9100,0.6666666666666666,1.0,True,0.0,0.0,False,0.6666666666666666,True,0.0,False,True
re1_tt__ts-route-service_disk__3,re1_tt,disk,ts-route-service,1,1,1,0,0,ts-route-service,ts-route-service,ts-route-service,ts-station-service,0.6666666666666666,1.0,True,0.0,0.0,False,0.6666666666666666,True,0.6666666666666666,True,True
re1_tt__ts-route-service_disk__4,re1_tt,disk,ts-route-service,1,1,1,0,0,ts-route-service,ts-route-service,ts-route-service,ts-admin-route-service,0.6666666666666666,1.0,True,0.0,0.0,False,0.6666666666666666,True,0.6666666666666666,True,True
re1_tt__ts-route-service_disk__5,re1_tt,disk,ts-route-service,1,2,1,0,1,ts-route-service,10-192-15-226-9100,ts-route-service,10-192-15-226-9100,0.6666666666666666,1.0,True,0.0,0.0,False,0.6666666666666666,True,0.0,False,True
re1_tt__ts-route-service_loss__1,re1_tt,loss,ts-route-service,3,1,4,-1,-3,ts-travel2-mongo,ts-route-service,ts-travel2-mongo,ts-travel2-mongo,0.0,0.0,False,0.6666666666666666,1.0,True,0.6666666666666666,True,0.0,False,True
re1_tt__ts-route-service_loss__2,re1_tt,loss,ts-route-service,4,2,2,2,0,ts-security-mongo,ts-security-mongo,ts-ui-dashboard,ts-ui-dashboard,0.0,0.0,False,0.0,0.0,False,0.6666666666666666,True,0.6666666666666666,True,False
re1_tt__ts-route-service_loss__3,re1_tt,loss,ts-route-service,3,2,3,0,-1,ts-auth-mongo,ts-notification-service,ts-admin-travel-service,ts-admin-travel-service,0.0,0.0,False,0.0,0.0,False,0.0,False,1.0,True,False
re1_tt__ts-route-service_loss__4,re1_tt,loss,ts-route-service,6,5,4,2,1,ts-news-service,ts-news-service,ts-travel-service,ts-travel-service,0.0,0.0,False,0.0,0.0,False,0.3333333333333333,True,0.3333333333333333,True,False
re1_tt__ts-route-service_loss__5,re1_tt,loss,ts-route-service,15,13,8,7,5,192-168-93-129-9100,192-168-93-129-9100,192-168-93-129-9100,192-168-93-129-9100,0.0,0.0,False,0.0,0.0,False,0.0,False,0.0,False,False
re1_tt__ts-route-service_mem__1,re1_tt,mem,ts-route-service,1,1,1,0,0,ts-route-service,ts-route-service,ts-route-service,192-168-29-237-9100,0.3333333333333333,1.0,True,0.0,0.0,False,0.3333333333333333,True,0.3333333333333333,True,True
re1_tt__ts-route-service_mem__2,re1_tt,mem,ts-route-service,1,1,1,0,0,ts-route-service,ts-route-service,ts-route-service,192-168-76-138-9100,0.3333333333333333,1.0,True,0.0,0.0,False,0.3333333333333333,True,0.3333333333333333,True,True
re1_tt__ts-route-service_mem__3,re1_tt,mem,ts-route-service,1,1,1,0,0,ts-route-service,ts-route-service,ts-route-service,192-168-29-237-9100,0.3333333333333333,1.0,True,0.0,0.0,False,0.3333333333333333,True,0.3333333333333333,True,True
re1_tt__ts-route-service_mem__4,re1_tt,mem,ts-route-service,1,1,1,0,0,ts-route-service,ts-route-service,ts-route-service,192-168-93-129-9100,0.0,0.0,False,0.0,0.0,False,0.0,False,0.0,False,False
re1_tt__ts-route-service_mem__5,re1_tt,mem,ts-route-service,1,1,1,0,0,ts-route-service,ts-route-service,ts-route-service,192-168-93-129-9100,0.0,0.0,False,0.0,0.0,False,0.0,False,0.0,False,False
re1_tt__ts-train-service_cpu__1,re1_tt,cpu,ts-train-service,1,1,1,0,0,ts-train-service,ts-train-service,ts-train-service,ts-price-mongo,0.0,0.0,False,0.6666666666666666,1.0,True,0.0,False,0.0,False,True
re1_tt__ts-train-service_cpu__2,re1_tt,cpu,ts-train-service,1,1,1,0,0,ts-train-service,ts-train-service,ts-train-service,192-168-51-251-9100,0.0,0.0,False,0.0,0.0,False,0.0,False,0.0,False,False
re1_tt__ts-train-service_cpu__3,re1_tt,cpu,ts-train-service,1,1,1,0,0,ts-train-service,ts-train-service,ts-train-service,ts-assurance-mongo,0.0,0.0,False,0.6666666666666666,1.0,True,0.0,False,0.0,False,True
re1_tt__ts-train-service_cpu__4,re1_tt,cpu,ts-train-service,1,1,1,0,0,ts-train-service,ts-train-service,ts-train-service,ts-consign-mongo,0.0,0.0,False,0.6666666666666666,1.0,True,0.0,False,0.0,False,True
re1_tt__ts-train-service_cpu__5,re1_tt,cpu,ts-train-service,1,1,1,0,0,ts-train-service,ts-train-service,ts-train-service,ts-price-mongo,0.0,0.0,False,0.3333333333333333,1.0,True,0.0,False,0.0,False,True
re1_tt__ts-train-service_delay__1,re1_tt,delay,ts-train-service,4,2,4,0,-2,192-168-45-158-9100,192-168-45-158-9100,192-168-45-158-9100,192-168-45-158-9100,0.0,0.0,False,0.0,0.0,False,0.0,False,0.0,False,False
re1_tt__ts-train-service_delay__2,re1_tt,delay,ts-train-service,2,2,2,0,0,ts-admin-travel-service,ts-admin-travel-service,ts-admin-travel-service,ts-admin-travel-service,0.0,0.0,False,1.0,1.0,True,1.0,True,1.0,True,True
re1_tt__ts-train-service_delay__3,re1_tt,delay,ts-train-service,5,3,5,0,-2,ts-ui-dashboard,ts-ui-dashboard,ts-ui-dashboard,ts-ui-dashboard,0.0,0.0,False,0.0,0.0,False,0.0,False,0.0,False,False
re1_tt__ts-train-service_delay__4,re1_tt,delay,ts-train-service,4,4,4,0,0,ts-travel-service,ts-travel-service,ts-travel-service,ts-travel-service,0.0,0.0,False,0.0,0.0,False,0.0,False,0.0,False,False
re1_tt__ts-train-service_delay__5,re1_tt,delay,ts-train-service,7,6,7,0,-1,192-168-29-237-9100,192-168-76-138-9100,192-168-29-237-9100,192-168-29-237-9100,0.0,0.0,False,0.0,0.0,False,0.0,False,0.0,False,False
re1_tt__ts-train-service_disk__1,re1_tt,disk,ts-train-service,2,4,2,0,2,10-192-15-225-9100,10-192-15-225-9100,10-192-15-225-9100,10-192-15-225-9100,0.3333333333333333,1.0,True,0.0,0.0,False,0.0,False,0.0,False,True
re1_tt__ts-train-service_disk__2,re1_tt,disk,ts-train-service,2,2,1,1,1,10-192-15-223-9100,10-192-15-223-9100,ts-train-service,10-192-15-223-9100,0.3333333333333333,1.0,True,0.0,0.0,False,0.0,False,0.0,False,True
re1_tt__ts-train-service_disk__3,re1_tt,disk,ts-train-service,1,1,1,0,0,ts-train-service,ts-train-service,ts-train-service,ts-preserve-other-service,0.3333333333333333,1.0,True,0.0,0.0,False,0.3333333333333333,True,0.3333333333333333,True,True
re1_tt__ts-train-service_disk__4,re1_tt,disk,ts-train-service,1,2,1,0,1,ts-train-service,10-192-15-222-9100,ts-train-service,10-192-15-222-9100,0.3333333333333333,1.0,True,0.0,0.0,False,0.3333333333333333,True,0.0,False,True
re1_tt__ts-train-service_disk__5,re1_tt,disk,ts-train-service,1,2,1,0,1,ts-train-service,10-192-15-222-9100,ts-train-service,10-192-15-222-9100,0.3333333333333333,1.0,True,0.0,0.0,False,0.3333333333333333,True,0.0,False,True
re1_tt__ts-train-service_loss__1,re1_tt,loss,ts-train-service,5,4,6,-1,-2,192-168-76-138-9100,192-168-76-138-9100,192-168-76-138-9100,192-168-76-138-9100,0.0,0.0,False,0.30353430353430355,0.9106029106029107,True,0.30353430353430355,True,0.30353430353430355,True,True
re1_tt__ts-train-service_loss__2,re1_tt,loss,ts-train-service,3,2,3,0,-1,192-168-45-158-9100,192-168-45-158-9100,192-168-45-158-9100,192-168-45-158-9100,0.0,0.0,False,0.0,0.0,False,0.0,False,0.0,False,False
re1_tt__ts-train-service_loss__3,re1_tt,loss,ts-train-service,3,1,4,-1,-3,ts-food-map-mongo,ts-train-service,ts-admin-travel-service,ts-admin-travel-service,0.0,0.0,False,0.0,0.0,False,0.3333333333333333,True,0.0,False,False
re1_tt__ts-train-service_loss__4,re1_tt,loss,ts-train-service,5,1,5,0,-4,ts-admin-travel-service,ts-train-service,ts-admin-travel-service,ts-admin-travel-service,0.0,0.0,False,0.0,0.0,False,0.0,False,0.0,False,False
re1_tt__ts-train-service_loss__5,re1_tt,loss,ts-train-service,4,1,5,-1,-4,ts-price-mongo,ts-train-service,ts-travel-service,ts-travel-service,0.0,0.0,False,0.0,0.0,False,0.6666666666666666,True,0.0,False,False
re1_tt__ts-train-service_mem__1,re1_tt,mem,ts-train-service,1,1,1,0,0,ts-train-service,ts-train-service,ts-train-service,192-168-93-129-9100,0.3333333333333333,1.0,True,0.0,0.0,False,0.3333333333333333,True,0.3333333333333333,True,True
re1_tt__ts-train-service_mem__2,re1_tt,mem,ts-train-service,1,1,1,0,0,ts-train-service,ts-train-service,ts-train-service,192-168-93-129-9100,0.3333333333333333,1.0,True,0.0,0.0,False,0.3333333333333333,True,0.3333333333333333,True,True
re1_tt__ts-train-service_mem__3,re1_tt,mem,ts-train-service,1,1,1,0,0,ts-train-service,ts-train-service,ts-train-service,192-168-45-158-9100,0.3333333333333333,1.0,True,0.0,0.0,False,0.3333333333333333,True,0.3333333333333333,True,True
re1_tt__ts-train-service_mem__4,re1_tt,mem,ts-train-service,1,1,1,0,0,ts-train-service,ts-train-service,ts-train-service,192-168-29-237-9100,0.0,0.0,False,0.0,0.0,False,0.0,False,0.0,False,False
re1_tt__ts-train-service_mem__5,re1_tt,mem,ts-train-service,1,1,1,0,0,ts-train-service,ts-train-service,ts-train-service,192-168-76-138-9100,0.3333333333333333,1.0,True,0.0,0.0,False,0.3333333333333333,True,0.3333333333333333,True,True
re1_tt__ts-travel-service_cpu__1,re1_tt,cpu,ts-travel-service,1,1,1,0,0,ts-travel-service,ts-travel-service,ts-travel-service,ts-travel-mongo,0.0,0.0,False,0.6666666666666666,1.0,True,0.0,False,0.0,False,True
re1_tt__ts-travel-service_cpu__2,re1_tt,cpu,ts-travel-service,1,1,1,0,0,ts-travel-service,ts-travel-service,ts-travel-service,ts-travel2-mongo,0.0,0.0,False,0.3333333333333333,1.0,True,0.0,False,0.0,False,True
re1_tt__ts-travel-service_cpu__3,re1_tt,cpu,ts-travel-service,1,1,1,0,0,ts-travel-service,ts-travel-service,ts-travel-service,192-168-76-138-9100,0.0,0.0,False,0.0,0.0,False,0.0,False,0.0,False,False
re1_tt__ts-travel-service_cpu__4,re1_tt,cpu,ts-travel-service,1,1,1,0,0,ts-travel-service,ts-travel-service,ts-travel-service,192-168-93-129-9100,0.0,0.0,False,0.0,0.0,False,0.0,False,0.0,False,False
re1_tt__ts-travel-service_cpu__5,re1_tt,cpu,ts-travel-service,1,1,1,0,0,ts-travel-service,ts-travel-service,ts-travel-service,ts-auth-mongo,0.0,0.0,False,0.6666666666666666,1.0,True,0.0,False,0.0,False,True
re1_tt__ts-travel-service_delay__1,re1_tt,delay,ts-travel-service,9,10,7,2,3,192-168-93-129-9100,192-168-93-129-9100,192-168-93-129-9100,192-168-93-129-9100,0.0,0.0,False,0.0,0.0,False,0.0,False,0.0,False,False
re1_tt__ts-travel-service_delay__2,re1_tt,delay,ts-travel-service,21,14,10,11,4,ts-config-mongo,ts-consign-price-mongo,ts-consign-price-mongo,ts-consign-price-mongo,0.0,0.0,False,0.3333333333333333,1.0,True,0.6666666666666666,True,0.3333333333333333,True,True
re1_tt__ts-travel-service_delay__3,re1_tt,delay,ts-travel-service,2,1,2,0,-1,ts-admin-travel-service,ts-travel-service,ts-admin-travel-service,ts-admin-travel-service,0.0,0.0,False,0.0,0.0,False,0.0,False,0.0,False,False
re1_tt__ts-travel-service_delay__4,re1_tt,delay,ts-travel-service,1,1,1,0,0,ts-travel-service,ts-travel-service,ts-travel-service,ts-admin-travel-service,0.0,0.0,False,0.0,0.0,False,0.0,False,0.0,False,False
re1_tt__ts-travel-service_delay__5,re1_tt,delay,ts-travel-service,1,1,1,0,0,ts-travel-service,ts-travel-service,ts-travel-service,ts-ui-dashboard,0.0,0.0,False,0.0,0.0,False,0.0,False,0.0,False,False
re1_tt__ts-travel-service_disk__1,re1_tt,disk,ts-travel-service,1,2,1,0,1,ts-travel-service,10-192-15-226-9100,ts-travel-service,10-192-15-226-9100,0.3333333333333333,1.0,True,0.0,0.0,False,0.3333333333333333,True,0.0,False,True
re1_tt__ts-travel-service_disk__2,re1_tt,disk,ts-travel-service,1,1,1,0,0,ts-travel-service,ts-travel-service,ts-travel-service,ts-basic-service,0.6666666666666666,1.0,True,0.0,0.0,False,0.6666666666666666,True,0.6666666666666666,True,True
re1_tt__ts-travel-service_disk__3,re1_tt,disk,ts-travel-service,1,1,1,0,0,ts-travel-service,ts-travel-service,ts-travel-service,ts-ui-dashboard,0.6666666666666666,1.0,True,0.3333333333333333,1.0,True,0.6666666666666666,True,0.6666666666666666,True,True
re1_tt__ts-travel-service_disk__4,re1_tt,disk,ts-travel-service,2,2,2,0,0,10-192-15-223-9100,10-192-15-223-9100,10-192-15-223-9100,10-192-15-223-9100,0.6666666666666666,1.0,True,0.0,0.0,False,0.0,False,0.0,False,True
re1_tt__ts-travel-service_disk__5,re1_tt,disk,ts-travel-service,1,2,1,0,1,ts-travel-service,10-192-15-225-9100,ts-travel-service,10-192-15-225-9100,0.6666666666666666,1.0,True,0.0018467220683287165,0.00554016620498615,True,0.6666666666666666,True,0.0018467220683287165,True,True
re1_tt__ts-travel-service_loss__1,re1_tt,loss,ts-travel-service,4,5,3,1,2,ts-ui-dashboard,ts-ui-dashboard,ts-ui-dashboard,ts-ui-dashboard,0.0,0.0,False,0.0,0.0,False,0.0,False,0.0,False,False
re1_tt__ts-travel-service_loss__2,re1_tt,loss,ts-travel-service,35,32,43,-8,-11,ts-auth-mongo,ts-auth-mongo,ts-auth-mongo,ts-auth-mongo,0.3333333333333333,1.0,True,0.3333333333333333,1.0,True,0.3333333333333333,True,0.3333333333333333,True,True
re1_tt__ts-travel-service_loss__3,re1_tt,loss,ts-travel-service,4,3,3,1,0,192-168-45-158-9100,192-168-45-158-9100,192-168-45-158-9100,192-168-45-158-9100,0.32432432432432434,0.972972972972973,True,0.0,0.0,False,0.0,False,0.0,False,True
re1_tt__ts-travel-service_loss__4,re1_tt,loss,ts-travel-service,3,2,1,2,1,ts-food-service,ts-food-service,ts-travel-service,ts-admin-travel-service,0.0,0.0,False,0.0,0.0,False,0.0,False,0.0,False,False
re1_tt__ts-travel-service_loss__5,re1_tt,loss,ts-travel-service,8,7,3,5,4,192-168-29-237-9100,192-168-29-237-9100,192-168-29-237-9100,192-168-29-237-9100,0.0,0.0,False,0.0,0.0,False,0.0,False,0.0,False,False
re1_tt__ts-travel-service_mem__1,re1_tt,mem,ts-travel-service,1,1,1,0,0,ts-travel-service,ts-travel-service,ts-travel-service,ts-food-map-mongo,0.3333333333333333,1.0,True,0.6666666666666666,1.0,True,0.3333333333333333,True,0.3333333333333333,True,True
re1_tt__ts-travel-service_mem__2,re1_tt,mem,ts-travel-service,1,1,1,0,0,ts-travel-service,ts-travel-service,ts-travel-service,192-168-29-237-9100,0.3333333333333333,1.0,True,0.0,0.0,False,0.3333333333333333,True,0.3333333333333333,True,True
re1_tt__ts-travel-service_mem__3,re1_tt,mem,ts-travel-service,1,1,1,0,0,ts-travel-service,ts-travel-service,ts-travel-service,192-168-93-129-9100,0.3333333333333333,1.0,True,0.0,0.0,False,0.3333333333333333,True,0.3333333333333333,True,True
re1_tt__ts-travel-service_mem__4,re1_tt,mem,ts-travel-service,1,1,1,0,0,ts-travel-service,ts-travel-service,ts-travel-service,192-168-93-129-9100,0.3333333333333333,1.0,True,0.0,0.0,False,0.3333333333333333,True,0.3333333333333333,True,True
re1_tt__ts-travel-service_mem__5,re1_tt,mem,ts-travel-service,1,1,1,0,0,ts-travel-service,ts-travel-service,ts-travel-service,ts-travel2-mongo,0.3333333333333333,1.0,True,0.6666666666666666,1.0,True,0.3333333333333333,True,0.3333333333333333,True,True
