ar_rank,case_id,dataset,fault_type,median_top3_union_ar_early_to_late_decay_fraction,median_top3_union_ar_initial_to_late_decay_fraction,median_top3_union_ar_initial_to_late_retention_ratio,median_top3_union_ar_late_to_early_shift_ratio,median_top3_union_ar_score_minus_raw_score,median_top3_union_raw_late_to_early_shift_ratio,median_top3_union_raw_shift_abs,median_top3_union_raw_shift_sign_consistency,median_top3_union_signal_retention_ratio,median_top3_union_sum_phi,movement,n_root_metrics,n_service_top3_union_metrics,rank_delta,raw_rank,root_cause_service
2,re1_ob__adservice_cpu__1,re1_ob,cpu,7.830280945420043e-06,-264.72385717510747,265.72385717510747,0.9999921697190546,-883.4015543413989,0.9391727877278269,98.32167820790008,0.9966666666666667,0.11220677959487949,0.7914434600568201,same,4,3,0,2,adservice
1,re1_ob__adservice_cpu__2,re1_ob,cpu,0.25380259221062174,-0.9450208575968075,1.9450208575968075,0.7461974077893783,-634.3839886235019,0.9859894921190894,98.3639433832639,1.0,0.2947287150281449,0.7052629646133685,same,4,3,0,1,adservice
2,re1_ob__adservice_cpu__3,re1_ob,cpu,0.05319625311866383,-534.5140876165524,535.5140876165524,0.9468037468813362,-975.9258732173339,0.9467997939792762,98.36297558599935,1.0,0.10676845115732089,0.8310099038015993,worsened,4,3,-1,1,adservice
1,re1_ob__adservice_cpu__4,re1_ob,cpu,-0.09734172592957635,0.9727004296909896,0.02729957030901046,1.0973417259295764,-1355.1140236108304,1.1775353002336557,94.22378434549549,0.9866666666666667,0.02274144466958365,0.9772585553304153,same,4,3,0,1,adservice
2,re1_ob__adservice_cpu__5,re1_ob,cpu,-0.044936894464501775,,,1.0449368944645019,-1332.5829091997339,1.0869955156950672,92.98034517519366,0.9916666666666667,0.02263039960113052,0.9774316096909157,same,4,3,0,2,adservice
1,re1_ob__adservice_delay__1,re1_ob,delay,-0.003220704438583688,-6077.208074282988,6078.208074282988,1.0032207044385837,-49.104549973372514,1.069350663109213,0.215334358974359,0.7617728531855956,0.5074342358989867,0.8099212054344731,same,4,3,0,1,adservice
3,re1_ob__adservice_delay__2,re1_ob,delay,-0.07068765308579805,0.5981317291302457,0.40186827086975435,1.070687653085798,-18.810131700007673,1.070862164362233,1.1132193884806898,0.6952908587257618,0.20988485990448966,0.7538670699994928,improved,4,4,1,4,adservice
3,re1_ob__adservice_delay__3,re1_ob,delay,-0.0021533624446021804,,,1.0021533624446022,-71.09382077127663,1.7546103828040858,0.10994551938284457,0.9224376731301939,0.13233911581375438,0.8331643204058503,worsened,4,4,-1,2,adservice
3,re1_ob__adservice_delay__4,re1_ob,delay,-0.004135367344446195,,,1.0041353673444462,-74.67531108659131,1.3728393261986946,0.10939412024935008,1.0,0.10649987087343969,0.7392819047048533,worsened,4,4,-1,2,adservice
1,re1_ob__adservice_delay__5,re1_ob,delay,-0.3655883655296749,-5869.426228137192,5870.426228137192,1.3655883655296748,-24.98249387260148,1.365586615260677,0.21565733855185915,0.9903047091412742,0.523701550302402,0.0008099080304214672,same,4,3,0,1,adservice
1,re1_ob__adservice_disk__1,re1_ob,disk,-0.0011767974090746147,-91.44087697358732,92.44087697358732,1.0011767974090746,-412.32080160822943,1.0002772509293412,26.75514279747633,0.9944598337950139,0.2393054568546996,0.7606214809225169,same,5,3,0,1,adservice
1,re1_ob__adservice_disk__2,re1_ob,disk,-0.007575726047099496,,,1.0075757260470994,-511.63225529364536,0.989621471455747,25.933499608227798,0.9916897506925207,0.20636633160803097,0.7941613866993713,same,5,3,0,1,adservice
1,re1_ob__adservice_disk__3,re1_ob,disk,-0.07335987855585135,-8.16817956813448,9.16817956813448,1.0733598785558514,-360.4545671531914,1.0010206651761306,26.541094519183364,0.9944598337950139,0.17315760958824253,0.8268703236631999,same,5,3,0,1,adservice
1,re1_ob__adservice_disk__4,re1_ob,disk,-0.044092354070577766,,,1.0440923540705778,-395.9309626871204,1.0423799282969812,26.77742094093593,0.9750692520775623,0.2606151620090973,0.739378279230967,same,5,3,0,1,adservice
1,re1_ob__adservice_disk__5,re1_ob,disk,-0.012461405096174438,-80.6767268334154,81.6767268334154,1.0124614050961744,-301.6114968077127,1.010443827216381,26.791735386608504,0.9806094182825484,0.22522996448349034,0.7751812593071282,same,5,3,0,1,adservice
1,re1_ob__adservice_loss__1,re1_ob,loss,0.008652822480267108,-3710.655081154914,3711.655081154914,0.9913471775197329,-24.825845543668038,1.3782369191367492,0.1635861298248323,0.961218836565097,0.503622629327578,0.8967613989645903,same,4,3,0,1,adservice
2,re1_ob__adservice_loss__2,re1_ob,loss,0.3431840881565167,,,0.6568159118434833,-237.47341240990613,0.8651603981227584,0.03689291962859498,1.0,0.27254570233150427,0.7648448659444368,same,4,3,0,2,adservice
1,re1_ob__adservice_loss__3,re1_ob,loss,-0.4115270839346431,-0.1166464155528788,1.1166464155528788,1.4115270839346432,-260.17828491563614,1.4141567055517101,0.0020031219180581816,1.0,0.5122459519089813,0.8198907683617541,same,4,3,0,1,adservice
1,re1_ob__adservice_loss__4,re1_ob,loss,-0.2861510249335022,-1.9238940213513878,2.923894021351388,1.2861510249335022,-22.090463606167077,1.2865797570336215,0.00877306986858245,0.5955678670360111,1.0003056321313903,0.8662012628466859,same,4,3,0,1,adservice
1,re1_ob__adservice_loss__5,re1_ob,loss,0.32975204260599794,0.2333713144467926,0.7666286855532074,0.6702479573940021,-183.27700933765345,0.8511736801737806,0.03110324376378859,0.8088642659279779,0.22471106768946114,0.7684994827671336,same,4,3,0,1,adservice
1,re1_ob__adservice_mem__1,re1_ob,mem,-0.010863072767200999,-42.68080527337111,43.68080527337111,1.010863072767201,-806.1486870568115,1.0213827575588532,90.16882058286873,0.99,0.017935422961246006,0.9827969405196442,same,4,3,0,1,adservice
3,re1_ob__adservice_mem__2,re1_ob,mem,-0.0587224192064677,,,1.0587224192064677,-603.5665018283858,1.0587224192064677,87.79539308358366,0.9816666666666667,0.018678888367118056,0.9813211116328819,worsened,4,3,-1,2,adservice
1,re1_ob__adservice_mem__3,re1_ob,mem,0.0037159139869888946,-36.282758289145235,37.282758289145235,0.9962840860130111,-895.0339477312418,0.9973537568400721,90.58995311785962,0.9816666666666667,0.03102034748874549,0.9690342856025895,same,4,3,0,1,adservice
2,re1_ob__adservice_mem__4,re1_ob,mem,0.05806880667595837,,,0.9419311933240416,-827.3438006016977,1.003847070719633,90.00195165433364,1.0,0.017337686318540824,0.9821606893604617,same,4,3,0,2,adservice
2,re1_ob__adservice_mem__5,re1_ob,mem,-0.07574210318759689,-47.97696414244959,48.97696414244959,1.0757421031875969,-566.6147144491088,1.0130373734648925,88.20119914674034,0.98,0.007166881360562424,0.9928331113941724,same,4,3,0,2,adservice
2,re1_ob__cartservice_cpu__1,re1_ob,cpu,0.0034366445700651505,-56.01827989548494,57.01827989548494,0.9965633554299349,-1449.5506187323876,0.9961403738126258,90.92646965458754,1.0,0.04734752549521226,0.9610905432246182,worsened,4,3,-1,1,cartservice
2,re1_ob__cartservice_cpu__2,re1_ob,cpu,-0.0019597281456539273,0.6716685395788152,0.3283314604211848,1.0019597281456538,-663.9268776918905,1.000775270396857,49.48332167572186,0.8941666666666667,0.07731072256439403,0.9227805761102328,same,4,4,0,2,cartservice
2,re1_ob__cartservice_cpu__3,re1_ob,cpu,-0.008083098137026568,-36.846424942430865,37.846424942430865,1.0080830981370266,-1391.829507079608,1.0078472614927545,90.91524865343625,0.9766666666666667,0.06042610276115362,0.9584866874399184,same,4,3,0,2,cartservice
3,re1_ob__cartservice_cpu__4,re1_ob,cpu,-0.005480732180722647,-80.79147071166135,81.79147071166135,1.0054807321807226,-1327.9355982806028,1.0055340818264569,90.83752579120753,1.0,0.0707842896438588,0.9405035612229875,same,4,3,0,3,cartservice
2,re1_ob__cartservice_cpu__5,re1_ob,cpu,-0.0014669661775016385,,,1.0014669661775017,-600.8945608881081,1.0045755071129676,48.50621646427656,0.9025000000000001,0.09112089534705828,0.9089464490884491,same,4,4,0,2,cartservice
2,re1_ob__cartservice_delay__1,re1_ob,delay,0.03880986166053835,-1909.5531182086804,1910.5531182086804,0.9611901383394617,-52.99440526763169,0.9596265042418384,4.353353105573354,0.871191135734072,0.04183756692551933,0.47876570462158546,same,4,4,0,2,cartservice
5,re1_ob__cartservice_delay__2,re1_ob,delay,0.03089358833929856,,,0.9691064116607014,-27.75468440513707,1.0730355876931423,6.302875976590247,0.7160664819944599,0.08131645321953095,0.9132269641439906,improved,4,4,1,6,cartservice
5,re1_ob__cartservice_delay__3,re1_ob,delay,-0.06200530589810693,,,1.062005305898107,-12.424795816831363,1.0592350334549294,6.246135357716898,0.7382271468144044,0.09174045978120902,0.9054677187633888,same,4,4,0,5,cartservice
2,re1_ob__cartservice_delay__4,re1_ob,delay,-0.08366198196566432,,,1.0836619819656643,-135.84976605859185,1.1814883979642914,4.493429978103091,0.8642659279778393,0.06353763182280295,0.9324131903227277,improved,4,4,1,3,cartservice
4,re1_ob__cartservice_delay__5,re1_ob,delay,-0.020826354523746593,0.6766443221867968,0.32335567781320323,1.0208263545237466,-195.3691730586131,1.0252301938737385,6.450860335368747,0.9667590027700832,0.11080327170582456,0.9227816686936715,worsened,4,4,-1,3,cartservice
3,re1_ob__cartservice_disk__1,re1_ob,disk,-0.008764351800158998,-6.249551988933603,7.249551988933603,1.008764351800159,-471.6494353575281,1.0100473145395918,22.08987492333776,0.9667590027700831,0.05797465002676812,0.9421274394469011,worsened,4,3,-2,1,cartservice
2,re1_ob__cartservice_disk__2,re1_ob,disk,-0.004750555472635698,,,1.0047505554726357,-697.6106360385834,1.0044716475758877,21.768890517228936,1.0,0.03460707063821092,0.9638951790290063,worsened,4,3,-1,1,cartservice
2,re1_ob__cartservice_disk__3,re1_ob,disk,-0.008108108108001666,,,1.0081081081080017,-612.6563885922628,1.008108108108108,22.383277723089773,0.9806094182825484,0.022854227931407765,0.977114929655732,same,4,3,0,2,cartservice
1,re1_ob__cartservice_disk__4,re1_ob,disk,-0.0031117533421334276,,,1.0031117533421334,-629.6214723377107,1.002737850787132,20.578639441813003,0.9833795013850416,0.09167092802894872,0.907359027715028,same,4,3,0,1,cartservice
1,re1_ob__cartservice_disk__5,re1_ob,disk,0.08636756207001861,-80.51394232680761,81.51394232680761,0.9136324379299814,-668.889583005074,1.0049140025327745,21.48954155430284,0.9833795013850416,0.09251950553011293,0.9067353437892824,same,4,3,0,1,cartservice
1,re1_ob__cartservice_loss__1,re1_ob,loss,0.18974863305715695,-951.078566047676,952.078566047676,0.810251366942843,-117.47865834173257,0.8832249347467802,2.3689335021362434,0.9875346260387812,0.02035483797559213,0.6751511878803842,same,5,4,0,1,cartservice
9,re1_ob__cartservice_loss__2,re1_ob,loss,-0.0024353867288480213,0.9169342015144873,0.08306579848551263,1.002435386728848,-32.622942975901424,0.8275544975587291,0.3580653948912378,0.7257617728531855,0.021585355613259617,0.9400438796429992,worsened,4,4,-2,7,cartservice
2,re1_ob__cartservice_loss__3,re1_ob,loss,0.04070323110868801,0.7387558887721748,0.26124411122782526,0.959296768891312,-49.791875721146766,0.9738532667502552,1.2481925253516217,0.7950138504155124,0.05680144831368764,0.7717993157649419,same,4,4,0,2,cartservice
2,re1_ob__cartservice_loss__4,re1_ob,loss,0.014270330154146915,,,0.9857296698458531,-3.123365071494902,1.0030165727439775,1.079630633709172,0.6135734072022161,0.292159431439591,0.8081277042810584,same,4,4,0,2,cartservice
1,re1_ob__cartservice_loss__5,re1_ob,loss,-0.08845868627604636,0.9956908307108562,0.004309169289143825,1.0884586862760464,36.07415959101027,1.0859556494287368,1.0906943198014252,0.8047091412742382,0.980210616838775,0.47084203853203677,improved,4,4,2,3,cartservice
2,re1_ob__cartservice_mem__1,re1_ob,mem,-0.004393114463486336,,,1.0043931144634863,-1059.47778626957,1.005941983423701,82.61192132726063,0.9883333333333333,0.03527274161060001,0.9647272583894002,same,4,3,0,2,cartservice
2,re1_ob__cartservice_mem__2,re1_ob,mem,-0.0017672042958427614,-83.79823028134925,84.79823028134925,1.0017672042958428,-985.2207161784427,1.0030285816808477,82.89686809026124,0.9833333333333333,0.07412326067994764,0.9258767393200523,same,4,3,0,2,cartservice
1,re1_ob__cartservice_mem__3,re1_ob,mem,-0.0070261143759322575,-51.56821298621012,52.56821298621012,1.0070261143759323,-1306.813530795289,1.0070801162294987,82.84539396885255,1.0,0.06386420148912857,0.936164201979296,same,4,3,0,1,cartservice
2,re1_ob__cartservice_mem__4,re1_ob,mem,-0.1252390280378617,,,1.1252390280378617,-1032.8709035903266,1.1431746861924685,83.44535385786696,1.0,0.026271917597201818,0.9737276200887997,worsened,4,3,-1,1,cartservice
2,re1_ob__cartservice_mem__5,re1_ob,mem,-0.011474798404872422,,,1.0114747984048724,-1086.4471269394435,0.999964796479648,83.22094731408697,1.0,0.0670757955157924,0.9331495944555369,same,4,3,0,2,cartservice
1,re1_ob__checkoutservice_cpu__1,re1_ob,cpu,-0.0053031795603782905,,,1.0053031795603782,-1285.7512677621216,1.0017642931114659,98.81881801034876,0.9966666666666667,0.08026949425217865,0.948558807107045,same,4,3,0,1,checkoutservice
1,re1_ob__checkoutservice_cpu__2,re1_ob,cpu,0.007498132422327053,,,0.9925018675776729,-740.3765327593177,0.9924966171070577,50.150176348539055,0.7666666666666666,0.055556261940481855,0.9443730446509306,same,4,4,0,1,checkoutservice
2,re1_ob__checkoutservice_cpu__3,re1_ob,cpu,-0.0013784466794137806,-253.97138605072675,254.97138605072675,1.0013784466794138,-629.6475709551366,1.0041645599818558,49.439880079249406,0.9666666666666667,0.06825650167552291,0.9317383343902699,same,4,4,0,2,checkoutservice
2,re1_ob__checkoutservice_cpu__4,re1_ob,cpu,0.0019382545473731194,-137.07329798955473,138.07329798955473,0.9980617454526268,-1287.2586710631872,0.9940833059561336,98.670278769006,1.0,0.06154872981186672,0.9611721301025508,worsened,4,3,-1,1,checkoutservice
1,re1_ob__checkoutservice_cpu__5,re1_ob,cpu,-0.0070715410547953494,-77.06454609215066,78.06454609215066,1.0070715410547955,-756.0293773848392,1.008454923230028,49.26288744127528,0.9866666666666667,0.0582868980094092,0.9416952674444365,same,4,4,0,1,checkoutservice
1,re1_ob__checkoutservice_delay__1,re1_ob,delay,-0.031920539452434005,-1309.6847687539014,1310.6847687539014,1.031920539452434,-31.103463480927076,1.0313335050500545,4.37209510955859,0.9722991689750693,0.1704066371122555,0.6703228061866278,same,4,3,0,1,checkoutservice
4,re1_ob__checkoutservice_delay__2,re1_ob,delay,-0.48676203486716885,,,1.4867620348671688,-141.1479410961149,1.4385964912280702,3.1745144943330423,0.9349030470914127,0.1421621992380722,0.8489077798499474,improved,4,4,1,5,checkoutservice
7,re1_ob__checkoutservice_delay__3,re1_ob,delay,0.05914155568893553,-0.4306114851567573,1.4306114851567573,0.9408584443110645,-142.9219246962066,0.9990053068488473,4.350007911392405,0.8670360110803325,0.09547241377516139,0.9044117510590194,worsened,4,3,-3,4,checkoutservice
4,re1_ob__checkoutservice_delay__4,re1_ob,delay,-0.17379938163550301,,,1.173799381635503,-192.49287098016083,1.1692307692307693,3.1939348500346147,0.9501385041551247,0.11514932967988685,0.8838160221847479,same,4,4,0,4,checkoutservice
5,re1_ob__checkoutservice_delay__5,re1_ob,delay,0.04642128025225506,-0.22753322586785685,1.2275332258678568,0.953578719747745,-65.24653312041164,0.8876428702129674,3.1779398649952038,0.778393351800554,0.10090123557877424,0.8375965915869217,worsened,4,4,-2,3,checkoutservice
1,re1_ob__checkoutservice_disk__1,re1_ob,disk,-0.015538913073996463,-0.29691799322707135,1.2969179932270714,1.0155389130739965,-676.9907446666643,1.0199004975124377,27.345392021027397,1.0,0.08905651318288485,0.9111191436220143,same,4,3,0,1,checkoutservice
3,re1_ob__checkoutservice_disk__2,re1_ob,disk,-0.01278885540152408,-8.298701298700525,9.298701298700525,1.012788855401524,-591.487426321426,1.0091493302811188,26.909058911671348,0.9750692520775623,0.05762301743404119,0.942376982565959,worsened,4,3,-1,2,checkoutservice
1,re1_ob__checkoutservice_disk__3,re1_ob,disk,0.03297740978906949,,,0.9670225902109305,-647.1773581211887,0.9608108108108108,26.38994836012571,1.0,0.1007035214515014,0.8992964785484984,same,4,3,0,1,checkoutservice
1,re1_ob__checkoutservice_disk__4,re1_ob,disk,-0.010752688172049885,,,1.0107526881720499,-193.9728377745007,1.010752688172043,26.82201620584486,1.0,0.08484570161528254,0.9151542983847176,same,4,3,0,1,checkoutservice
1,re1_ob__checkoutservice_disk__5,re1_ob,disk,0.05497382198953138,-78.8383515341393,79.8383515341393,0.9450261780104686,-246.79715042899193,0.9450261780104712,26.36060773794295,0.9944598337950139,0.09656727984414237,0.8911089456666077,same,4,3,0,1,checkoutservice
7,re1_ob__checkoutservice_loss__1,re1_ob,loss,-0.03413541056593694,,,1.0341354105659368,-224.3175335252481,1.0374381690654733,0.8388226937504013,0.9667590027700831,0.09292301647172962,0.9070769835282698,worsened,4,3,-2,5,checkoutservice
11,re1_ob__checkoutservice_loss__2,re1_ob,loss,-0.12395500238072443,-0.04235495626857699,1.042354956268577,1.1239550023807245,-171.85676655122165,1.2360366394743523,0.8481818181818204,0.7811634349030471,0.12583449497420732,0.8814941110445602,worsened,4,3,-4,7,checkoutservice
7,re1_ob__checkoutservice_loss__3,re1_ob,loss,,0.1667630324838495,0.8332369675161505,,-142.58010975649245,1.0922056105637823,0.08379949062075598,0.9141274238227146,0.08950430599647208,0.8545775285579356,same,4,3,0,7,checkoutservice
7,re1_ob__checkoutservice_loss__4,re1_ob,loss,,0.7023278148959423,0.2976721851040577,,-63.925218496294406,1.058146229130685,0.44218323010065747,0.817174515235457,0.014249410960503268,0.940125116258188,worsened,4,4,-2,5,checkoutservice
7,re1_ob__checkoutservice_loss__5,re1_ob,loss,0.10168960248043868,0.7428258541851283,0.2571741458148718,0.8983103975195613,-103.75131197430596,0.9499964716674898,0.82775,0.6606648199445984,0.04542867389192792,0.9153018276646532,improved,4,4,1,8,checkoutservice
1,re1_ob__checkoutservice_mem__1,re1_ob,mem,0.038336629144080536,-1642.3457951290886,1643.3457951290886,0.9616633708559195,-1005.2960251930517,0.9831512475900417,86.58473766481318,1.0,0.04390133237268485,0.9560983171372638,same,4,3,0,1,checkoutservice
2,re1_ob__checkoutservice_mem__2,re1_ob,mem,0.0,-2452.6078431376354,2453.6078431376354,1.0,-1111.704157746688,1.0,86.06347400502968,0.995,0.05842957455399102,0.9415704254460091,same,4,3,0,2,checkoutservice
2,re1_ob__checkoutservice_mem__3,re1_ob,mem,-2.3969134195445108e-05,-1473.2029708169152,1474.2029708169152,1.0000239691341954,-1135.0941810229642,1.0000239683617624,80.09527424673979,0.9933333333333333,0.11631328273379923,0.8841462318786913,worsened,4,3,-1,1,checkoutservice
1,re1_ob__checkoutservice_mem__4,re1_ob,mem,-0.0018221730995704455,-248.52872037458062,249.52872037458062,1.0018221730995704,-1244.1956416579387,1.0,83.03632141176635,0.9933333333333333,0.09921486014732865,0.9010233647191077,same,4,3,0,1,checkoutservice
1,re1_ob__checkoutservice_mem__5,re1_ob,mem,3.996387265892132e-05,-1451.9657716023166,1452.9657716023166,0.9999600361273411,-1239.6684584819013,0.9999600358079161,86.12628423556329,0.9733333333333334,0.07876140382226933,0.9212392256998733,same,4,3,0,1,checkoutservice
4,re1_ob__currencyservice_cpu__1,re1_ob,cpu,0.03438360478749497,-3.958876995283575,4.958876995283576,0.965616395212505,-1048.456938219142,0.9999558743236294,91.08109269554944,1.0,0.05169567676993094,0.9415126471085802,worsened,4,3,-2,2,currencyservice
1,re1_ob__currencyservice_cpu__2,re1_ob,cpu,0.025477813173303998,-8.870332813520784,9.870332813520784,0.974522186826696,-1124.0861937547063,0.9745199384727038,90.87003231466409,1.0,0.02562930293090117,0.9610229361317223,same,4,3,0,1,currencyservice
5,re1_ob__currencyservice_cpu__3,re1_ob,cpu,0.02126608325792989,0.9879561385793112,0.01204386142068885,0.9787339167420701,-1173.8989323657652,0.978700881937324,95.61515359952779,0.9833333333333333,0.03850330940464329,0.937082254916856,worsened,4,3,-2,3,currencyservice
3,re1_ob__currencyservice_cpu__4,re1_ob,cpu,0.018483543450997286,,,0.9815164565490027,-1067.304692593722,0.9816821879453419,95.09454824584029,0.99,0.032881841759881694,0.9539444803958598,same,4,3,0,3,currencyservice
2,re1_ob__currencyservice_cpu__5,re1_ob,cpu,0.009498690359214357,-9.111446920536505,10.111446920536505,0.9905013096407856,-618.3418382390771,0.9905765173492027,51.2783822794529,0.7983333333333333,0.030841186913652757,0.9689607482195626,same,4,4,0,2,currencyservice
1,re1_ob__currencyservice_delay__1,re1_ob,delay,0.039904193894544915,-1025.1058177525088,1026.1058177525088,0.9600958061054551,-19.59534514087818,0.9398398363523637,0.8896163434559803,0.9778393351800554,0.5685135547241182,0.033318019567091,same,4,3,0,1,currencyservice
2,re1_ob__currencyservice_delay__2,re1_ob,delay,0.2279109291040674,-0.34341052545960515,1.3434105254596052,0.7720890708959326,-12.212765163794188,0.7262680546275493,0.4161973720869323,0.8005540166204986,0.5795610861673938,0.11458180860770581,improved,4,3,4,6,currencyservice
1,re1_ob__currencyservice_delay__3,re1_ob,delay,0.12726139986231638,-3360.0845353276577,3361.0845353276577,0.8727386001376836,-23.638498625100056,0.8682490250094068,0.7690015844603799,0.9750692520775623,0.6466394647885235,0.002554946006371181,same,4,3,0,1,currencyservice
2,re1_ob__currencyservice_delay__4,re1_ob,delay,-0.005087647268216533,,,1.0050876472682164,-97.50353079144543,1.0310773286131905,0.832356343314939,0.9944598337950139,0.3547552095501046,0.5463124799366147,improved,4,3,2,4,currencyservice
3,re1_ob__currencyservice_delay__5,re1_ob,delay,0.013929616304477033,,,0.9860703836955229,-62.04974689256687,0.9907835582985473,0.803978866378122,0.9833795013850416,0.3145539870449532,0.6322405046557296,same,4,3,0,3,currencyservice
2,re1_ob__currencyservice_disk__1,re1_ob,disk,-0.029289604005454994,,,1.0292896040054549,-31.95652009559194,1.0304532653085952,8.267502759724227,0.9889196675900277,0.3785226448666967,0.7997879204225535,same,4,3,0,2,currencyservice
1,re1_ob__currencyservice_disk__2,re1_ob,disk,-0.012644684953806662,-19.266314600665346,20.266314600665346,1.0126446849538067,-195.78010193908688,1.0125978395746296,8.311988451753942,1.0,0.246052303382169,0.7539390436371766,same,4,3,0,1,currencyservice
1,re1_ob__currencyservice_disk__3,re1_ob,disk,-0.0019163336628347238,,,1.0019163336628347,-263.0732354841135,1.0020335111587058,9.633238515116094,0.997229916897507,0.3290189174632054,0.6715698401286974,same,4,3,0,1,currencyservice
3,re1_ob__currencyservice_disk__4,re1_ob,disk,-0.021982728675100982,-8.260857138460448,9.260857138460448,1.021982728675101,-17.39670422337167,1.0634589238275702,9.017459732316219,0.961218836565097,0.11130740181061258,0.889267834694776,worsened,4,3,-1,2,currencyservice
1,re1_ob__currencyservice_disk__5,re1_ob,disk,-0.04118845650366065,-2.986324786324923,3.986324786324923,1.0411884565036607,-308.55553970469214,1.041951308771773,8.999272132898898,0.9750692520775623,0.23898641252032624,0.7599325238172254,same,4,3,0,1,currencyservice
2,re1_ob__currencyservice_loss__1,re1_ob,loss,-0.3690785293372474,-3.29731208136476,4.29731208136476,1.3690785293372474,-9.081865276864676,1.377468899999622,11.547648078629269,0.7867036011080333,0.5387080466742926,0.41586547212491715,improved,4,4,1,3,currencyservice
1,re1_ob__currencyservice_loss__2,re1_ob,loss,-0.990244582417387,0.10575438651540009,0.8942456134846,1.9902445824173869,-18.22676259530681,1.963203835556231,0.43363126220152814,0.8642659279778393,0.7258508500045038,0.5583272265521453,same,4,3,0,1,currencyservice
3,re1_ob__currencyservice_loss__3,re1_ob,loss,-1.49926891491202,0.7953913317791366,0.2046086682208635,2.4992689149120197,-4.554574800022692,2.5266391115814026,6.1449319168182335,0.7839335180055401,0.6540310363065898,0.3553268601111562,improved,4,4,1,4,currencyservice
1,re1_ob__currencyservice_loss__4,re1_ob,loss,0.15819531685093607,,,0.841804683149064,-21.20199936402878,0.8289482852969705,0.5292678329813469,0.889196675900277,0.6513710493352647,0.7045875681709873,same,4,3,0,1,currencyservice
2,re1_ob__currencyservice_loss__5,re1_ob,loss,-0.25371681433700366,-56.96535379289767,57.96535379289767,1.2537168143370037,-27.191259019231097,1.2539604758724034,7.222738761518251,0.7520775623268698,0.7275891312462971,0.2724907005988666,same,4,4,0,2,currencyservice
1,re1_ob__currencyservice_mem__1,re1_ob,mem,-0.004527209734569881,,,1.0045272097345699,-496.56830601292586,1.0041280027129205,81.39253918143932,0.9916666666666667,0.3719197490948319,0.6278240863161977,same,4,3,0,1,currencyservice
1,re1_ob__currencyservice_mem__2,re1_ob,mem,-0.06358729873167279,,,1.0635872987316728,-573.0187220867792,1.0635872987316721,80.71167382826319,0.9883333333333333,0.3185869308124357,0.6806112709900378,same,4,3,0,1,currencyservice
1,re1_ob__currencyservice_mem__3,re1_ob,mem,0.00917908555070468,-184.14559750486606,185.14559750486606,0.9908209144492953,-734.4084437730799,1.0,82.83591557807092,1.0,0.24499969588704382,0.7550611773214533,same,4,3,0,1,currencyservice
1,re1_ob__currencyservice_mem__4,re1_ob,mem,1.0395904472493278e-05,,,0.9999896040955275,-1289.4273676456128,0.9999915471289823,81.80228124149436,0.9833333333333333,0.01818744035593075,0.981899872716307,same,4,3,0,1,currencyservice
2,re1_ob__currencyservice_mem__5,re1_ob,mem,-0.0011110562729643725,-6.965485543139122,7.965485543139122,1.0011110562729644,-1205.745734035685,1.0040049224244978,79.91347465932503,0.995,0.01038470438785629,0.9896366801642236,same,4,3,0,2,currencyservice
2,re1_ob__productcatalogservice_cpu__1,re1_ob,cpu,-0.0036161439281749974,-101.20754228054179,102.20754228054179,1.003616143928175,-684.1546055888148,1.003624789548828,89.90016445782825,0.9833333333333333,0.18679518744160417,0.7205786313678434,same,4,3,0,2,productcatalogservice
2,re1_ob__productcatalogservice_cpu__2,re1_ob,cpu,-0.02242256389299091,-86.93924192923245,87.93924192923245,1.022422563892991,-594.570834368622,1.0264419247473684,89.88326068577193,0.99,0.19062106847142496,0.6913882401812537,worsened,4,3,-1,1,productcatalogservice
1,re1_ob__productcatalogservice_cpu__3,re1_ob,cpu,-0.0040398231052902744,-141.793085349884,142.793085349884,1.0040398231052903,-492.7187438021565,1.0080031723922815,89.76013685303636,0.9916666666666667,0.21172179370970196,0.650372417155352,same,4,3,0,1,productcatalogservice
4,re1_ob__productcatalogservice_cpu__4,re1_ob,cpu,-0.008796707587034103,0.22055825213416236,0.7794417478658376,1.008796707587034,-994.3731116649733,1.0119160278778585,84.47801619932098,0.97,0.08731299021572834,0.9127630663959576,worsened,4,3,-1,3,productcatalogservice
2,re1_ob__productcatalogservice_cpu__5,re1_ob,cpu,-0.004684409691241065,-14.013888888887514,15.013888888887514,1.004684409691241,-865.2206521115486,1.0053282108350479,85.89887027115415,0.9866666666666667,0.07766778049922533,0.9224040675863429,worsened,4,3,-1,1,productcatalogservice
1,re1_ob__productcatalogservice_delay__1,re1_ob,delay,-0.024057688829384638,0.5749999999999418,0.4250000000000583,1.0240576888293846,2.4556469243798915,1.0650998639615328,67.13174598104038,0.9612188365650969,0.628929231698099,0.368946593636329,improved,4,4,1,2,productcatalogservice
1,re1_ob__productcatalogservice_delay__2,re1_ob,delay,0.0,,,1.0,21.24263698447453,1.0,1.275224210818629,0.9944598337950139,0.907868001090865,0.0921540705281231,improved,4,3,2,3,productcatalogservice
3,re1_ob__productcatalogservice_delay__3,re1_ob,delay,-0.03507194563550864,,,1.0350719456355086,29.252705173870254,1.0,1.2352148497651134,0.9722991689750693,0.5098272433729867,0.4902245345393774,improved,4,3,1,4,productcatalogservice
1,re1_ob__productcatalogservice_delay__4,re1_ob,delay,-0.08346667841893796,-5.755168986079249,6.755168986079249,1.083466678418938,-21.162191468010406,1.0838509316770186,1.5056792007805004,1.0,0.9738382590805478,0.026157972254591936,same,4,3,0,1,productcatalogservice
1,re1_ob__productcatalogservice_delay__5,re1_ob,delay,-0.06610209628210395,,,1.066102096282104,1.2848381559483641,1.0761823620361233,1.285315219684688,0.9889196675900277,0.9670299465916582,0.03297268784127278,same,4,3,0,1,productcatalogservice
1,re1_ob__productcatalogservice_disk__1,re1_ob,disk,-0.004089290111364052,-213.6742190739978,214.6742190739978,1.004089290111364,-383.0673022598544,1.0045966620036435,11.237930872345592,1.0,0.31951389214745196,0.678993060767399,same,4,3,0,1,productcatalogservice
1,re1_ob__productcatalogservice_disk__2,re1_ob,disk,-0.0013368983957278147,-13.627261814742901,14.627261814742901,1.0013368983957278,-341.0606118961889,1.0013368983957218,11.846193514687858,0.9916897506925207,0.2890791877360827,0.710710769757233,same,4,3,0,1,productcatalogservice
1,re1_ob__productcatalogservice_disk__3,re1_ob,disk,-0.003270555803171593,-14.400420469744246,15.400420469744246,1.0032705558031716,-434.6854571825206,1.0029980390130482,11.860154324806146,0.9833795013850416,0.23768097666927096,0.7623363267216684,same,4,3,0,1,productcatalogservice
1,re1_ob__productcatalogservice_disk__4,re1_ob,disk,-0.00027571386703462153,,,1.0002757138670346,-349.3005591694862,1.0,12.034725146953502,0.9806094182825484,0.2954711637190598,0.7045531281334168,same,4,3,0,1,productcatalogservice
1,re1_ob__productcatalogservice_disk__5,re1_ob,disk,-0.0023880765176345076,,,1.0023880765176345,-418.24707451840163,1.0030612375817909,11.739889075755174,0.9778393351800554,0.24915868663490812,0.7505440682251269,same,4,3,0,1,productcatalogservice
2,re1_ob__productcatalogservice_loss__1,re1_ob,loss,-0.09835269048406636,-1.5615895891575238,2.5615895891575238,1.0983526904840664,-149.44052632598732,1.0977208128892229,1.3000108799260532,0.9584487534626038,0.3600502955433407,0.6392453745048148,same,5,3,0,2,productcatalogservice
3,re1_ob__productcatalogservice_loss__2,re1_ob,loss,0.04036906846506033,-2.4240687994306196,3.4240687994306196,0.9596309315349396,3.8457186480135306,0.9613122002031931,1.3333849849319526,0.9307479224376731,0.6159961809886572,0.04009920525316873,improved,5,3,1,4,productcatalogservice
4,re1_ob__productcatalogservice_loss__3,re1_ob,loss,-0.06976528593724651,,,1.0697652859372466,-57.9401017128921,1.13803509794668,1.2030339311659333,0.8975069252077562,0.2292917261647702,0.7736095476865805,improved,5,3,1,5,productcatalogservice
3,re1_ob__productcatalogservice_loss__4,re1_ob,loss,-0.08515563658093411,-3.166886274019639,4.166886274019639,1.085155636580934,-45.37677366526714,0.9878050748740587,1.1647412550254792,0.8725761772853186,0.6495397819591444,0.6544719195088129,same,5,3,0,3,productcatalogservice
4,re1_ob__productcatalogservice_loss__5,re1_ob,loss,-0.059622556270075844,,,1.0596225562700758,-3.0001118002345493,1.0341783000199973,10.695772209475809,0.8074792243767313,0.6168367740107044,0.38495038804137977,improved,5,4,2,6,productcatalogservice
2,re1_ob__productcatalogservice_mem__1,re1_ob,mem,-0.3013849038232441,-144.39697349742573,145.39697349742573,1.3013849038232441,-598.5506033244092,1.2685234265751917,73.12763310562909,1.0,0.3122962463803343,0.6898123845333306,same,4,3,0,2,productcatalogservice
1,re1_ob__productcatalogservice_mem__2,re1_ob,mem,-0.003384269697135567,-1184.712558692145,1185.712558692145,1.0033842696971356,-808.8836942483726,1.00456692232805,74.31481684114902,0.9716666666666667,0.09451539519774119,0.9054808431152599,same,4,3,0,1,productcatalogservice
2,re1_ob__productcatalogservice_mem__3,re1_ob,mem,3.9806064852099254e-05,-896.8350008945754,897.8350008945754,0.9999601939351479,-585.2966383425237,0.999960193935148,78.4518556725059,0.99,0.3312842308260721,0.6690894044703515,same,4,3,0,2,productcatalogservice
1,re1_ob__productcatalogservice_mem__4,re1_ob,mem,0.010851064128780341,-2066.053760863613,2067.053760863613,0.9891489358712197,-533.3211113765446,0.989007342044872,79.77475676370923,0.9816666666666667,0.3500548463327266,0.6500867925320091,same,4,3,0,1,productcatalogservice
1,re1_ob__productcatalogservice_mem__5,re1_ob,mem,0.051041460447047715,-42.558634652614934,43.558634652614934,0.9489585395529523,-983.8267538790069,1.0133794124050501,79.32381696466186,1.0,0.0713588203923404,0.9274647258770499,same,4,3,0,1,productcatalogservice
1,re1_ss__carts_cpu__1,re1_ss,cpu,0.0,,,1.0,-92.3590341506042,1.0,2162688.0,0.9750692520775623,0.9921777052312395,0.007833259307038388,same,31,4,0,1,carts
1,re1_ss__carts_cpu__2,re1_ss,cpu,0.0,-61.82341801086697,62.82341801086697,1.0,-92.40037484632012,1.0,2162688.0,0.9889196675900277,0.9931559052664409,0.006850916478241662,same,31,4,0,1,carts
2,re1_ss__carts_cpu__3,re1_ss,cpu,-0.0010877387915674275,-191.5737855021812,192.5737855021812,1.0010877387915675,-888.0381548290457,1.0000479601188266,1081366.9896483792,0.9667590027700831,0.05442338831800048,0.9456188290339229,same,31,4,0,2,carts
1,re1_ss__carts_cpu__4,re1_ss,cpu,0.0,,,1.0,-92.29393760151834,1.0,2162688.0,0.9529085872576177,1.0,0.0,same,31,3,0,1,carts
1,re1_ss__carts_cpu__5,re1_ss,cpu,-0.0001854705708739246,-90.40925133251247,91.40925133251247,1.000185470570874,-92.39206344832746,1.0001934323894515,1081367.430036866,0.9916897506925209,0.9154292792947197,0.08470360569433878,same,31,4,0,1,carts
1,re1_ss__carts_delay__1,re1_ss,delay,-1.6388553247592696e-05,,,1.0000163885532476,-56.219862778659945,1.0000167288773916,67585.18787303453,0.9861495844875346,0.9954188506840228,0.00458139670312244,same,31,4,0,1,carts
1,re1_ss__carts_delay__2,re1_ss,delay,0.0,-4926.004085128258,4927.004085128258,1.0,-84.04949360927094,1.0,135168.0,0.9778393351800554,1.0,0.0,same,31,3,0,1,carts
3,re1_ss__carts_delay__3,re1_ss,delay,-0.0007742154315037997,-1406.8614931801753,1407.8614931801753,1.0007742154315038,22.521551382828648,1.0003843880528043,1.9342746022231911,0.9861495844875346,0.554534341755084,0.4455083379198633,same,31,4,0,3,carts
1,re1_ss__carts_delay__4,re1_ss,delay,0.0,-2330.530628999383,2331.530628999383,1.0,-84.01671276892921,1.0,135168.0,0.9667590027700831,1.0,0.0,same,31,3,0,1,carts
1,re1_ss__carts_delay__5,re1_ss,delay,-0.0005054961025352522,,,1.0005054961025353,8.958572643600746,1.0002864601619719,1.9344435571011034,0.9944598337950139,0.7768090322497556,0.22318822200918526,same,31,4,0,1,carts
2,re1_ss__carts_disk__1,re1_ss,disk,-0.00312387334048414,,,1.0031238733404841,-72.58489165779247,1.0031238733404841,3197.1920146503585,0.9806094182825484,1.0,0.0,same,34,3,0,2,carts
1,re1_ss__carts_disk__2,re1_ss,disk,-0.006211875430713887,,,1.0062118754307139,-72.56563284985896,1.0062118754307139,3183.2652968140665,0.9833795013850416,1.0,0.0,same,34,3,0,1,carts
2,re1_ss__carts_disk__3,re1_ss,disk,0.009572689444541038,,,0.990427310555459,-72.59725523548514,0.990427310555459,3200.3812017481373,0.9916897506925207,1.0,0.0,same,34,3,0,2,carts
1,re1_ss__carts_disk__4,re1_ss,disk,-0.0115656889933895,,,1.0115656889933895,-72.60788233800486,1.0115656889933895,3240.6144405978566,0.9944598337950139,1.0,0.0,same,34,3,0,1,carts
3,re1_ss__carts_disk__5,re1_ss,disk,0.0,,,1.0,-1510.0695655101454,1.0,2211840.0,0.9833795013850416,0.0003103445145896806,0.9996896554854102,same,34,3,0,3,carts
1,re1_ss__carts_loss__1,re1_ss,loss,-0.0018409137172057388,,,1.0018409137172057,85.65807605547616,1.0010654524854377,0.45591806014571057,1.0,0.7996848381845502,0.19874355606317085,same,31,3,0,1,carts
1,re1_ss__carts_loss__2,re1_ss,loss,0.0,,,1.0,-90.06876092688981,1.0,3987456.0,0.9889196675900277,0.7669051222425882,0.23407019891889008,same,31,4,0,1,carts
4,re1_ss__carts_loss__3,re1_ss,loss,-0.005873937993269074,-408.6711764991301,409.6711764991301,1.005873937993269,14.110039918899474,1.0013992839070183,34.900599396057395,0.9847645429362881,0.12135333543984118,0.8777317732179952,same,31,4,0,4,carts
1,re1_ss__carts_loss__4,re1_ss,loss,-0.010231140718619525,,,1.0102311407186195,-127.16268100408615,1.008050231063172,3987456.2245690655,0.9722991689750693,0.506694573583307,0.4932332357135087,same,31,4,0,1,carts
5,re1_ss__carts_loss__5,re1_ss,loss,-0.08986877034908991,-38.70811086315189,39.70811086315189,1.08986877034909,-117.74480202064524,1.0541342573975232,0.46275369963547464,1.0,0.1468153340068803,0.8527302319741379,worsened,31,5,-3,2,carts
1,re1_ss__carts_mem__1,re1_ss,mem,0.0,,,1.0,-92.39206344832746,1.0,2162688.0,0.9861495844875346,1.0,0.0,same,31,3,0,1,carts
1,re1_ss__carts_mem__2,re1_ss,mem,0.0,,,1.0,-92.31820657129902,1.0,2162688.0,0.961218836565097,1.0,0.0,same,31,3,0,1,carts
1,re1_ss__carts_mem__3,re1_ss,mem,0.0,,,1.0,-92.3755062871769,1.0,2162688.0,0.9806094182825484,1.0,0.0,same,31,3,0,1,carts
1,re1_ss__carts_mem__4,re1_ss,mem,0.0,,,1.0,-92.31009865519627,1.0,2162688.0,0.9584487534626038,1.0,0.0,same,31,3,0,1,carts
1,re1_ss__carts_mem__5,re1_ss,mem,0.0,,,1.0,-92.40870862629708,1.0,2162688.0,0.9916897506925207,1.0,0.0,same,31,3,0,1,carts
1,re1_ss__catalogue_cpu__1,re1_ss,cpu,0.0,,,1.0,-92.3755062871769,1.0,2162688.0,0.9806094182825484,1.0,0.0,same,30,3,0,1,catalogue
1,re1_ss__catalogue_cpu__2,re1_ss,cpu,0.0,,,1.0,-92.3590341506042,1.0,2162688.0,0.9750692520775623,1.0,0.0,same,30,3,0,1,catalogue
1,re1_ss__catalogue_cpu__3,re1_ss,cpu,0.0,,,1.0,-92.39206344832746,1.0,2162688.0,0.9861495844875346,1.0,0.0,same,30,3,0,1,catalogue
1,re1_ss__catalogue_cpu__4,re1_ss,cpu,0.0,,,1.0,-92.32633321370122,1.0,2162688.0,0.96398891966759,1.0,0.0,same,30,3,0,1,catalogue
1,re1_ss__catalogue_cpu__5,re1_ss,cpu,0.0,,,1.0,-92.32633321370122,1.011037547025802,2162688.0,0.96398891966759,0.999466548138741,0.0005350982791957036,same,30,4,0,1,catalogue
1,re1_ss__catalogue_delay__1,re1_ss,delay,-0.022071357314486617,,,1.0220713573144866,-25.928993892548533,1.022071399916156,0.3049281371774617,0.9750692520775623,0.9999008570525993,9.818736888003225e-05,same,30,3,0,1,catalogue
2,re1_ss__catalogue_delay__2,re1_ss,delay,-0.0013358328874404357,-24771.052468819424,24772.052468819424,1.0013358328874404,-561.8742382122589,1.0006741023081727,135168.08691376547,0.9667590027700831,1.3594838591523591e-15,0.9150113412230703,same,30,4,0,2,catalogue
3,re1_ss__catalogue_delay__3,re1_ss,delay,-0.014389088963577379,,,1.0143890889635774,-27.31976604880765,1.0143928642482893,0.28947988663398455,0.9861495844875346,0.9994080128616897,0.0006178950050933461,same,30,3,0,3,catalogue
4,re1_ss__catalogue_delay__4,re1_ss,delay,-0.0081296051592199,,,1.00812960515922,-623.5613266973917,1.0,135168.08660494298,0.96398891966759,0.0,0.9882776529609085,same,30,4,0,4,catalogue
2,re1_ss__catalogue_delay__5,re1_ss,delay,-0.007704171283574368,-7754.405994231196,7755.405994231196,1.0077041712835744,-23.361523734620732,1.0077103403112677,0.3112835692736134,0.9722991689750693,0.9987731315504554,0.0012397729962633584,same,30,3,0,2,catalogue
1,re1_ss__catalogue_disk__1,re1_ss,disk,-0.0019382803701002427,,,1.0019382803701002,-73.32556087793091,1.0019382803701002,4109.361955873584,0.9944598337950139,1.0,0.0,same,34,3,0,1,catalogue
1,re1_ss__catalogue_disk__2,re1_ss,disk,-0.014081805656123825,,,1.0140818056561238,-73.32963205059968,1.0140818056561238,4098.525384453339,0.96398891966759,1.0,0.0,same,34,3,0,1,catalogue
1,re1_ss__catalogue_disk__3,re1_ss,disk,0.01016631968699322,,,0.9898336803130068,-72.78377452184759,0.9898336803130068,3980.7006503041744,0.9409722222222222,1.0,0.0,same,34,3,0,1,catalogue
1,re1_ss__catalogue_disk__4,re1_ss,disk,-0.004106671881556112,,,1.0041066718815561,-72.82569125153532,1.0041066718815561,3484.605141035471,0.9362880886426593,1.0,0.0,same,35,3,0,1,catalogue
1,re1_ss__catalogue_disk__5,re1_ss,disk,-0.009808197701649535,-159.5644171224992,160.5644171224992,1.0098081977016495,-72.86178752051455,1.0098081977016495,3495.275769821845,0.997229916897507,1.0,0.0,same,34,3,0,1,catalogue
1,re1_ss__catalogue_loss__1,re1_ss,loss,-0.012591802527503138,-10867.29499791202,10868.29499791202,1.0125918025275031,-10.614892671579582,1.0137120850456214,0.0,1.0,0.9658183186841938,0.03495576330478428,same,31,3,0,1,catalogue
1,re1_ss__catalogue_loss__2,re1_ss,loss,0.03465489867795457,-8183.988425526352,8184.988425526352,0.9653451013220454,-22.757400840742775,0.965350117874789,0.3671651979630361,0.9750692520775623,0.9993522379022849,0.0007244451308427954,same,31,3,0,1,catalogue
1,re1_ss__catalogue_loss__3,re1_ss,loss,0.020231300085464365,,,0.9797686999145356,78.57782218845841,0.995255877405212,0.3428566407570129,0.997229916897507,0.9321251828501995,0.06782708278891175,same,31,5,0,1,catalogue
1,re1_ss__catalogue_loss__4,re1_ss,loss,-0.24988403462255593,,,1.249884034622556,-19.437915329918724,1.2496945116222995,0.343633676378863,1.0,0.9879304497765168,0.012326458810183507,same,30,3,0,1,catalogue
1,re1_ss__catalogue_loss__5,re1_ss,loss,-0.004282878443889859,-6386.459103677514,6387.459103677514,1.00428287844389,71.572609592645,1.004309908676686,0.26184393221586144,0.9778393351800554,0.9855796311586124,0.012523325230450534,improved,31,4,2,3,catalogue
1,re1_ss__catalogue_mem__1,re1_ss,mem,0.0,,,1.0,-92.40870862629708,1.0,2162688.0,0.9916897506925207,1.0,0.0,same,31,3,0,1,catalogue
1,re1_ss__catalogue_mem__2,re1_ss,mem,0.0,,,1.0,-92.33447893565426,1.0,2162688.0,0.9667590027700831,1.0,0.0,same,31,3,0,1,catalogue
1,re1_ss__catalogue_mem__3,re1_ss,mem,0.0,,,1.0,-92.39206344832746,1.0,2162688.0,0.9861495844875346,1.0,0.0,same,31,3,0,1,catalogue
1,re1_ss__catalogue_mem__4,re1_ss,mem,0.0,,,1.0,-92.32633321370122,1.0,2162688.0,0.96398891966759,1.0,0.0,same,31,3,0,1,catalogue
1,re1_ss__catalogue_mem__5,re1_ss,mem,0.0,,,1.0,-92.40870862629708,1.0,2162688.0,0.9916897506925207,1.0,0.0,same,31,3,0,1,catalogue
1,re1_ss__orders_cpu__1,re1_ss,cpu,0.0,,,1.0,-92.31820657129902,1.0,2162688.0,0.961218836565097,1.0,0.0,same,31,3,0,1,orders
1,re1_ss__orders_cpu__2,re1_ss,cpu,0.0,,,1.0,-92.3755062871769,1.0,1081344.0107069828,0.9806094182825484,1.0,0.1523965054936043,same,31,4,0,1,orders
1,re1_ss__orders_cpu__3,re1_ss,cpu,0.0,,,1.0,-92.32633321370122,1.0,2162688.0,0.96398891966759,0.9554284072023869,0.04463286891695051,same,31,4,0,1,orders
1,re1_ss__orders_cpu__4,re1_ss,cpu,0.0,-21.11421584592919,22.11421584592919,1.0,-92.2858837699514,1.0,2162688.0,0.9501385041551247,1.0,0.0,same,31,3,0,1,orders
1,re1_ss__orders_cpu__5,re1_ss,cpu,0.0,,,1.0,-92.30200911467364,1.0,2162688.0,0.9556786703601108,1.0,0.0,same,31,3,0,1,orders
1,re1_ss__orders_delay__1,re1_ss,delay,0.0,,,1.0,61.695220896328465,1.0,1.9651530612244894,1.0,0.9743987723444705,0.02560176645343605,same,31,3,0,1,orders
1,re1_ss__orders_delay__2,re1_ss,delay,0.0,,,1.0,-23.060271259543242,1.0,1.82557959575265,0.9778393351800554,0.811900098475383,0.1880990880579619,same,31,3,0,1,orders
1,re1_ss__orders_delay__3,re1_ss,delay,0.0,-11365.276018101375,11366.276018101375,1.0,115.77992926000252,1.0,1.8952800829875516,0.9958448753462603,0.9236095641579937,0.07639338373842454,improved,31,4,1,2,orders
1,re1_ss__orders_delay__4,re1_ss,delay,0.0,,,1.0,-3.126621182116196,1.0,1.8257684633112505,0.9861495844875346,1.0502631990872364,-0.05026354326220658,same,31,3,0,1,orders
1,re1_ss__orders_delay__5,re1_ss,delay,0.0,,,1.0,-4.037479996718048,1.0,1.8253073770491801,0.9944598337950139,0.9351345544850369,0.06487759076928598,same,31,3,0,1,orders
1,re1_ss__orders_disk__1,re1_ss,disk,0.010073305018835965,,,0.989926694981164,-73.1499165025707,0.989926694981164,3993.7505368954553,0.9030470914127424,1.0,0.0,same,35,3,0,1,orders
1,re1_ss__orders_disk__2,re1_ss,disk,-0.01914916912894471,,,1.0191491691289447,-72.78457005337987,1.0191491691289447,3480.8473699763586,0.9085872576177285,1.0,0.0,same,35,3,0,1,orders
1,re1_ss__orders_disk__3,re1_ss,disk,-0.02112434077098757,,,1.0211243407709876,-72.8758597439155,1.0211243407709876,3523.5881339532248,0.9529085872576177,1.0,0.0,same,35,3,0,1,orders
1,re1_ss__orders_disk__4,re1_ss,disk,-0.026720567462235056,,,1.026720567462235,-72.86638595483055,1.026720567462235,3545.6373717930296,0.9778393351800554,1.0,0.0,same,35,3,0,1,orders
1,re1_ss__orders_disk__5,re1_ss,disk,0.004590807332004343,,,0.9954091926679957,-72.92499629321173,0.9954091926679957,3556.119078154755,0.96398891966759,1.0,0.0,same,35,3,0,1,orders
1,re1_ss__orders_loss__1,re1_ss,loss,-0.05043642363237466,,,1.0504364236323747,2.270406846818787,1.0506655239825866,0.17586168613742378,0.9930747922437673,0.9428548331368942,0.020423642935333608,same,31,3,0,1,orders
1,re1_ss__orders_loss__2,re1_ss,loss,0.22483973303411997,,,0.77516026696588,-53.32239053970898,0.7686997655750591,0.1743845680070213,1.0,0.5221082463712305,0.07279005481343512,same,31,3,0,1,orders
3,re1_ss__orders_loss__3,re1_ss,loss,-0.05690780255093908,,,1.056907802550939,-51.76447619560258,1.055988262882026,0.1808162956176531,0.961218836565097,0.44851442430110267,0.1615204804725122,worsened,31,3,-1,2,orders
4,re1_ss__orders_loss__4,re1_ss,loss,-0.13907279869716227,,,1.1390727986971623,-46.52182570327295,1.1525906675977615,0.42133173558723896,0.9598337950138505,0.36760188473675437,0.2798456093170676,same,31,3,0,4,orders
4,re1_ss__orders_loss__5,re1_ss,loss,-0.011800779837576991,,,1.011800779837577,1.4257021688861187,1.0166977411090785,1.2525058073330275,1.0,0.2105283154672391,0.4733283809031609,same,31,4,0,4,orders
1,re1_ss__orders_mem__1,re1_ss,mem,0.0,,,1.0,-92.29393760151834,1.0,2162688.0,0.9529085872576177,1.0,0.0,same,31,3,0,1,orders
1,re1_ss__orders_mem__2,re1_ss,mem,0.0,,,1.0,-92.30200911467364,1.0,2162688.0,0.9556786703601108,1.0,0.0,same,31,3,0,1,orders
1,re1_ss__orders_mem__3,re1_ss,mem,0.0,,,1.0,-92.34264409300704,1.0,2162688.0,0.9695290858725761,1.0,0.0,same,31,3,0,1,orders
1,re1_ss__orders_mem__4,re1_ss,mem,0.0,,,1.0,-92.2858837699514,1.0,2162688.0,0.9501385041551247,1.0,0.0,same,31,3,0,1,orders
1,re1_ss__orders_mem__5,re1_ss,mem,0.0,,,1.0,-92.31820657129902,1.0,2162688.0,0.961218836565097,1.0,0.0,same,31,3,0,1,orders
1,re1_ss__payment_cpu__1,re1_ss,cpu,0.0,-9785.875549817203,9786.875549817203,1.0,-92.31820657129902,1.0,2162688.0,0.961218836565097,1.0,0.0,same,30,3,0,1,payment
1,re1_ss__payment_cpu__2,re1_ss,cpu,0.0,,,1.0,-92.31009865519627,1.0,2162688.0,0.9584487534626038,1.0,0.0,same,30,3,0,1,payment
1,re1_ss__payment_cpu__3,re1_ss,cpu,0.0,,,1.0,-92.34264409300704,1.0,2162688.0,0.9695290858725761,1.0,0.0,same,30,3,0,1,payment
1,re1_ss__payment_cpu__4,re1_ss,cpu,0.0,,,1.0,-92.34264409300704,1.0,2162688.0,0.9695290858725761,1.0,0.0,same,30,3,0,1,payment
1,re1_ss__payment_cpu__5,re1_ss,cpu,0.0,,,1.0,-92.3755062871769,1.0003380417769336,1417216.0,0.9806094182825484,0.6797032896833146,0.32030084807044645,same,30,4,0,1,payment
1,re1_ss__payment_delay__1,re1_ss,delay,6.037908525657887e-05,,,0.9999396209147434,-24.256550255918683,0.9999398306185874,0.08907313711802199,0.9889196675900277,0.9996526276955408,0.00034780441541784553,same,30,3,0,1,payment
1,re1_ss__payment_delay__2,re1_ss,delay,-0.0003377619331779158,,,1.000337761933178,-29.637477935793413,1.000337701842555,0.22668281357722156,1.0,0.999958247093528,4.2355285812456334e-05,same,30,3,0,1,payment
4,re1_ss__payment_delay__3,re1_ss,delay,-0.011026512348342732,,,1.0110265123483426,-3.368937138415731,1.0010466110430543,0.20830052356691986,0.9916897506925207,0.5135890326568169,0.48600615490743054,worsened,30,3,-1,3,payment
3,re1_ss__payment_delay__4,re1_ss,delay,-0.00030084000511654274,-14907.727008196016,14908.727008196016,1.0003008400051165,-28.561423456917055,1.0003008794524733,0.22665434118026223,0.9833795013850416,0.999826751756574,0.00017343346365782634,same,30,3,0,3,payment
1,re1_ss__payment_delay__5,re1_ss,delay,-0.004155077822134756,-3595.7690239097133,3596.7690239097133,1.0041550778221349,-60.28128252420265,1.0003028715025546,0.2082182926829269,0.961218836565097,0.4974425073196943,0.005110849313879668,same,30,5,0,1,payment
1,re1_ss__payment_disk__1,re1_ss,disk,-0.0018611600543372298,,,1.0018611600543372,-67.53174661287721,1.0018611600543372,605.207536168507,0.9833795013850416,1.0,0.0,same,34,3,0,1,payment
1,re1_ss__payment_disk__2,re1_ss,disk,-0.003057641199547323,,,1.0030576411995473,-67.93810937602757,1.0030576411995473,693.5548865764334,0.925207756232687,1.0,0.0,same,34,3,0,1,payment
1,re1_ss__payment_disk__3,re1_ss,disk,-0.27787708148436807,,,1.277877081484368,-68.45317307508049,1.277877081484368,700.1101107584687,0.9833795013850416,1.0,0.0,same,34,3,0,1,payment
1,re1_ss__payment_disk__4,re1_ss,disk,0.014550546879573467,,,0.9854494531204265,-67.6368312948689,0.9854494531204265,610.3529411764706,0.96398891966759,1.0,0.0,same,34,3,0,1,payment
1,re1_ss__payment_disk__5,re1_ss,disk,-0.01954356336064067,,,1.0195435633606407,-67.61725164607742,1.0195435633606407,613.3101087152381,0.9778393351800554,1.0,0.0,same,34,3,0,1,payment
1,re1_ss__payment_loss__1,re1_ss,loss,0.03429297727371372,-5458.1902641077595,5459.1902641077595,0.9657070227262863,-19.697086137010956,0.9657468243219958,0.0006552980132450998,1.0,0.9996832311319891,0.00082724480411398,same,30,3,0,1,payment
1,re1_ss__payment_loss__2,re1_ss,loss,-0.24778901257141173,-10994.11501777401,10995.11501777401,1.2477890125714117,11.535449301351491,1.174518081884993,0.1075744487490439,0.9861495844875345,1.000028503276356,0.00197159229378636,same,30,4,0,1,payment
1,re1_ss__payment_loss__3,re1_ss,loss,0.001781878260537939,,,0.9982181217394621,-28.03010225968137,0.9982159724774229,0.23230550100680725,0.9889196675900277,0.9999314973798604,6.662590393477689e-05,same,30,4,0,1,payment
1,re1_ss__payment_loss__4,re1_ss,loss,0.17901687583230003,,,0.8209831241676999,-709.0160286152865,0.9676502856652753,67584.10536151686,0.9861495844875346,0.49710347979939723,0.5019179806153466,same,30,4,0,1,payment
1,re1_ss__payment_loss__5,re1_ss,loss,0.013092674473900612,,,0.9869073255260994,8.25140520171658,1.0,0.10938827946810911,0.9861495844875346,0.9847609007310261,0.26129762389280164,same,30,4,0,1,payment
1,re1_ss__payment_mem__1,re1_ss,mem,0.0,,,1.0,-92.3755062871769,1.0,2162688.0,0.9806094182825484,1.0,0.0,same,31,3,0,1,payment
1,re1_ss__payment_mem__2,re1_ss,mem,0.0,,,1.0,-92.34264409300704,1.0,2162688.0,0.9695290858725761,1.0,0.0,same,31,3,0,1,payment
1,re1_ss__payment_mem__3,re1_ss,mem,0.0,,,1.0,-92.27784727659491,1.0,2162688.0,0.9473684210526315,1.0,0.0,same,31,3,0,1,payment
1,re1_ss__payment_mem__4,re1_ss,mem,0.0,,,1.0,-92.39206344832746,1.0,2162688.0,0.9861495844875346,1.0,0.0,same,31,3,0,1,payment
1,re1_ss__payment_mem__5,re1_ss,mem,0.0,,,1.0,-92.39206344832746,1.0,2162688.0,0.9861495844875346,1.0,0.0,same,31,3,0,1,payment
1,re1_ss__user_cpu__1,re1_ss,cpu,0.0,,,1.0,-92.33447893565426,1.0,2162688.0,0.9667590027700831,1.0,0.0,same,31,3,0,1,user
1,re1_ss__user_cpu__2,re1_ss,cpu,0.0,,,1.0,-92.3755062871769,1.0,2162688.0,0.9806094182825484,1.0,0.0,same,30,3,0,1,user
1,re1_ss__user_cpu__3,re1_ss,cpu,0.0,,,1.0,-92.35082904426054,1.0,2162688.0,0.9722991689750693,0.9981594392454999,0.0019114920022398078,same,30,4,0,1,user
1,re1_ss__user_cpu__4,re1_ss,cpu,0.0,-3634.2435410980756,3635.2435410980756,1.0,-92.31009865519627,1.0,2162688.0,0.9584487534626038,0.9995061690064918,0.0004933872785881112,same,31,4,0,1,user
1,re1_ss__user_cpu__5,re1_ss,cpu,0.0,,,1.0,-92.31009865519627,1.0,2162688.0,0.9584487534626038,1.0,0.0,same,31,3,0,1,user
2,re1_ss__user_delay__1,re1_ss,delay,-0.008377751057184302,,,1.0083777510571843,153.36596243360373,1.006155491689888,0.9261147869781234,1.0,0.95808198625478,0.0419243221867133,same,30,4,0,2,user
1,re1_ss__user_delay__2,re1_ss,delay,-0.00010755376855442478,-13159.965122232536,13160.965122232536,1.0001075537685544,-22.261643336020825,1.0000903410701747,0.9462650647372451,1.0,0.9977542508521847,0.002245652194716858,same,30,3,0,1,user
1,re1_ss__user_delay__3,re1_ss,delay,-0.0026833062151110365,-33218.97269195503,33219.97269195503,1.002683306215111,-174.40358737725091,1.0003779094751224,0.9022813772122865,1.0,0.07322500841157872,0.9266775161624585,same,30,3,0,1,user
1,re1_ss__user_delay__4,re1_ss,delay,-0.0005109920010668567,,,1.0005109920010669,-25.785030254328376,1.0005107268929956,0.9023461398584922,0.9861495844875346,0.9995736111330475,0.00042690278767012037,same,30,3,0,1,user
1,re1_ss__user_delay__5,re1_ss,delay,-0.0037568802777977472,-45352.271823012496,45353.271823012496,1.0037568802777979,-687.875758693958,1.0002977728963565,67584.45119080986,0.9778393351800554,0.06346802882463196,0.9365017605149055,same,30,4,0,1,user
1,re1_ss__user_disk__1,re1_ss,disk,-0.005073396449247314,,,1.0050733964492473,-69.6731983204736,1.0050733964492473,1243.5200707403792,0.925207756232687,1.0,0.0,same,35,3,0,1,user
1,re1_ss__user_disk__2,re1_ss,disk,0.008433579368664068,,,0.9915664206313359,-69.7584157958645,0.9915664206313359,1241.025641025641,0.9667590027700831,1.0,0.0,same,35,3,0,1,user
1,re1_ss__user_disk__3,re1_ss,disk,-0.007774040800881954,,,1.007774040800882,-69.70641300418356,1.007774040800882,1233.0660619313735,0.9501385041551247,1.0,0.0,same,35,3,0,1,user
1,re1_ss__user_disk__4,re1_ss,disk,0.005233587140782703,,,0.9947664128592173,-69.72903561964449,0.9947664128592173,1231.708503599922,0.9778393351800554,1.0,0.0,same,35,3,0,1,user
1,re1_ss__user_disk__5,re1_ss,disk,-0.010260058206766454,,,1.0102600582067665,-69.71213974230159,1.0102600582067665,1232.545881450956,0.9916897506925207,1.0,0.0,same,35,3,0,1,user
1,re1_ss__user_loss__1,re1_ss,loss,0.0,,,1.0,-42.4124831241777,1.0,0.21968197535998585,0.9833795013850416,0.9982292428024654,0.001669831107211525,same,30,4,0,1,user
1,re1_ss__user_loss__2,re1_ss,loss,-0.026071855129512267,,,1.0260718551295123,-18.689723619502274,1.0260699713353119,0.23650953097328403,0.9944598337950139,0.9975490623601386,0.002476927093516375,same,30,3,0,1,user
6,re1_ss__user_loss__3,re1_ss,loss,0.03259044285290491,,,0.9674095571470951,-549.4796667578296,0.9413489736070382,1351680.0,0.9667590027700831,0.07032723979857772,0.9277009684313678,worsened,31,5,-2,4,user
4,re1_ss__user_loss__4,re1_ss,loss,-0.042226085278828096,,,1.042226085278828,-25.795314363304897,1.0445387619461703,0.23617639215729555,1.0,0.9995576356184535,0.0004427323403628193,same,31,3,0,4,user
1,re1_ss__user_loss__5,re1_ss,loss,-0.018112915030472854,,,1.0181129150304729,22.379989325446104,1.018125989691794,0.19933197627749252,0.997229916897507,0.9984368417260361,0.0015710577699219932,same,30,3,0,1,user
1,re1_ss__user_mem__1,re1_ss,mem,0.0,,,1.0,-91.86318909930378,1.0,2162688.0,0.9798387096774194,1.0,0.0,same,31,3,0,1,user
1,re1_ss__user_mem__2,re1_ss,mem,0.0,,,1.0,-70.8306857057346,1.0,1092968.0836154865,0.961218836565097,1.0,0.0,same,31,4,0,1,user
1,re1_ss__user_mem__3,re1_ss,mem,0.0,,,1.0,-92.29393760151834,1.0,2162688.0,0.9529085872576177,1.0,0.0,same,31,3,0,1,user
1,re1_ss__user_mem__4,re1_ss,mem,0.0,,,1.0,-92.32633321370122,1.0,2162688.0,0.96398891966759,1.0,0.0,same,31,3,0,1,user
1,re1_ss__user_mem__5,re1_ss,mem,0.06445950286063734,,,0.9355404971393626,-200.92463890429144,0.941785884399899,1.786,0.8975069252077562,0.5410984485587114,0.9182399642824208,same,31,3,0,1,user
1,re1_tt__ts-auth-service_cpu__1,re1_tt,cpu,0.0,,,1.0,-92.82363265792628,1.0,2162688.0,0.9875259875259875,1.0,0.0,same,22,3,0,1,ts-auth-service
1,re1_tt__ts-auth-service_cpu__2,re1_tt,cpu,0.0006199197209909024,,,0.9993800802790092,-432.1526315399868,1.0,1081365.319736393,0.9802494802494803,0.5804095620049237,0.41956061791622323,same,22,4,0,1,ts-auth-service
1,re1_tt__ts-auth-service_cpu__3,re1_tt,cpu,0.0,,,1.0,-92.78653736140222,1.0,2162688.0,0.975051975051975,1.0,0.0,same,22,3,0,1,ts-auth-service
1,re1_tt__ts-auth-service_cpu__4,re1_tt,cpu,0.0,,,1.0,-92.84234527837361,1.0,2162688.0,0.9937629937629938,1.0,0.0,same,22,3,0,1,ts-auth-service
1,re1_tt__ts-auth-service_cpu__5,re1_tt,cpu,0.0,,,1.0,-92.7803957549313,1.0,2162688.0,0.972972972972973,1.0,0.0,same,22,3,0,1,ts-auth-service
11,re1_tt__ts-auth-service_delay__1,re1_tt,delay,-0.004901421243365012,,,1.004901421243365,408.93278994589934,1.0102766707649544,512000.0,1.0,0.016395626145609063,0.9381349616251723,improved,22,5,9,20,ts-auth-service
36,re1_tt__ts-auth-service_delay__2,re1_tt,delay,0.05536242865983704,0.30215325776679225,0.6978467422332078,0.9446375713401629,-861.0565198190495,0.9122582268767667,0.5561515420724614,1.0,0.015084927072314742,0.9849146797235202,worsened,22,4,-10,26,ts-auth-service
28,re1_tt__ts-auth-service_delay__3,re1_tt,delay,-0.0006686030105371721,,,1.0006686030105372,-383.8588647462175,1.0148232253878218,0.5032820127900705,0.9854469854469855,0.018691197349518955,0.973292922175595,worsened,22,5,-8,20,ts-auth-service
9,re1_tt__ts-auth-service_delay__4,re1_tt,delay,0.1673738714172741,,,0.8326261285827259,-798.42935501703,1.0038856111550396,145.4250932629539,0.9688149688149689,0.02290602633517241,0.9771033099156281,worsened,23,3,-1,8,ts-auth-service
10,re1_tt__ts-auth-service_delay__5,re1_tt,delay,0.012636071408130833,,,0.9873639285918692,-762.1893913347485,0.996948746978366,0.5300299883940699,1.0,0.043371446364021626,0.9551869616111534,worsened,22,5,-2,8,ts-auth-service
2,re1_tt__ts-auth-service_disk__1,re1_tt,disk,-0.03572716416986532,,,1.0357271641698653,-1113.8676757647663,1.0574663385561083,1106675.9945888233,0.9806094182825484,0.02040692226391665,0.979861063964274,worsened,26,4,-1,1,ts-auth-service
2,re1_tt__ts-auth-service_disk__2,re1_tt,disk,0.0011612098359228273,,,0.9988387901640772,-1038.2024594155223,1.000116726457297,1106713.132292313,0.9861495844875346,0.04847725327384994,0.9515625859975294,worsened,26,4,-1,1,ts-auth-service
2,re1_tt__ts-auth-service_disk__3,re1_tt,disk,-0.14254722241673146,,,1.1425472224167315,-1084.481693168982,1.1581810771032863,1106682.7600622445,0.9750692520775623,0.0284807776652726,0.9715496771536489,same,26,4,0,2,ts-auth-service
2,re1_tt__ts-auth-service_disk__4,re1_tt,disk,-0.05937222302968648,,,1.0593722230296865,-1073.818683292635,1.0692440239621739,1106754.7225201044,0.9847645429362881,0.05260825302025882,0.9481912463684562,same,26,4,0,2,ts-auth-service
2,re1_tt__ts-auth-service_disk__5,re1_tt,disk,0.025953674836797336,,,0.9740463251632027,-1098.44066244825,0.9740463251632023,1106687.3172542744,0.9930747922437673,0.047866241026127,0.9526461022442827,worsened,26,4,-1,1,ts-auth-service
17,re1_tt__ts-auth-service_loss__1,re1_tt,loss,-0.07755599030319393,-13.80350247824169,14.80350247824169,1.077555990303194,-632.0196297037287,1.0823255746027503,28672.554524093342,1.0,0.033313594106755814,0.9716540676387402,worsened,26,6,-4,13,ts-auth-service
30,re1_tt__ts-auth-service_loss__2,re1_tt,loss,0.022609066119613996,,,0.977390933880386,-734.0950769937435,1.0398838994202304,1.4964363235451954,1.0,0.018524022843911112,0.9809444866535677,worsened,22,5,-6,24,ts-auth-service
16,re1_tt__ts-auth-service_loss__3,re1_tt,loss,-0.19504272267673262,-0.9248404845204337,1.9248404845204337,1.1950427226767326,-107.15039214802914,1.6709782245233513,616448.7679353522,1.0,0.012159292474464565,0.9877728138234303,improved,22,6,7,23,ts-auth-service
28,re1_tt__ts-auth-service_loss__4,re1_tt,loss,-0.2253773389518754,0.6186497918111251,0.38135020818887494,1.2253773389518754,-686.3235845121264,1.0884273684709311,1.628406880089786,1.0,0.012785205715769214,0.987847147446377,worsened,23,4,-6,22,ts-auth-service
36,re1_tt__ts-auth-service_loss__5,re1_tt,loss,-0.009683981333198644,-0.12252760091918447,1.1225276009191845,1.0096839813331986,-620.3716092797471,0.9934496737953247,1013760.7458612925,1.0,0.06517500098114995,0.9623681242747262,worsened,23,4,-12,24,ts-auth-service
1,re1_tt__ts-auth-service_mem__1,re1_tt,mem,0.0,,,1.0,-552.9472162892641,1.0,160772096.0,0.9667359667359667,0.5499546249605496,0.4500419538022373,same,26,4,0,1,ts-auth-service
1,re1_tt__ts-auth-service_mem__2,re1_tt,mem,0.0,,,1.0,-92.84444159312807,1.0,2162688.0,0.975051975051975,1.0,0.0,same,26,3,0,1,ts-auth-service
1,re1_tt__ts-auth-service_mem__3,re1_tt,mem,-0.0018382352941176405,,,1.0018382352941178,-669.6036775830303,0.9705882352941176,135168000.0,0.9708939708939709,0.5000000000000002,0.5,same,26,4,0,1,ts-auth-service
1,re1_tt__ts-auth-service_mem__4,re1_tt,mem,0.0,,,1.0,-92.83884746253716,1.004657140903506,2162688.0,0.9542619542619543,1.0,0.0,same,26,3,0,1,ts-auth-service
1,re1_tt__ts-auth-service_mem__5,re1_tt,mem,0.0,,,1.0,-390.1189238378313,1.0,130918400.0,0.9812889812889813,0.5022133236557837,0.49778667634421636,same,26,4,0,1,ts-auth-service
1,re1_tt__ts-order-service_cpu__1,re1_tt,cpu,0.0,-20.560290554874385,21.560290554874385,1.0,-92.83609509468624,1.0,2162688.0,0.9916839916839917,1.0,0.0,same,22,3,0,1,ts-order-service
1,re1_tt__ts-order-service_cpu__2,re1_tt,cpu,0.001308782687827692,,,0.9986912173121723,-92.78653736140222,0.9986230378125929,1081377.638332758,0.975051975051975,0.7187878091684088,0.2810533952326561,same,22,4,0,1,ts-order-service
1,re1_tt__ts-order-service_cpu__3,re1_tt,cpu,0.0,,,1.0,-92.76814625061343,1.0,2162688.0,0.9688149688149689,1.0,0.0,same,23,3,0,1,ts-order-service
1,re1_tt__ts-order-service_cpu__4,re1_tt,cpu,0.0,,,1.0,-92.7926904078322,1.0,2162688.0,0.9771309771309772,1.0,0.0,same,23,3,0,1,ts-order-service
1,re1_tt__ts-order-service_cpu__5,re1_tt,cpu,0.0003273131642697047,,,0.9996726868357303,-598.5486303515722,1.0,1081378.4852232372,0.9885654885654886,0.5134233203700992,0.4865792503781225,same,23,4,0,1,ts-order-service
14,re1_tt__ts-order-service_delay__1,re1_tt,delay,-0.029002766892501697,,,1.0290027668925017,-416.3705378657023,1.0297154924145717,0.8937178344787315,1.0,0.3142229799460329,0.687297945074365,worsened,22,3,-2,12,ts-order-service
11,re1_tt__ts-order-service_delay__2,re1_tt,delay,-0.03143745408753684,,,1.0314374540875368,-723.8680578716284,1.034563843674722,1.3151326521910978,0.9854469854469854,0.08436539711321384,0.9155633093401123,worsened,22,4,-1,10,ts-order-service
6,re1_tt__ts-order-service_delay__3,re1_tt,delay,-0.001997599240379344,-8.50500207795062,9.50500207795062,1.0019975992403793,-775.7257776832039,0.9831498539654014,1.4149999999999996,0.9334719334719335,0.03318173440187249,0.9665428420806679,worsened,23,3,-1,5,ts-order-service
6,re1_tt__ts-order-service_delay__4,re1_tt,delay,-0.0007773145884031329,,,1.0007773145884031,-720.4947205033036,0.9844026637315105,0.8547222222222223,1.0,0.08149498772577185,0.9186840120289499,worsened,23,3,-1,5,ts-order-service
1,re1_tt__ts-order-service_delay__5,re1_tt,delay,0.21511587309955305,-219.25947286878355,220.25947286878355,0.784884126900447,-329.4604360911353,0.7438800535916505,0.8966666666666667,1.0,0.1215631279138086,0.7990555586118043,same,23,3,0,1,ts-order-service
2,re1_tt__ts-order-service_disk__1,re1_tt,disk,-0.0006981429597217037,-271013.7507180667,271014.7507180667,1.0006981429597217,-986.1981113863908,1.0006942273527843,1108059.2832944065,0.9806094182825484,0.05442239023365287,0.9455884222697886,worsened,26,4,-1,1,ts-order-service
2,re1_tt__ts-order-service_disk__2,re1_tt,disk,0.007395601364560189,,,0.9926043986354398,-981.142696359434,0.9905871750536799,1107994.291816354,0.961218836565097,0.06214034143921476,0.9378596528623664,worsened,26,4,-1,1,ts-order-service
2,re1_tt__ts-order-service_disk__3,re1_tt,disk,-0.011846198177719702,-220459.60840575735,220460.60840575735,1.0118461981777198,-1030.4791863167402,1.0109692191096182,1108060.2558207796,0.9875346260387812,0.05495270686726032,0.9451613966911414,worsened,26,4,-1,1,ts-order-service
2,re1_tt__ts-order-service_disk__4,re1_tt,disk,-0.007594779931736517,,,1.0075947799317366,-1011.5116158280757,1.0130340265147235,1107919.7632707467,0.9722991689750693,0.052311977787505966,0.9477501905508277,same,26,4,0,2,ts-order-service
3,re1_tt__ts-order-service_disk__5,re1_tt,disk,-0.010681620712127415,-64593.53164290159,64594.53164290159,1.0106816207121274,-957.6884630814707,1.0040252416933115,1107999.1841976962,0.9445983379501385,0.05705412971136743,0.9430277449804796,worsened,26,4,-2,1,ts-order-service
2,re1_tt__ts-order-service_loss__1,re1_tt,loss,-0.1667450844696967,,,1.1667450844696967,-37.514278742241004,1.1306102894815258,0.6036847389602531,0.9885654885654886,0.07326330306056346,0.9511196767583405,improved,23,4,1,3,ts-order-service
2,re1_tt__ts-order-service_loss__2,re1_tt,loss,-0.17854988305366865,-118.35092968616539,119.35092968616539,1.1785498830536687,-42.07735436851908,1.1493420776013963,0.012683591883118548,0.9771309771309772,0.6219066671874411,0.03585932833985583,improved,23,3,1,3,ts-order-service
1,re1_tt__ts-order-service_loss__3,re1_tt,loss,-3.9715033550651606,,,4.971503355065161,-255.77889740401633,5.321466770043516,2.888334634826795,1.0,0.021893415475296205,0.9732414709534349,same,23,4,0,1,ts-order-service
1,re1_tt__ts-order-service_loss__4,re1_tt,loss,-0.07769121991233285,,,1.077691219912333,-191.04683377155652,0.9119527962790153,0.9941046351196223,1.0,0.037587159168836766,0.9425254096566414,same,27,3,0,1,ts-order-service
3,re1_tt__ts-order-service_loss__5,re1_tt,loss,0.1783503465108236,,,0.8216496534891764,-523.7035720581939,1.011019047704653,2.373861647373045,0.9875259875259875,0.021179658528076347,0.9741973109077811,same,27,4,0,3,ts-order-service
1,re1_tt__ts-order-service_mem__1,re1_tt,mem,-0.0018382352941176405,,,1.0018382352941178,-92.92285699626336,1.0,2297856.0,0.9854469854469855,1.0,0.0,same,26,3,0,1,ts-order-service
1,re1_tt__ts-order-service_mem__2,re1_tt,mem,-0.0625,,,1.0625,-92.90473310719062,1.0625,2297856.0,0.9812889812889813,1.0,0.0,same,26,3,0,1,ts-order-service
1,re1_tt__ts-order-service_mem__3,re1_tt,mem,-0.0002478984968011799,-255.4537501828471,256.4537501828471,1.0002478984968013,-92.5212194513224,1.0002475108285989,2230272.0,0.9850948509485095,0.5124865357291977,0.48752298017453577,same,27,4,0,1,ts-order-service
1,re1_tt__ts-order-service_mem__4,re1_tt,mem,-0.0625,,,1.0625,-92.89268925077158,1.0625,2297856.0,0.975051975051975,1.0,0.0,same,26,3,0,1,ts-order-service
1,re1_tt__ts-order-service_mem__5,re1_tt,mem,-0.03125,,,1.03125,-92.88797027520013,1.0,2297856.0,0.9604989604989606,1.0,0.0,same,26,3,0,1,ts-order-service
1,re1_tt__ts-route-service_cpu__1,re1_tt,cpu,0.0,,,1.0,-92.7742654353915,1.0,2162688.0,0.9823284823284824,0.8871706870889684,0.11316852104074643,same,22,4,0,1,ts-route-service
1,re1_tt__ts-route-service_cpu__2,re1_tt,cpu,0.0,-145.5683783645879,146.5683783645879,1.0,-92.80503143712667,1.0,2162688.0,0.9812889812889813,0.9826421147205295,0.017358646915780318,same,22,4,0,1,ts-route-service
1,re1_tt__ts-route-service_cpu__3,re1_tt,cpu,0.0,,,1.0,-92.84234527837361,1.0,1959936.0,0.9937629937629938,0.9760098094024379,0.023847881052802434,same,22,4,0,1,ts-route-service
1,re1_tt__ts-route-service_cpu__4,re1_tt,cpu,0.0,,,1.0,-388.0502703435868,1.0,1959936.0,0.9708939708939709,0.5932080366550437,0.4067718447813756,same,22,4,0,1,ts-route-service
1,re1_tt__ts-route-service_cpu__5,re1_tt,cpu,0.0,-62.23929256613242,63.23929256613242,1.0,-92.79885504813683,1.0,2095104.0,0.9792099792099792,0.9581746239702511,0.041919497057988794,same,22,4,0,1,ts-route-service
6,re1_tt__ts-route-service_delay__1,re1_tt,delay,-0.0019502337599306419,-436.15029071057364,437.15029071057364,1.0019502337599306,-18.478612920948763,1.0026551094556815,0.7827999335741291,1.0,0.5564193900796433,0.4432109602846276,worsened,22,3,-1,5,ts-route-service
2,re1_tt__ts-route-service_delay__2,re1_tt,delay,-0.0030297907195298013,-2371.6935663912805,2372.6935663912805,1.0030297907195298,-23.533959032977236,1.0029720689008619,0.4467614489195225,1.0,0.9711347524508828,0.028882963158005308,same,22,3,0,2,ts-route-service
1,re1_tt__ts-route-service_delay__3,re1_tt,delay,-0.008375987048135913,-993.7744240632868,994.7744240632868,1.008375987048136,-19.886370327328223,1.0070825814025508,0.755301575367197,0.9812889812889813,0.938673056043509,0.06086893001325587,improved,22,3,1,2,ts-route-service
5,re1_tt__ts-route-service_delay__4,re1_tt,delay,0.01706034769290976,-542.5916227644319,543.5916227644319,0.9829396523070902,-9.672326470171356,0.9872046568377126,0.6599960971842869,1.0,0.3676938021273757,0.6330656870699255,improved,23,3,1,6,ts-route-service
1,re1_tt__ts-route-service_delay__5,re1_tt,delay,0.008817725521686248,,,0.9911822744783138,-22.550992789054362,0.9911194709073443,0.672152603595145,0.9896049896049897,0.9613278495963842,0.03849861710513587,improved,23,3,1,2,ts-route-service
1,re1_tt__ts-route-service_disk__1,re1_tt,disk,-0.1454118373152663,,,1.1454118373152662,-1073.4827962031459,1.164598134931802,1106374.8036440234,0.9889196675900277,0.060434295975585084,0.9397766329951924,same,26,4,0,1,ts-route-service
2,re1_tt__ts-route-service_disk__2,re1_tt,disk,-0.0003299162523360266,,,1.000329916252336,-1058.1174615754853,1.0002199735942408,1107531.3608887058,0.9889196675900277,0.06070172792235149,0.9392982552489859,worsened,27,4,-1,1,ts-route-service
1,re1_tt__ts-route-service_disk__3,re1_tt,disk,-0.07669122281083307,-24501.15928944747,24502.15928944747,1.0766912228108332,-1001.9803248096323,1.0766911935368668,1106175.608214613,0.9875346260387812,0.06351905518472357,0.9374485116698656,same,27,4,0,1,ts-route-service
1,re1_tt__ts-route-service_disk__4,re1_tt,disk,0.0022757593469657778,-217817.73628429565,217818.73628429565,0.9977242406530342,-1089.2930791205918,0.9935975770193854,1107684.59112866,0.9944598337950139,0.058057392219121325,0.9419538766468802,same,27,4,0,1,ts-route-service
2,re1_tt__ts-route-service_disk__5,re1_tt,disk,-0.10271086467421942,,,1.1027108646742194,-995.0136200484662,1.0828578859333793,1106283.5080609298,0.9667590027700831,0.05895774012007452,0.9437078114803497,worsened,27,4,-1,1,ts-route-service
1,re1_tt__ts-route-service_loss__1,re1_tt,loss,-0.04542652276024062,,,1.0454265227602406,-26.073821839154334,1.0495960879035702,0.8296083856591069,0.9875259875259875,0.6017345552158588,0.3996630293941933,improved,26,3,2,3,ts-route-service
2,re1_tt__ts-route-service_loss__2,re1_tt,loss,-0.030380516497693355,,,1.0303805164976934,-10.47978097906207,1.025343070872494,0.8250088014907896,1.0,0.2838886271677922,0.7181029467513933,improved,22,3,2,4,ts-route-service
2,re1_tt__ts-route-service_loss__3,re1_tt,loss,-0.04087312535158838,-815.9719122429516,816.9719122429516,1.0408731253515884,-28.59530707389058,1.0403371451799122,0.8661137831512091,0.9833679833679834,0.768459415678784,0.2329842469966527,improved,22,3,1,3,ts-route-service
5,re1_tt__ts-route-service_loss__4,re1_tt,loss,0.045169626099763494,-449.7216598156286,450.7216598156286,0.9548303739002365,-14.50061355532489,0.9413971263560315,0.6487694516347898,0.9854469854469855,0.11803220584063194,0.8521305740243372,improved,23,4,1,6,ts-route-service
13,re1_tt__ts-route-service_loss__5,re1_tt,loss,-0.046065400030791404,,,1.0460654000307914,-454.244550815155,1.074401852630077,0.8393311689909975,0.9792099792099792,0.04404396916046743,0.9562431561572755,improved,23,3,2,15,ts-route-service
1,re1_tt__ts-route-service_mem__1,re1_tt,mem,0.0,,,1.0,-365.21567968189447,1.0,155332608.0,0.9708939708939709,0.5096773010495752,0.4903219786451737,same,26,4,0,1,ts-route-service
1,re1_tt__ts-route-service_mem__2,re1_tt,mem,7.425191198584535e-05,,,0.9999257480880142,-150.30279476367423,0.9999628740440066,156821504.0,0.9584199584199584,0.5153142918998211,0.48468551857859116,same,26,4,0,1,ts-route-service
1,re1_tt__ts-route-service_mem__3,re1_tt,mem,-0.0625,-1352.9886832104587,1353.9886832104587,1.0625,-92.88694531002147,1.03125,2162688.0,0.9812889812889813,0.9631725172232357,0.0362290771712372,same,26,4,0,1,ts-route-service
1,re1_tt__ts-route-service_mem__4,re1_tt,mem,0.0,,,1.0,-329.7294346624865,0.9999477903725447,156909568.0,0.9875259875259875,0.5175043176107574,0.4824956286491653,same,26,4,0,1,ts-route-service
1,re1_tt__ts-route-service_mem__5,re1_tt,mem,0.0,,,1.0,-92.8713897348407,1.0,2162688.0,0.9896049896049897,1.0,0.0,same,26,3,0,1,ts-route-service
1,re1_tt__ts-train-service_cpu__1,re1_tt,cpu,-0.006161971830987878,-15.589672408927107,16.589672408927107,1.0061619718309878,-92.75594068094324,1.006161971830986,2162688.0,0.970893970893971,0.627206147142237,0.37290082735262864,same,22,4,0,1,ts-train-service
1,re1_tt__ts-train-service_cpu__2,re1_tt,cpu,-0.0015819916408893464,,,1.0015819916408892,-92.73165655683806,1.0010308321738006,1081376.972609951,0.974012474012474,0.944037504509925,0.05594234251556471,same,22,4,0,1,ts-train-service
1,re1_tt__ts-train-service_cpu__3,re1_tt,cpu,0.0,,,1.0,-92.79885504813683,1.0,2162688.0,0.9792099792099792,1.0,0.0,same,22,3,0,1,ts-train-service
1,re1_tt__ts-train-service_cpu__4,re1_tt,cpu,0.0,,,1.0,-92.7926904078322,1.0,1959936.0,0.9771309771309772,0.910288726463367,0.0897100232156291,same,22,4,0,1,ts-train-service
1,re1_tt__ts-train-service_cpu__5,re1_tt,cpu,-0.000881834215124333,-116.45342563161381,117.45342563161381,1.0008818342151242,-92.76814625061343,1.0008818342151675,2162688.0,0.975051975051975,0.9162738836381901,0.08383865436111866,same,22,4,0,1,ts-train-service
2,re1_tt__ts-train-service_delay__1,re1_tt,delay,0.000746958649932683,-655.7927134938857,656.7927134938857,0.9992530413500673,-22.759466837275795,0.9984117170900522,0.9164907360732905,1.0,0.842417652880303,0.15714440548319777,improved,22,3,2,4,ts-train-service
2,re1_tt__ts-train-service_delay__2,re1_tt,delay,-0.0012129924521495639,-20885.016445823076,20886.016445823076,1.0012129924521496,-29.920651865231775,1.0012128118620638,0.8945646715302472,0.9812889812889813,0.9986485867901157,0.0013510043591291412,same,22,3,0,2,ts-train-service
3,re1_tt__ts-train-service_delay__3,re1_tt,delay,-0.0014134529882612323,,,1.0014134529882612,-6.934026466576597,1.001328074161472,0.8974951226200021,0.9833679833679834,0.8128015005194839,0.18711365617128112,improved,23,3,2,5,ts-train-service
4,re1_tt__ts-train-service_delay__4,re1_tt,delay,0.0049867317823895085,-2447.566269469925,2448.566269469925,0.9950132682176105,-21.621913593018235,0.9945760183006093,0.8952458927134547,1.0,0.8890157074630867,0.1110222704303518,same,23,3,0,4,ts-train-service
6,re1_tt__ts-train-service_delay__5,re1_tt,delay,-0.005645980454729083,-6048.568897977831,6049.568897977831,1.005645980454729,-18.12852296164374,1.0053098565073828,0.9431174457979355,0.9833679833679834,0.9230667462959858,0.07698962337319425,improved,23,3,1,7,ts-train-service
4,re1_tt__ts-train-service_disk__1,re1_tt,disk,-0.008344079790883696,,,1.0083440797908838,-1082.0451266509904,1.0083440741886682,1107849.2757318015,0.9750692520775623,0.0395887671386159,0.9604112065784478,worsened,26,4,-2,2,ts-train-service
2,re1_tt__ts-train-service_disk__2,re1_tt,disk,-0.04802471282009324,,,1.0480247128200932,-1051.1375440410202,1.0429276305581894,1107707.242347878,0.9806094182825484,0.05650901024570592,0.9437794286959503,same,27,4,0,2,ts-train-service
1,re1_tt__ts-train-service_disk__3,re1_tt,disk,0.0020782831393946766,,,0.9979217168606054,-1033.4450269030767,0.9970177833115519,1107720.1003981773,0.9722991689750693,0.05432234118726931,0.9457685428131561,same,27,4,0,1,ts-train-service
2,re1_tt__ts-train-service_disk__4,re1_tt,disk,-0.0007696436714542676,,,1.0007696436714544,-968.8686017366404,0.9994004163125223,1107688.26895006,0.9653739612188366,0.06683134905928305,0.9332170692089353,worsened,27,4,-1,1,ts-train-service
2,re1_tt__ts-train-service_disk__5,re1_tt,disk,-0.00406216278308702,,,1.004062162783087,-1012.9158245511353,1.0040621613552174,1107654.3446514232,0.9750692520775623,0.062018025812026235,0.9379819526181126,worsened,27,4,-1,1,ts-train-service
4,re1_tt__ts-train-service_loss__1,re1_tt,loss,0.012363460033405271,-1406.8690009695274,1407.8690009695274,0.9876365399665947,-27.567981743924975,0.9868033798895385,1.2472799369735916,1.0,0.9427831325396967,0.0561446481375418,improved,23,3,1,5,ts-train-service
2,re1_tt__ts-train-service_loss__2,re1_tt,loss,-0.024976974864304724,,,1.0249769748643047,-23.431106084212388,1.0249771278533644,0.7498626771268889,0.9854469854469855,0.84901885439175,0.14508303360680055,improved,22,3,1,3,ts-train-service
1,re1_tt__ts-train-service_loss__3,re1_tt,loss,-0.008671825885446571,-6880.20309766705,6881.20309766705,1.0086718258854466,-24.652947355119977,1.0108027531388613,1.0965133875823772,1.0,0.8242548581111832,0.1707103890777252,improved,26,3,2,3,ts-train-service
1,re1_tt__ts-train-service_loss__4,re1_tt,loss,-0.046941721567615335,-241.72378299039786,242.72378299039786,1.0469417215676153,-20.27115494704003,1.0446478623926794,1.0046206243427918,0.9958419958419958,0.8468785959692087,0.15226959277932822,improved,26,4,4,5,ts-train-service
1,re1_tt__ts-train-service_loss__5,re1_tt,loss,-0.02664552005041887,-515.8834092431769,516.8834092431769,1.026645520050419,-8.691946884047411,1.0250568703267064,0.9257823173744926,0.9792099792099792,0.5358853677003514,0.465787979908379,improved,26,4,3,4,ts-train-service
1,re1_tt__ts-train-service_mem__1,re1_tt,mem,0.0,-2328.6467813575064,2329.6467813575064,1.0,-92.87187185874609,1.0,2230272.0,0.9688149688149689,0.9720022137013771,0.028052641534862897,same,26,4,0,1,ts-train-service
1,re1_tt__ts-train-service_mem__2,re1_tt,mem,-0.0625,-8645.024066668906,8646.024066668906,1.0625,-92.8521635328525,1.03125,2230272.0,0.9688149688149689,0.999733028495466,0.000266138500232456,same,26,4,0,1,ts-train-service
1,re1_tt__ts-train-service_mem__3,re1_tt,mem,0.0,,,1.0,-369.981766448931,1.0,394285056.0,0.9667359667359667,0.5124853649731531,0.48751463502684683,same,26,4,0,1,ts-train-service
1,re1_tt__ts-train-service_mem__4,re1_tt,mem,0.0,,,1.0,-92.93007930309068,1.0,2297856.0,0.9771309771309772,1.0,0.0,same,26,3,0,1,ts-train-service
1,re1_tt__ts-train-service_mem__5,re1_tt,mem,0.02941176470588236,,,0.9705882352941176,-92.85929038090944,1.0,2162688.0,0.9792099792099792,1.0,0.0,same,26,3,0,1,ts-train-service
1,re1_tt__ts-travel-service_cpu__1,re1_tt,cpu,-0.001737619461365414,,,1.0017376194613654,-92.8112197305145,1.001737619461338,2162688.0,0.9833679833679834,0.7164754710240688,0.282583279211167,same,22,4,0,1,ts-travel-service
1,re1_tt__ts-travel-service_cpu__2,re1_tt,cpu,0.0,-38.43190751201358,39.43190751201358,1.0,-92.81742008492256,1.0,2162688.0,0.9854469854469855,0.8426828268749755,0.15634701281267682,same,22,4,0,1,ts-travel-service
1,re1_tt__ts-travel-service_cpu__3,re1_tt,cpu,-0.008347978910359766,-58.035878617851246,59.035878617851246,1.0083479789103598,-92.7742654353915,1.008347978910369,2162688.0,0.971933471933472,0.7700496531761047,0.2297577818336909,same,22,4,0,1,ts-travel-service
1,re1_tt__ts-travel-service_cpu__4,re1_tt,cpu,0.0,,,1.0,-92.7926904078322,1.0,2162688.0,0.9771309771309772,1.0,0.0,same,23,3,0,1,ts-travel-service
1,re1_tt__ts-travel-service_cpu__5,re1_tt,cpu,0.0,,,1.0,-92.72561112502262,1.0,2162688.0,0.9542619542619543,1.0,0.0,same,22,3,0,1,ts-travel-service
10,re1_tt__ts-travel-service_delay__1,re1_tt,delay,-0.01838833312485877,,,1.0183883331248587,-841.7363312320622,1.0267393223809242,6.272185593303037,0.9927234927234927,0.09703716275816139,0.904062370667623,worsened,22,4,-1,9,ts-travel-service
14,re1_tt__ts-travel-service_delay__2,re1_tt,delay,,,,,-175.54828611744733,3.7083333333333335,1351680.0,1.0,0.006902226758715934,0.9929222829041279,improved,22,3,7,21,ts-travel-service
1,re1_tt__ts-travel-service_delay__3,re1_tt,delay,-0.0024737720755318993,-1039.6097160117333,1040.6097160117333,1.002473772075532,-39.87436611713929,1.0021160081009732,4.520767516152328,0.9896049896049897,0.5060620270588128,0.4940087099029131,improved,23,3,1,2,ts-travel-service
1,re1_tt__ts-travel-service_delay__4,re1_tt,delay,-0.007401671120511377,-10734.25031741366,10735.25031741366,1.0074016711205114,-22.92436595101026,1.0072094606302466,4.5464605182089235,0.9854469854469855,0.48039300270501384,0.5196032810786164,same,23,3,0,1,ts-travel-service
1,re1_tt__ts-travel-service_delay__5,re1_tt,delay,0.0022536711564350442,,,0.997746328843565,-769.8366413278031,1.0045903847296294,4.452945586228786,1.0,0.049590256993890816,0.9511646128633533,same,23,4,0,1,ts-travel-service
2,re1_tt__ts-travel-service_disk__1,re1_tt,disk,-0.008654343646205542,,,1.0086543436462057,-984.1527966914659,1.007221950324387,1107038.8889514692,0.9709141274238227,0.05406472135479413,0.9459875675365869,worsened,27,4,-1,1,ts-travel-service
1,re1_tt__ts-travel-service_disk__2,re1_tt,disk,0.05574120065615923,-39827.205779277305,39828.205779277305,0.9442587993438407,-1095.0562950602034,0.9442587993438405,1106461.5353166917,0.9958448753462603,0.04621872866640725,0.9537812713335927,same,27,4,0,1,ts-travel-service
1,re1_tt__ts-travel-service_disk__3,re1_tt,disk,-0.019952309718094252,,,1.0199523097180943,-1013.2524826771219,1.01954913973421,1107137.2500868798,0.9847645429362881,0.0630380413293417,0.9370508293275979,same,27,4,0,1,ts-travel-service
2,re1_tt__ts-travel-service_disk__4,re1_tt,disk,0.07117945526875902,-29808.385018404286,29809.385018404286,0.928820544731241,-1127.4594495287247,0.9331305036483901,1106406.0992311554,0.997229916897507,0.06857801766273701,0.9319656196996922,same,27,4,0,2,ts-travel-service
2,re1_tt__ts-travel-service_disk__5,re1_tt,disk,-0.008487061862844425,,,1.0084870618628443,-1033.1851150212847,1.0091737827240566,1107119.4841991828,0.9736842105263158,0.051259344084570495,0.9488031255389429,worsened,27,4,-1,1,ts-travel-service
5,re1_tt__ts-travel-service_loss__1,re1_tt,loss,-0.24696857317804516,-192.54822380755277,193.54822380755277,1.246968573178045,-90.87696420381826,1.2463696205808383,0.6062662680850173,0.974012474012474,0.15602020460188581,0.7940872583470283,worsened,23,3,-1,4,ts-travel-service
32,re1_tt__ts-travel-service_loss__2,re1_tt,loss,,0.9918519580932815,0.008148041906718443,,-272.0250151717225,,0.6762724875781001,0.7297297297297297,,0.9755229776936547,improved,26,5,3,35,ts-travel-service
3,re1_tt__ts-travel-service_loss__3,re1_tt,loss,-0.0033691220553055956,,,1.0033691220553056,-328.9394384457087,0.9660359052399949,2.6337088795807917,0.972972972972973,0.027476815858575532,0.9661849229919245,improved,23,4,1,4,ts-travel-service
2,re1_tt__ts-travel-service_loss__4,re1_tt,loss,0.11649570017250177,,,0.8835042998274982,-72.22373782264867,0.9084347601772392,2.4604284821850118,0.972972972972973,0.03431237870907988,0.9641367233140297,improved,23,4,1,3,ts-travel-service
7,re1_tt__ts-travel-service_loss__5,re1_tt,loss,-0.02520990202006157,,,1.0252099020200616,-131.42755844057547,1.0378882623703165,2.6265607806285542,0.975051975051975,0.028495189185861115,0.9669747451462318,improved,23,4,1,8,ts-travel-service
1,re1_tt__ts-travel-service_mem__1,re1_tt,mem,-0.022642300097023504,-113.89729384896687,114.89729384896687,1.0226423000970235,-92.90851418583225,1.000956328692503,2230272.0,0.9854469854469854,0.5465251516366161,0.454673033990886,same,27,4,0,1,ts-travel-service
1,re1_tt__ts-travel-service_mem__2,re1_tt,mem,-0.0625,-3324.7927292379136,3325.7927292379136,1.0625,-92.88284651350659,1.0625,2162688.0,0.9854469854469855,1.0,0.0,same,26,3,0,1,ts-travel-service
1,re1_tt__ts-travel-service_mem__3,re1_tt,mem,-0.001654392015003836,,,1.0016543920150038,-123.44706721549232,1.0025606977466626,2162688.0,0.9875259875259875,0.5969655644072216,0.4030032477347907,same,26,4,0,1,ts-travel-service
1,re1_tt__ts-travel-service_mem__4,re1_tt,mem,-0.0625,,,1.0625,-120.29082409020407,1.0327579119316217,2297856.0,0.9625779625779626,0.6130224938150621,0.3872445042840851,same,26,4,0,1,ts-travel-service
1,re1_tt__ts-travel-service_mem__5,re1_tt,mem,0.11559937183737501,,,0.884400628162625,-357.63024288234806,0.9420963441074588,156592128.0,0.9875259875259875,0.04717121579838537,0.9466116357846205,same,27,4,0,1,ts-travel-service
