case_id,dataset,fault_type,root_cause_service,raw_rank,stationary_counterfactual_ar_uncertainty_rank,direct_ar_bayes_factor_rank,intercept_shift_ar_bayes_factor_rank
re1_ob__adservice_cpu__1,re1_ob,cpu,adservice,2,2,2,1
re1_ob__adservice_cpu__2,re1_ob,cpu,adservice,1,1,3,1
re1_ob__adservice_cpu__3,re1_ob,cpu,adservice,1,1,2,1
re1_ob__adservice_cpu__4,re1_ob,cpu,adservice,1,1,2,1
re1_ob__adservice_cpu__5,re1_ob,cpu,adservice,2,2,2,1
re1_ob__adservice_delay__1,re1_ob,delay,adservice,1,1,1,2
re1_ob__adservice_delay__2,re1_ob,delay,adservice,4,3,4,2
re1_ob__adservice_delay__3,re1_ob,delay,adservice,2,2,7,2
re1_ob__adservice_delay__4,re1_ob,delay,adservice,2,2,8,1
re1_ob__adservice_delay__5,re1_ob,delay,adservice,1,1,3,2
re1_ob__adservice_disk__1,re1_ob,disk,adservice,1,1,1,1
re1_ob__adservice_disk__2,re1_ob,disk,adservice,1,1,2,1
re1_ob__adservice_disk__3,re1_ob,disk,adservice,1,1,2,1
re1_ob__adservice_disk__4,re1_ob,disk,adservice,1,1,2,1
re1_ob__adservice_disk__5,re1_ob,disk,adservice,1,1,2,1
re1_ob__adservice_loss__1,re1_ob,loss,adservice,1,1,1,2
re1_ob__adservice_loss__2,re1_ob,loss,adservice,2,2,5,3
re1_ob__adservice_loss__3,re1_ob,loss,adservice,1,1,2,1
re1_ob__adservice_loss__4,re1_ob,loss,adservice,1,1,3,2
re1_ob__adservice_loss__5,re1_ob,loss,adservice,1,1,4,1
re1_ob__adservice_mem__1,re1_ob,mem,adservice,1,1,2,1
re1_ob__adservice_mem__2,re1_ob,mem,adservice,2,2,3,1
re1_ob__adservice_mem__3,re1_ob,mem,adservice,1,1,1,1
re1_ob__adservice_mem__4,re1_ob,mem,adservice,2,2,2,1
re1_ob__adservice_mem__5,re1_ob,mem,adservice,2,2,2,1
re1_ob__cartservice_cpu__1,re1_ob,cpu,cartservice,1,1,2,1
re1_ob__cartservice_cpu__2,re1_ob,cpu,cartservice,2,2,3,1
re1_ob__cartservice_cpu__3,re1_ob,cpu,cartservice,2,2,2,1
re1_ob__cartservice_cpu__4,re1_ob,cpu,cartservice,3,3,3,1
re1_ob__cartservice_cpu__5,re1_ob,cpu,cartservice,2,2,3,1
re1_ob__cartservice_delay__1,re1_ob,delay,cartservice,2,3,2,2
re1_ob__cartservice_delay__2,re1_ob,delay,cartservice,6,2,7,3
re1_ob__cartservice_delay__3,re1_ob,delay,cartservice,5,4,5,2
re1_ob__cartservice_delay__4,re1_ob,delay,cartservice,3,2,5,2
re1_ob__cartservice_delay__5,re1_ob,delay,cartservice,3,3,7,3
re1_ob__cartservice_disk__1,re1_ob,disk,cartservice,1,1,2,2
re1_ob__cartservice_disk__2,re1_ob,disk,cartservice,1,1,2,1
re1_ob__cartservice_disk__3,re1_ob,disk,cartservice,2,1,1,1
re1_ob__cartservice_disk__4,re1_ob,disk,cartservice,1,1,2,1
re1_ob__cartservice_disk__5,re1_ob,disk,cartservice,1,1,1,1
re1_ob__cartservice_loss__1,re1_ob,loss,cartservice,1,1,1,5
re1_ob__cartservice_loss__2,re1_ob,loss,cartservice,7,7,6,8
re1_ob__cartservice_loss__3,re1_ob,loss,cartservice,2,2,3,7
re1_ob__cartservice_loss__4,re1_ob,loss,cartservice,2,2,2,6
re1_ob__cartservice_loss__5,re1_ob,loss,cartservice,3,1,3,8
re1_ob__cartservice_mem__1,re1_ob,mem,cartservice,2,2,2,1
re1_ob__cartservice_mem__2,re1_ob,mem,cartservice,2,2,3,1
re1_ob__cartservice_mem__3,re1_ob,mem,cartservice,1,1,1,1
re1_ob__cartservice_mem__4,re1_ob,mem,cartservice,1,1,2,1
re1_ob__cartservice_mem__5,re1_ob,mem,cartservice,2,2,2,1
re1_ob__checkoutservice_cpu__1,re1_ob,cpu,checkoutservice,1,1,1,1
re1_ob__checkoutservice_cpu__2,re1_ob,cpu,checkoutservice,1,1,1,1
re1_ob__checkoutservice_cpu__3,re1_ob,cpu,checkoutservice,2,2,2,1
re1_ob__checkoutservice_cpu__4,re1_ob,cpu,checkoutservice,1,1,2,1
re1_ob__checkoutservice_cpu__5,re1_ob,cpu,checkoutservice,1,1,1,1
re1_ob__checkoutservice_delay__1,re1_ob,delay,checkoutservice,1,1,1,1
re1_ob__checkoutservice_delay__2,re1_ob,delay,checkoutservice,5,4,7,1
re1_ob__checkoutservice_delay__3,re1_ob,delay,checkoutservice,4,3,6,1
re1_ob__checkoutservice_delay__4,re1_ob,delay,checkoutservice,4,3,6,1
re1_ob__checkoutservice_delay__5,re1_ob,delay,checkoutservice,3,2,5,1
re1_ob__checkoutservice_disk__1,re1_ob,disk,checkoutservice,1,1,1,1
re1_ob__checkoutservice_disk__2,re1_ob,disk,checkoutservice,2,2,2,1
re1_ob__checkoutservice_disk__3,re1_ob,disk,checkoutservice,1,1,1,1
re1_ob__checkoutservice_disk__4,re1_ob,disk,checkoutservice,1,1,2,1
re1_ob__checkoutservice_disk__5,re1_ob,disk,checkoutservice,1,1,2,1
re1_ob__checkoutservice_loss__1,re1_ob,loss,checkoutservice,5,3,7,1
re1_ob__checkoutservice_loss__2,re1_ob,loss,checkoutservice,7,5,9,2
re1_ob__checkoutservice_loss__3,re1_ob,loss,checkoutservice,7,7,13,7
re1_ob__checkoutservice_loss__4,re1_ob,loss,checkoutservice,5,5,10,3
re1_ob__checkoutservice_loss__5,re1_ob,loss,checkoutservice,8,7,8,2
re1_ob__checkoutservice_mem__1,re1_ob,mem,checkoutservice,1,1,1,1
re1_ob__checkoutservice_mem__2,re1_ob,mem,checkoutservice,2,1,2,1
re1_ob__checkoutservice_mem__3,re1_ob,mem,checkoutservice,1,1,2,1
re1_ob__checkoutservice_mem__4,re1_ob,mem,checkoutservice,1,1,1,1
re1_ob__checkoutservice_mem__5,re1_ob,mem,checkoutservice,1,1,1,1
re1_ob__currencyservice_cpu__1,re1_ob,cpu,currencyservice,2,2,5,1
re1_ob__currencyservice_cpu__2,re1_ob,cpu,currencyservice,1,1,1,1
re1_ob__currencyservice_cpu__3,re1_ob,cpu,currencyservice,3,1,5,1
re1_ob__currencyservice_cpu__4,re1_ob,cpu,currencyservice,3,2,3,1
re1_ob__currencyservice_cpu__5,re1_ob,cpu,currencyservice,2,2,2,1
re1_ob__currencyservice_delay__1,re1_ob,delay,currencyservice,1,1,1,2
re1_ob__currencyservice_delay__2,re1_ob,delay,currencyservice,6,2,5,2
re1_ob__currencyservice_delay__3,re1_ob,delay,currencyservice,1,1,1,2
re1_ob__currencyservice_delay__4,re1_ob,delay,currencyservice,4,4,6,2
re1_ob__currencyservice_delay__5,re1_ob,delay,currencyservice,3,3,6,2
re1_ob__currencyservice_disk__1,re1_ob,disk,currencyservice,2,2,7,1
re1_ob__currencyservice_disk__2,re1_ob,disk,currencyservice,1,1,3,1
re1_ob__currencyservice_disk__3,re1_ob,disk,currencyservice,1,1,2,1
re1_ob__currencyservice_disk__4,re1_ob,disk,currencyservice,2,1,5,1
re1_ob__currencyservice_disk__5,re1_ob,disk,currencyservice,1,1,5,1
re1_ob__currencyservice_loss__1,re1_ob,loss,currencyservice,3,3,3,6
re1_ob__currencyservice_loss__2,re1_ob,loss,currencyservice,1,1,2,6
re1_ob__currencyservice_loss__3,re1_ob,loss,currencyservice,4,4,4,8
re1_ob__currencyservice_loss__4,re1_ob,loss,currencyservice,1,1,2,7
re1_ob__currencyservice_loss__5,re1_ob,loss,currencyservice,2,3,2,7
re1_ob__currencyservice_mem__1,re1_ob,mem,currencyservice,1,1,1,2
re1_ob__currencyservice_mem__2,re1_ob,mem,currencyservice,1,1,1,3
re1_ob__currencyservice_mem__3,re1_ob,mem,currencyservice,1,1,1,3
re1_ob__currencyservice_mem__4,re1_ob,mem,currencyservice,1,1,1,1
re1_ob__currencyservice_mem__5,re1_ob,mem,currencyservice,2,2,2,1
re1_ob__productcatalogservice_cpu__1,re1_ob,cpu,productcatalogservice,2,2,5,1
re1_ob__productcatalogservice_cpu__2,re1_ob,cpu,productcatalogservice,1,1,2,1
re1_ob__productcatalogservice_cpu__3,re1_ob,cpu,productcatalogservice,1,1,2,1
re1_ob__productcatalogservice_cpu__4,re1_ob,cpu,productcatalogservice,3,3,6,1
re1_ob__productcatalogservice_cpu__5,re1_ob,cpu,productcatalogservice,1,1,2,1
re1_ob__productcatalogservice_delay__1,re1_ob,delay,productcatalogservice,2,1,1,2
re1_ob__productcatalogservice_delay__2,re1_ob,delay,productcatalogservice,3,2,2,4
re1_ob__productcatalogservice_delay__3,re1_ob,delay,productcatalogservice,4,4,7,5
re1_ob__productcatalogservice_delay__4,re1_ob,delay,productcatalogservice,1,1,1,3
re1_ob__productcatalogservice_delay__5,re1_ob,delay,productcatalogservice,1,2,2,2
re1_ob__productcatalogservice_disk__1,re1_ob,disk,productcatalogservice,1,1,4,1
re1_ob__productcatalogservice_disk__2,re1_ob,disk,productcatalogservice,1,1,3,2
re1_ob__productcatalogservice_disk__3,re1_ob,disk,productcatalogservice,1,1,4,1
re1_ob__productcatalogservice_disk__4,re1_ob,disk,productcatalogservice,1,1,3,1
re1_ob__productcatalogservice_disk__5,re1_ob,disk,productcatalogservice,1,1,4,1
re1_ob__productcatalogservice_loss__1,re1_ob,loss,productcatalogservice,2,2,8,1
re1_ob__productcatalogservice_loss__2,re1_ob,loss,productcatalogservice,4,4,10,3
re1_ob__productcatalogservice_loss__3,re1_ob,loss,productcatalogservice,5,5,7,2
re1_ob__productcatalogservice_loss__4,re1_ob,loss,productcatalogservice,3,3,4,2
re1_ob__productcatalogservice_loss__5,re1_ob,loss,productcatalogservice,6,5,11,2
re1_ob__productcatalogservice_mem__1,re1_ob,mem,productcatalogservice,2,2,2,1
re1_ob__productcatalogservice_mem__2,re1_ob,mem,productcatalogservice,1,1,1,1
re1_ob__productcatalogservice_mem__3,re1_ob,mem,productcatalogservice,2,2,2,4
re1_ob__productcatalogservice_mem__4,re1_ob,mem,productcatalogservice,1,1,1,4
re1_ob__productcatalogservice_mem__5,re1_ob,mem,productcatalogservice,1,1,1,1
re1_ss__carts_cpu__1,re1_ss,cpu,carts,1,1,1,1
re1_ss__carts_cpu__2,re1_ss,cpu,carts,1,1,1,1
re1_ss__carts_cpu__3,re1_ss,cpu,carts,2,2,1,1
re1_ss__carts_cpu__4,re1_ss,cpu,carts,1,1,1,2
re1_ss__carts_cpu__5,re1_ss,cpu,carts,1,1,1,1
re1_ss__carts_delay__1,re1_ss,delay,carts,1,1,1,1
re1_ss__carts_delay__2,re1_ss,delay,carts,1,1,1,1
re1_ss__carts_delay__3,re1_ss,delay,carts,3,3,1,2
re1_ss__carts_delay__4,re1_ss,delay,carts,1,1,1,2
re1_ss__carts_delay__5,re1_ss,delay,carts,1,1,1,2
re1_ss__carts_disk__1,re1_ss,disk,carts,2,2,1,1
re1_ss__carts_disk__2,re1_ss,disk,carts,1,1,1,1
re1_ss__carts_disk__3,re1_ss,disk,carts,2,2,1,1
re1_ss__carts_disk__4,re1_ss,disk,carts,1,1,1,1
re1_ss__carts_disk__5,re1_ss,disk,carts,3,3,2,1
re1_ss__carts_loss__1,re1_ss,loss,carts,1,1,2,1
re1_ss__carts_loss__2,re1_ss,loss,carts,1,1,1,1
re1_ss__carts_loss__3,re1_ss,loss,carts,4,3,4,1
re1_ss__carts_loss__4,re1_ss,loss,carts,1,1,1,1
re1_ss__carts_loss__5,re1_ss,loss,carts,2,2,1,1
re1_ss__carts_mem__1,re1_ss,mem,carts,1,1,2,1
re1_ss__carts_mem__2,re1_ss,mem,carts,1,1,1,1
re1_ss__carts_mem__3,re1_ss,mem,carts,1,1,1,1
re1_ss__carts_mem__4,re1_ss,mem,carts,1,1,1,1
re1_ss__carts_mem__5,re1_ss,mem,carts,1,1,1,1
re1_ss__catalogue_cpu__1,re1_ss,cpu,catalogue,1,1,1,1
re1_ss__catalogue_cpu__2,re1_ss,cpu,catalogue,1,1,1,1
re1_ss__catalogue_cpu__3,re1_ss,cpu,catalogue,1,1,1,1
re1_ss__catalogue_cpu__4,re1_ss,cpu,catalogue,1,1,1,1
re1_ss__catalogue_cpu__5,re1_ss,cpu,catalogue,1,1,1,1
re1_ss__catalogue_delay__1,re1_ss,delay,catalogue,1,1,2,1
re1_ss__catalogue_delay__2,re1_ss,delay,catalogue,2,2,2,2
re1_ss__catalogue_delay__3,re1_ss,delay,catalogue,3,3,4,1
re1_ss__catalogue_delay__4,re1_ss,delay,catalogue,4,4,1,1
re1_ss__catalogue_delay__5,re1_ss,delay,catalogue,2,2,2,1
re1_ss__catalogue_disk__1,re1_ss,disk,catalogue,1,1,1,1
re1_ss__catalogue_disk__2,re1_ss,disk,catalogue,1,1,1,2
re1_ss__catalogue_disk__3,re1_ss,disk,catalogue,1,1,1,1
re1_ss__catalogue_disk__4,re1_ss,disk,catalogue,1,1,1,1
re1_ss__catalogue_disk__5,re1_ss,disk,catalogue,1,1,1,1
re1_ss__catalogue_loss__1,re1_ss,loss,catalogue,1,1,4,1
re1_ss__catalogue_loss__2,re1_ss,loss,catalogue,1,1,2,1
re1_ss__catalogue_loss__3,re1_ss,loss,catalogue,1,1,2,1
re1_ss__catalogue_loss__4,re1_ss,loss,catalogue,1,1,2,1
re1_ss__catalogue_loss__5,re1_ss,loss,catalogue,3,1,6,1
re1_ss__catalogue_mem__1,re1_ss,mem,catalogue,1,1,2,1
re1_ss__catalogue_mem__2,re1_ss,mem,catalogue,1,1,1,1
re1_ss__catalogue_mem__3,re1_ss,mem,catalogue,1,1,1,1
re1_ss__catalogue_mem__4,re1_ss,mem,catalogue,1,1,1,1
re1_ss__catalogue_mem__5,re1_ss,mem,catalogue,1,1,2,1
re1_ss__orders_cpu__1,re1_ss,cpu,orders,1,1,1,2
re1_ss__orders_cpu__2,re1_ss,cpu,orders,1,1,1,1
re1_ss__orders_cpu__3,re1_ss,cpu,orders,1,1,1,1
re1_ss__orders_cpu__4,re1_ss,cpu,orders,1,1,1,1
re1_ss__orders_cpu__5,re1_ss,cpu,orders,1,1,1,1
re1_ss__orders_delay__1,re1_ss,delay,orders,1,1,1,1
re1_ss__orders_delay__2,re1_ss,delay,orders,1,1,3,3
re1_ss__orders_delay__3,re1_ss,delay,orders,2,1,4,2
re1_ss__orders_delay__4,re1_ss,delay,orders,1,1,3,2
re1_ss__orders_delay__5,re1_ss,delay,orders,1,1,1,1
re1_ss__orders_disk__1,re1_ss,disk,orders,1,1,1,3
re1_ss__orders_disk__2,re1_ss,disk,orders,1,1,1,5
re1_ss__orders_disk__3,re1_ss,disk,orders,1,1,1,2
re1_ss__orders_disk__4,re1_ss,disk,orders,1,1,1,3
re1_ss__orders_disk__5,re1_ss,disk,orders,1,1,1,2
re1_ss__orders_loss__1,re1_ss,loss,orders,1,1,1,1
re1_ss__orders_loss__2,re1_ss,loss,orders,1,1,3,7
re1_ss__orders_loss__3,re1_ss,loss,orders,2,3,3,4
re1_ss__orders_loss__4,re1_ss,loss,orders,4,3,5,3
re1_ss__orders_loss__5,re1_ss,loss,orders,4,4,1,4
re1_ss__orders_mem__1,re1_ss,mem,orders,1,1,1,1
re1_ss__orders_mem__2,re1_ss,mem,orders,1,1,2,1
re1_ss__orders_mem__3,re1_ss,mem,orders,1,1,1,1
re1_ss__orders_mem__4,re1_ss,mem,orders,1,1,1,1
re1_ss__orders_mem__5,re1_ss,mem,orders,1,1,1,1
re1_ss__payment_cpu__1,re1_ss,cpu,payment,1,1,1,1
re1_ss__payment_cpu__2,re1_ss,cpu,payment,1,1,1,1
re1_ss__payment_cpu__3,re1_ss,cpu,payment,1,1,1,1
re1_ss__payment_cpu__4,re1_ss,cpu,payment,1,1,1,1
re1_ss__payment_cpu__5,re1_ss,cpu,payment,1,1,1,1
re1_ss__payment_delay__1,re1_ss,delay,payment,1,1,3,2
re1_ss__payment_delay__2,re1_ss,delay,payment,1,1,2,1
re1_ss__payment_delay__3,re1_ss,delay,payment,3,3,3,1
re1_ss__payment_delay__4,re1_ss,delay,payment,3,3,4,1
re1_ss__payment_delay__5,re1_ss,delay,payment,1,1,1,2
re1_ss__payment_disk__1,re1_ss,disk,payment,1,1,1,1
re1_ss__payment_disk__2,re1_ss,disk,payment,1,1,1,1
re1_ss__payment_disk__3,re1_ss,disk,payment,1,1,1,1
re1_ss__payment_disk__4,re1_ss,disk,payment,1,1,1,2
re1_ss__payment_disk__5,re1_ss,disk,payment,1,1,1,1
re1_ss__payment_loss__1,re1_ss,loss,payment,1,1,1,1
re1_ss__payment_loss__2,re1_ss,loss,payment,1,1,1,2
re1_ss__payment_loss__3,re1_ss,loss,payment,1,1,4,2
re1_ss__payment_loss__4,re1_ss,loss,payment,1,1,1,1
re1_ss__payment_loss__5,re1_ss,loss,payment,1,1,1,1
re1_ss__payment_mem__1,re1_ss,mem,payment,1,1,1,1
re1_ss__payment_mem__2,re1_ss,mem,payment,1,1,1,1
re1_ss__payment_mem__3,re1_ss,mem,payment,1,1,1,1
re1_ss__payment_mem__4,re1_ss,mem,payment,1,1,1,1
re1_ss__payment_mem__5,re1_ss,mem,payment,1,1,1,1
re1_ss__user_cpu__1,re1_ss,cpu,user,1,1,1,1
re1_ss__user_cpu__2,re1_ss,cpu,user,1,1,2,1
re1_ss__user_cpu__3,re1_ss,cpu,user,1,1,1,2
re1_ss__user_cpu__4,re1_ss,cpu,user,1,1,1,1
re1_ss__user_cpu__5,re1_ss,cpu,user,1,1,1,1
re1_ss__user_delay__1,re1_ss,delay,user,2,2,1,4
re1_ss__user_delay__2,re1_ss,delay,user,1,1,4,5
re1_ss__user_delay__3,re1_ss,delay,user,1,1,1,6
re1_ss__user_delay__4,re1_ss,delay,user,1,1,2,5
re1_ss__user_delay__5,re1_ss,delay,user,1,1,1,5
re1_ss__user_disk__1,re1_ss,disk,user,1,1,1,1
re1_ss__user_disk__2,re1_ss,disk,user,1,1,1,1
re1_ss__user_disk__3,re1_ss,disk,user,1,1,1,1
re1_ss__user_disk__4,re1_ss,disk,user,1,1,1,1
re1_ss__user_disk__5,re1_ss,disk,user,1,1,1,1
re1_ss__user_loss__1,re1_ss,loss,user,1,1,1,2
re1_ss__user_loss__2,re1_ss,loss,user,1,1,3,1
re1_ss__user_loss__3,re1_ss,loss,user,4,6,2,1
re1_ss__user_loss__4,re1_ss,loss,user,4,4,5,1
re1_ss__user_loss__5,re1_ss,loss,user,1,1,2,1
re1_ss__user_mem__1,re1_ss,mem,user,1,1,1,1
re1_ss__user_mem__2,re1_ss,mem,user,1,1,1,1
re1_ss__user_mem__3,re1_ss,mem,user,1,1,1,2
re1_ss__user_mem__4,re1_ss,mem,user,1,1,1,1
re1_ss__user_mem__5,re1_ss,mem,user,1,1,5,2
re1_tt__ts-auth-service_cpu__1,re1_tt,cpu,ts-auth-service,1,1,1,1
re1_tt__ts-auth-service_cpu__2,re1_tt,cpu,ts-auth-service,1,1,1,1
re1_tt__ts-auth-service_cpu__3,re1_tt,cpu,ts-auth-service,1,1,1,1
re1_tt__ts-auth-service_cpu__4,re1_tt,cpu,ts-auth-service,1,1,2,1
re1_tt__ts-auth-service_cpu__5,re1_tt,cpu,ts-auth-service,1,1,1,1
re1_tt__ts-auth-service_delay__1,re1_tt,delay,ts-auth-service,20,13,22,1
re1_tt__ts-auth-service_delay__2,re1_tt,delay,ts-auth-service,26,11,45,1
re1_tt__ts-auth-service_delay__3,re1_tt,delay,ts-auth-service,20,11,29,2
re1_tt__ts-auth-service_delay__4,re1_tt,delay,ts-auth-service,8,8,4,2
re1_tt__ts-auth-service_delay__5,re1_tt,delay,ts-auth-service,8,7,22,2
re1_tt__ts-auth-service_disk__1,re1_tt,disk,ts-auth-service,1,1,1,1
re1_tt__ts-auth-service_disk__2,re1_tt,disk,ts-auth-service,1,1,1,1
re1_tt__ts-auth-service_disk__3,re1_tt,disk,ts-auth-service,2,2,2,2
re1_tt__ts-auth-service_disk__4,re1_tt,disk,ts-auth-service,2,2,4,1
re1_tt__ts-auth-service_disk__5,re1_tt,disk,ts-auth-service,1,1,1,1
re1_tt__ts-auth-service_loss__1,re1_tt,loss,ts-auth-service,13,9,23,1
re1_tt__ts-auth-service_loss__2,re1_tt,loss,ts-auth-service,24,15,33,4
re1_tt__ts-auth-service_loss__3,re1_tt,loss,ts-auth-service,23,16,22,4
re1_tt__ts-auth-service_loss__4,re1_tt,loss,ts-auth-service,22,10,34,2
re1_tt__ts-auth-service_loss__5,re1_tt,loss,ts-auth-service,24,10,50,3
re1_tt__ts-auth-service_mem__1,re1_tt,mem,ts-auth-service,1,1,1,1
re1_tt__ts-auth-service_mem__2,re1_tt,mem,ts-auth-service,1,1,2,2
re1_tt__ts-auth-service_mem__3,re1_tt,mem,ts-auth-service,1,1,1,4
re1_tt__ts-auth-service_mem__4,re1_tt,mem,ts-auth-service,1,1,1,2
re1_tt__ts-auth-service_mem__5,re1_tt,mem,ts-auth-service,1,1,1,2
re1_tt__ts-order-service_cpu__1,re1_tt,cpu,ts-order-service,1,1,1,1
re1_tt__ts-order-service_cpu__2,re1_tt,cpu,ts-order-service,1,1,1,1
re1_tt__ts-order-service_cpu__3,re1_tt,cpu,ts-order-service,1,1,1,1
re1_tt__ts-order-service_cpu__4,re1_tt,cpu,ts-order-service,1,1,1,1
re1_tt__ts-order-service_cpu__5,re1_tt,cpu,ts-order-service,1,1,1,1
re1_tt__ts-order-service_delay__1,re1_tt,delay,ts-order-service,12,12,35,2
re1_tt__ts-order-service_delay__2,re1_tt,delay,ts-order-service,10,8,25,2
re1_tt__ts-order-service_delay__3,re1_tt,delay,ts-order-service,5,5,13,2
re1_tt__ts-order-service_delay__4,re1_tt,delay,ts-order-service,5,5,14,1
re1_tt__ts-order-service_delay__5,re1_tt,delay,ts-order-service,1,1,8,1
re1_tt__ts-order-service_disk__1,re1_tt,disk,ts-order-service,1,1,1,3
re1_tt__ts-order-service_disk__2,re1_tt,disk,ts-order-service,1,1,1,6
re1_tt__ts-order-service_disk__3,re1_tt,disk,ts-order-service,1,1,1,5
re1_tt__ts-order-service_disk__4,re1_tt,disk,ts-order-service,2,2,1,3
re1_tt__ts-order-service_disk__5,re1_tt,disk,ts-order-service,1,1,1,3
re1_tt__ts-order-service_loss__1,re1_tt,loss,ts-order-service,3,2,13,7
re1_tt__ts-order-service_loss__2,re1_tt,loss,ts-order-service,3,2,17,6
re1_tt__ts-order-service_loss__3,re1_tt,loss,ts-order-service,1,1,13,6
re1_tt__ts-order-service_loss__4,re1_tt,loss,ts-order-service,1,1,21,13
re1_tt__ts-order-service_loss__5,re1_tt,loss,ts-order-service,3,2,20,3
re1_tt__ts-order-service_mem__1,re1_tt,mem,ts-order-service,1,1,1,1
re1_tt__ts-order-service_mem__2,re1_tt,mem,ts-order-service,1,1,1,2
re1_tt__ts-order-service_mem__3,re1_tt,mem,ts-order-service,1,1,1,1
re1_tt__ts-order-service_mem__4,re1_tt,mem,ts-order-service,1,1,1,3
re1_tt__ts-order-service_mem__5,re1_tt,mem,ts-order-service,1,1,1,3
re1_tt__ts-route-service_cpu__1,re1_tt,cpu,ts-route-service,1,1,1,1
re1_tt__ts-route-service_cpu__2,re1_tt,cpu,ts-route-service,1,1,1,2
re1_tt__ts-route-service_cpu__3,re1_tt,cpu,ts-route-service,1,1,1,2
re1_tt__ts-route-service_cpu__4,re1_tt,cpu,ts-route-service,1,1,1,1
re1_tt__ts-route-service_cpu__5,re1_tt,cpu,ts-route-service,1,1,1,1
re1_tt__ts-route-service_delay__1,re1_tt,delay,ts-route-service,5,4,24,1
re1_tt__ts-route-service_delay__2,re1_tt,delay,ts-route-service,2,2,13,1
re1_tt__ts-route-service_delay__3,re1_tt,delay,ts-route-service,2,2,13,1
re1_tt__ts-route-service_delay__4,re1_tt,delay,ts-route-service,6,2,3,1
re1_tt__ts-route-service_delay__5,re1_tt,delay,ts-route-service,2,3,3,2
re1_tt__ts-route-service_disk__1,re1_tt,disk,ts-route-service,1,1,2,1
re1_tt__ts-route-service_disk__2,re1_tt,disk,ts-route-service,1,1,1,1
re1_tt__ts-route-service_disk__3,re1_tt,disk,ts-route-service,1,1,1,1
re1_tt__ts-route-service_disk__4,re1_tt,disk,ts-route-service,1,1,1,2
re1_tt__ts-route-service_disk__5,re1_tt,disk,ts-route-service,1,1,1,2
re1_tt__ts-route-service_loss__1,re1_tt,loss,ts-route-service,3,2,24,1
re1_tt__ts-route-service_loss__2,re1_tt,loss,ts-route-service,4,1,14,1
re1_tt__ts-route-service_loss__3,re1_tt,loss,ts-route-service,3,2,18,1
re1_tt__ts-route-service_loss__4,re1_tt,loss,ts-route-service,6,4,15,3
re1_tt__ts-route-service_loss__5,re1_tt,loss,ts-route-service,15,7,16,3
re1_tt__ts-route-service_mem__1,re1_tt,mem,ts-route-service,1,1,1,3
re1_tt__ts-route-service_mem__2,re1_tt,mem,ts-route-service,1,1,1,5
re1_tt__ts-route-service_mem__3,re1_tt,mem,ts-route-service,1,1,1,2
re1_tt__ts-route-service_mem__4,re1_tt,mem,ts-route-service,1,1,1,1
re1_tt__ts-route-service_mem__5,re1_tt,mem,ts-route-service,1,1,2,1
re1_tt__ts-train-service_cpu__1,re1_tt,cpu,ts-train-service,1,1,1,1
re1_tt__ts-train-service_cpu__2,re1_tt,cpu,ts-train-service,1,1,1,2
re1_tt__ts-train-service_cpu__3,re1_tt,cpu,ts-train-service,1,1,2,1
re1_tt__ts-train-service_cpu__4,re1_tt,cpu,ts-train-service,1,1,1,1
re1_tt__ts-train-service_cpu__5,re1_tt,cpu,ts-train-service,1,1,1,2
re1_tt__ts-train-service_delay__1,re1_tt,delay,ts-train-service,4,3,7,1
re1_tt__ts-train-service_delay__2,re1_tt,delay,ts-train-service,2,2,17,5
re1_tt__ts-train-service_delay__3,re1_tt,delay,ts-train-service,5,4,14,4
re1_tt__ts-train-service_delay__4,re1_tt,delay,ts-train-service,4,4,1,3
re1_tt__ts-train-service_delay__5,re1_tt,delay,ts-train-service,7,6,18,4
re1_tt__ts-train-service_disk__1,re1_tt,disk,ts-train-service,2,2,2,2
re1_tt__ts-train-service_disk__2,re1_tt,disk,ts-train-service,2,2,2,1
re1_tt__ts-train-service_disk__3,re1_tt,disk,ts-train-service,1,1,1,2
re1_tt__ts-train-service_disk__4,re1_tt,disk,ts-train-service,1,1,1,2
re1_tt__ts-train-service_disk__5,re1_tt,disk,ts-train-service,1,1,1,1
re1_tt__ts-train-service_loss__1,re1_tt,loss,ts-train-service,5,4,6,6
re1_tt__ts-train-service_loss__2,re1_tt,loss,ts-train-service,3,2,13,3
re1_tt__ts-train-service_loss__3,re1_tt,loss,ts-train-service,3,2,29,7
re1_tt__ts-train-service_loss__4,re1_tt,loss,ts-train-service,5,2,21,5
re1_tt__ts-train-service_loss__5,re1_tt,loss,ts-train-service,4,4,20,2
re1_tt__ts-train-service_mem__1,re1_tt,mem,ts-train-service,1,1,1,4
re1_tt__ts-train-service_mem__2,re1_tt,mem,ts-train-service,1,1,1,2
re1_tt__ts-train-service_mem__3,re1_tt,mem,ts-train-service,1,1,1,4
re1_tt__ts-train-service_mem__4,re1_tt,mem,ts-train-service,1,1,1,3
re1_tt__ts-train-service_mem__5,re1_tt,mem,ts-train-service,1,1,1,2
re1_tt__ts-travel-service_cpu__1,re1_tt,cpu,ts-travel-service,1,1,3,1
re1_tt__ts-travel-service_cpu__2,re1_tt,cpu,ts-travel-service,1,1,1,1
re1_tt__ts-travel-service_cpu__3,re1_tt,cpu,ts-travel-service,1,1,1,2
re1_tt__ts-travel-service_cpu__4,re1_tt,cpu,ts-travel-service,1,1,3,1
re1_tt__ts-travel-service_cpu__5,re1_tt,cpu,ts-travel-service,1,1,1,1
re1_tt__ts-travel-service_delay__1,re1_tt,delay,ts-travel-service,9,8,29,8
re1_tt__ts-travel-service_delay__2,re1_tt,delay,ts-travel-service,21,11,25,8
re1_tt__ts-travel-service_delay__3,re1_tt,delay,ts-travel-service,2,2,6,1
re1_tt__ts-travel-service_delay__4,re1_tt,delay,ts-travel-service,1,1,16,1
re1_tt__ts-travel-service_delay__5,re1_tt,delay,ts-travel-service,1,1,7,1
re1_tt__ts-travel-service_disk__1,re1_tt,disk,ts-travel-service,1,1,1,5
re1_tt__ts-travel-service_disk__2,re1_tt,disk,ts-travel-service,1,1,1,1
re1_tt__ts-travel-service_disk__3,re1_tt,disk,ts-travel-service,1,1,1,2
re1_tt__ts-travel-service_disk__4,re1_tt,disk,ts-travel-service,2,2,1,1
re1_tt__ts-travel-service_disk__5,re1_tt,disk,ts-travel-service,1,1,1,3
re1_tt__ts-travel-service_loss__1,re1_tt,loss,ts-travel-service,4,4,15,3
re1_tt__ts-travel-service_loss__2,re1_tt,loss,ts-travel-service,35,40,40,42
re1_tt__ts-travel-service_loss__3,re1_tt,loss,ts-travel-service,4,2,17,1
re1_tt__ts-travel-service_loss__4,re1_tt,loss,ts-travel-service,3,1,15,1
re1_tt__ts-travel-service_loss__5,re1_tt,loss,ts-travel-service,8,2,17,1
re1_tt__ts-travel-service_mem__1,re1_tt,mem,ts-travel-service,1,1,1,3
re1_tt__ts-travel-service_mem__2,re1_tt,mem,ts-travel-service,1,1,3,2
re1_tt__ts-travel-service_mem__3,re1_tt,mem,ts-travel-service,1,1,1,1
re1_tt__ts-travel-service_mem__4,re1_tt,mem,ts-travel-service,1,1,1,3
re1_tt__ts-travel-service_mem__5,re1_tt,mem,ts-travel-service,1,1,2,1
