case_id,dataset,fault_type,root_cause_service,raw_rank,raw_top1,stationary_counterfactual_ar_uncertainty_rank,stationary_counterfactual_ar_uncertainty_top1,direct_ar_bayes_factor_rank,direct_ar_bayes_factor_top1,direct_root_log_bf,direct_top_competitor,direct_top_competitor_log_bf,direct_root_margin
re1_ob__adservice_cpu__1,re1_ob,cpu,adservice,2,frontend-external,2,frontend-external,2,frontend-external,819.1482040724128,frontend-external,3920.173448276416,-3101.0252442040032
re1_ob__adservice_cpu__2,re1_ob,cpu,adservice,1,adservice,1,adservice,3,frontend-external,817.5124977512415,frontend-external,1140.5421381834467,-323.02964043220516
re1_ob__adservice_cpu__3,re1_ob,cpu,adservice,1,adservice,1,adservice,2,frontend-external,730.6748727493009,frontend-external,1134.1528441116193,-403.4779713623184
re1_ob__adservice_cpu__4,re1_ob,cpu,adservice,1,adservice,1,adservice,2,emailservice,890.3492238818748,emailservice,5053.122732829608,-4162.773508947734
re1_ob__adservice_cpu__5,re1_ob,cpu,adservice,2,frontend-external,2,frontend-external,2,frontend-external,592.2053938796222,frontend-external,3819.352734178837,-3227.147340299215
re1_ob__adservice_delay__1,re1_ob,delay,adservice,1,adservice,1,adservice,1,adservice,694.2051479508747,frontend-external,642.4277119816636,51.77743596921107
re1_ob__adservice_delay__2,re1_ob,delay,adservice,4,frontend-external,3,frontend-external,4,recommendationservice,22.60444711004277,recommendationservice,3204.9906867289496,-3182.386239618907
re1_ob__adservice_delay__3,re1_ob,delay,adservice,2,frontend-external,2,frontend-external,7,frontend-external,16.71229130497549,frontend-external,2283.7603879463677,-2267.048096641392
re1_ob__adservice_delay__4,re1_ob,delay,adservice,2,frontend-external,2,frontend-external,8,frontend-external,7.210187472993009,frontend-external,638.3658973369032,-631.1557098639103
re1_ob__adservice_delay__5,re1_ob,delay,adservice,1,adservice,1,adservice,3,recommendationservice,664.5996013816706,recommendationservice,2470.7868961887084,-1806.1872948070377
re1_ob__adservice_disk__1,re1_ob,disk,adservice,1,adservice,1,adservice,1,adservice,291.13409009581073,redis,287.87229658122516,3.2617935145855768
re1_ob__adservice_disk__2,re1_ob,disk,adservice,1,adservice,1,adservice,2,emailservice,427.8218924267323,emailservice,613.8051987769595,-185.98330635022722
re1_ob__adservice_disk__3,re1_ob,disk,adservice,1,adservice,1,adservice,2,emailservice,336.881027784368,emailservice,452.6304711743944,-115.74944339002644
re1_ob__adservice_disk__4,re1_ob,disk,adservice,1,adservice,1,adservice,2,recommendationservice,366.5414600669007,recommendationservice,491.6659797561212,-125.1245196892205
re1_ob__adservice_disk__5,re1_ob,disk,adservice,1,adservice,1,adservice,2,recommendationservice,297.4655323611883,recommendationservice,299.21195908319095,-1.7464267220026386
re1_ob__adservice_loss__1,re1_ob,loss,adservice,1,adservice,1,adservice,1,adservice,875.3213549944861,checkoutservice,407.5907148848464,467.7306401096397
re1_ob__adservice_loss__2,re1_ob,loss,adservice,2,frontend-external,2,frontend-external,5,frontend-external,100.80565501429669,frontend-external,2342.6958734916125,-2241.890218477316
re1_ob__adservice_loss__3,re1_ob,loss,adservice,1,adservice,1,adservice,2,recommendationservice,435.0224392078997,recommendationservice,2657.7066840747807,-2222.684244866881
re1_ob__adservice_loss__4,re1_ob,loss,adservice,1,adservice,1,adservice,3,emailservice,249.81495625832648,emailservice,2556.374668490553,-2306.5597122322265
re1_ob__adservice_loss__5,re1_ob,loss,adservice,1,adservice,1,adservice,4,cartservice,104.01742905940098,cartservice,206.84578654386507,-102.82835748446409
re1_ob__adservice_mem__1,re1_ob,mem,adservice,1,adservice,1,adservice,2,emailservice,1856.3550982752095,emailservice,4786.09531930456,-2929.7402210293503
re1_ob__adservice_mem__2,re1_ob,mem,adservice,2,frontend-external,2,frontend-external,3,frontend-external,2025.8222636328467,frontend-external,4083.2459753101048,-2057.4237116772583
re1_ob__adservice_mem__3,re1_ob,mem,adservice,1,adservice,1,adservice,1,adservice,1839.2487492612618,recommendationservice,306.80257162115305,1532.4461776401088
re1_ob__adservice_mem__4,re1_ob,mem,adservice,2,frontend-external,2,frontend-external,2,frontend-external,1999.053219062019,frontend-external,3818.7425909863646,-1819.6893719243456
re1_ob__adservice_mem__5,re1_ob,mem,adservice,2,frontend-external,2,frontend-external,2,frontend-external,1935.8161885976679,frontend-external,3964.9234601080943,-2029.1072715104265
re1_ob__cartservice_cpu__1,re1_ob,cpu,cartservice,1,cartservice,1,cartservice,2,frontend-external,680.5650576247283,frontend-external,1138.371630053634,-457.8065724289056
re1_ob__cartservice_cpu__2,re1_ob,cpu,cartservice,2,frontend-external,2,frontend-external,3,emailservice,386.112857631779,emailservice,4953.776285347927,-4567.663427716148
re1_ob__cartservice_cpu__3,re1_ob,cpu,cartservice,2,frontend-external,2,frontend-external,2,frontend-external,663.0787458911792,frontend-external,3820.2833404776175,-3157.2045945864384
re1_ob__cartservice_cpu__4,re1_ob,cpu,cartservice,3,frontend-external,3,frontend-external,3,frontend-external,489.6376891822296,frontend-external,3817.685752014587,-3328.048062832357
re1_ob__cartservice_cpu__5,re1_ob,cpu,cartservice,2,frontend-external,2,frontend-external,3,frontend-external,688.1004004842001,frontend-external,3819.1971341629605,-3131.0967336787603
re1_ob__cartservice_delay__1,re1_ob,delay,cartservice,2,frontend-external,3,frontend-external,2,frontend-external,658.9593965240587,frontend-external,2292.720152266424,-1633.7607557423653
re1_ob__cartservice_delay__2,re1_ob,delay,cartservice,6,main,2,frontend,7,recommendationservice,25.263884853030124,recommendationservice,547.3048320762715,-522.0409472232413
re1_ob__cartservice_delay__3,re1_ob,delay,cartservice,5,frontend-external,4,frontend,5,recommendationservice,42.65852343040232,recommendationservice,587.9449892803999,-545.2864658499976
re1_ob__cartservice_delay__4,re1_ob,delay,cartservice,3,frontend,2,frontend,5,emailservice,25.83780516440288,emailservice,2930.4815191851467,-2904.6437140207436
re1_ob__cartservice_delay__5,re1_ob,delay,cartservice,3,frontend-external,3,frontend-external,7,frontend-external,-0.8094277171465288,frontend-external,2297.521617768175,-2298.3310454853217
re1_ob__cartservice_disk__1,re1_ob,disk,cartservice,1,cartservice,1,cartservice,2,emailservice,271.8595572904251,emailservice,349.3442898254284,-77.48473253500333
re1_ob__cartservice_disk__2,re1_ob,disk,cartservice,1,cartservice,1,cartservice,2,recommendationservice,302.56073745452966,recommendationservice,502.7257380989311,-200.16500064440146
re1_ob__cartservice_disk__3,re1_ob,disk,cartservice,2,frontend-check,1,cartservice,1,cartservice,543.0409604334844,frontend-check,421.15138555952615,121.88957487395828
re1_ob__cartservice_disk__4,re1_ob,disk,cartservice,1,cartservice,1,cartservice,2,emailservice,534.6651011796225,emailservice,569.8188224791057,-35.15372129948321
re1_ob__cartservice_disk__5,re1_ob,disk,cartservice,1,cartservice,1,cartservice,1,cartservice,362.0493559586471,emailservice,302.2477374352282,59.80161852341888
re1_ob__cartservice_loss__1,re1_ob,loss,cartservice,1,cartservice,1,cartservice,1,cartservice,482.5889870750789,checkoutservice,359.4325424885512,123.1564445865277
re1_ob__cartservice_loss__2,re1_ob,loss,cartservice,7,recommendationservice,7,recommendationservice,6,emailservice,-0.8231113109804559,emailservice,376.3389847551816,-377.16209606616206
re1_ob__cartservice_loss__3,re1_ob,loss,cartservice,2,adservice,2,adservice,3,adservice,20.82946166708128,adservice,128.41625440911625,-107.58679274203497
re1_ob__cartservice_loss__4,re1_ob,loss,cartservice,2,adservice,2,adservice,2,adservice,142.870587352409,adservice,320.56155556901666,-177.69096821660767
re1_ob__cartservice_loss__5,re1_ob,loss,cartservice,3,recommendationservice,1,cartservice,3,recommendationservice,631.75477934142,recommendationservice,679.7772706314896,-48.02249129006964
re1_ob__cartservice_mem__1,re1_ob,mem,cartservice,2,frontend-external,2,frontend-external,2,frontend-external,1809.7758342391264,frontend-external,3853.9465157512523,-2044.1706815121258
re1_ob__cartservice_mem__2,re1_ob,mem,cartservice,2,frontend-external,2,frontend-external,3,frontend-external,1379.1105482477742,frontend-external,3932.9902568944085,-2553.8797086466343
re1_ob__cartservice_mem__3,re1_ob,mem,cartservice,1,cartservice,1,cartservice,1,cartservice,1684.1135006993297,emailservice,1194.8406839495601,489.2728167497696
re1_ob__cartservice_mem__4,re1_ob,mem,cartservice,1,cartservice,1,cartservice,2,frontend,1829.56278844423,frontend,2628.7468687501528,-799.1840803059229
re1_ob__cartservice_mem__5,re1_ob,mem,cartservice,2,frontend,2,frontend,2,frontend,1293.652095642987,frontend,2557.2579782366106,-1263.6058825936236
re1_ob__checkoutservice_cpu__1,re1_ob,cpu,checkoutservice,1,checkoutservice,1,checkoutservice,1,checkoutservice,790.2496067520769,emailservice,350.7336096046268,439.51599714745015
re1_ob__checkoutservice_cpu__2,re1_ob,cpu,checkoutservice,1,checkoutservice,1,checkoutservice,1,checkoutservice,775.2053431718538,frontend,754.281090527879,20.924252643974796
re1_ob__checkoutservice_cpu__3,re1_ob,cpu,checkoutservice,2,frontend-external,2,frontend-external,2,frontend-external,773.5019556308567,frontend-external,3819.8192995943855,-3046.317343963529
re1_ob__checkoutservice_cpu__4,re1_ob,cpu,checkoutservice,1,checkoutservice,1,checkoutservice,2,frontend-external,708.1315300511319,frontend-external,863.0833582360201,-154.9518281848882
re1_ob__checkoutservice_cpu__5,re1_ob,cpu,checkoutservice,1,checkoutservice,1,checkoutservice,1,checkoutservice,768.9994942957505,emailservice,314.36633921186444,454.6331550838861
re1_ob__checkoutservice_delay__1,re1_ob,delay,checkoutservice,1,checkoutservice,1,checkoutservice,1,checkoutservice,707.2283232752402,cartservice,437.4849102336416,269.7434130415986
re1_ob__checkoutservice_delay__2,re1_ob,delay,checkoutservice,5,frontend-external,4,frontend-external,7,frontend-external,35.88514551476188,frontend-external,2284.6236353711333,-2248.7384898563714
re1_ob__checkoutservice_delay__3,re1_ob,delay,checkoutservice,4,frontend-external,3,frontend-external,6,frontend-external,22.211800809446913,frontend-external,638.869816139698,-616.658015330251
re1_ob__checkoutservice_delay__4,re1_ob,delay,checkoutservice,4,frontend-external,3,frontend-external,6,frontend-external,44.50991073106252,frontend-external,2372.89421094606,-2328.3843002149974
re1_ob__checkoutservice_delay__5,re1_ob,delay,checkoutservice,3,frontend-external,2,frontend-external,5,frontend-external,60.30269426069325,frontend-external,641.527636238882,-581.2249419781888
re1_ob__checkoutservice_disk__1,re1_ob,disk,checkoutservice,1,checkoutservice,1,checkoutservice,1,checkoutservice,360.64501232581796,redis,341.62282675229505,19.022185573522904
re1_ob__checkoutservice_disk__2,re1_ob,disk,checkoutservice,2,frontend-external,2,frontend-external,2,frontend-external,535.1153371250549,frontend-external,2283.5366900082477,-1748.4213528831929
re1_ob__checkoutservice_disk__3,re1_ob,disk,checkoutservice,1,checkoutservice,1,checkoutservice,1,checkoutservice,461.2342248758957,redis,283.25473303505964,177.97949184083603
re1_ob__checkoutservice_disk__4,re1_ob,disk,checkoutservice,1,checkoutservice,1,checkoutservice,2,emailservice,269.14242978178464,emailservice,330.90535351372966,-61.76292373194502
re1_ob__checkoutservice_disk__5,re1_ob,disk,checkoutservice,1,checkoutservice,1,checkoutservice,2,emailservice,432.35768593698396,emailservice,513.7176053606264,-81.35991942364245
re1_ob__checkoutservice_loss__1,re1_ob,loss,checkoutservice,5,paymentservice,3,paymentservice,7,recommendationservice,59.397228296890376,recommendationservice,712.8339442470938,-653.4367159502034
re1_ob__checkoutservice_loss__2,re1_ob,loss,checkoutservice,7,emailservice,5,emailservice,9,emailservice,-4.604592212279385,emailservice,825.9207558280874,-830.5253480403668
re1_ob__checkoutservice_loss__3,re1_ob,loss,checkoutservice,7,frontend-external,7,frontend-external,13,frontend-external,-20.95939165239338,frontend-external,2345.291775625425,-2366.2511672778182
re1_ob__checkoutservice_loss__4,re1_ob,loss,checkoutservice,5,emailservice,5,emailservice,10,emailservice,-17.975427408154285,emailservice,494.2476968563703,-512.2231242645246
re1_ob__checkoutservice_loss__5,re1_ob,loss,checkoutservice,8,frontend-external,7,frontend-external,8,frontend-external,-7.241281691738588,frontend-external,2282.166864747381,-2289.4081464391197
re1_ob__checkoutservice_mem__1,re1_ob,mem,checkoutservice,1,checkoutservice,1,checkoutservice,1,checkoutservice,1844.8059144833278,emailservice,963.9756648069039,880.8302496764239
re1_ob__checkoutservice_mem__2,re1_ob,mem,checkoutservice,2,frontend,1,checkoutservice,2,frontend,1786.719506420273,frontend,2543.454930844918,-756.7354244246451
re1_ob__checkoutservice_mem__3,re1_ob,mem,checkoutservice,1,checkoutservice,1,checkoutservice,2,frontend,1959.160239328592,frontend,2558.474549958975,-599.3143106303828
re1_ob__checkoutservice_mem__4,re1_ob,mem,checkoutservice,1,checkoutservice,1,checkoutservice,1,checkoutservice,2479.498344601893,adservice,184.65350696394066,2294.8448376379524
re1_ob__checkoutservice_mem__5,re1_ob,mem,checkoutservice,1,checkoutservice,1,checkoutservice,1,checkoutservice,2446.494183496481,shippingservice,532.3264070135191,1914.167776482962
re1_ob__currencyservice_cpu__1,re1_ob,cpu,currencyservice,2,frontend,2,frontend,5,frontend,359.5696281677621,frontend,2543.662768533808,-2184.093140366046
re1_ob__currencyservice_cpu__2,re1_ob,cpu,currencyservice,1,currencyservice,1,currencyservice,1,currencyservice,249.87108279583205,cartservice,239.22955277759002,10.641530018242037
re1_ob__currencyservice_cpu__3,re1_ob,cpu,currencyservice,3,emailservice,1,currencyservice,5,emailservice,398.12436209454773,emailservice,1600.8997354462826,-1202.775373351735
re1_ob__currencyservice_cpu__4,re1_ob,cpu,currencyservice,3,emailservice,2,emailservice,3,emailservice,351.45039704517285,emailservice,1421.1004592490651,-1069.6500622038923
re1_ob__currencyservice_cpu__5,re1_ob,cpu,currencyservice,2,frontend-external,2,frontend-external,2,frontend-external,357.5091403813993,frontend-external,3805.416148381752,-3447.9070080003526
re1_ob__currencyservice_delay__1,re1_ob,delay,currencyservice,1,currencyservice,1,currencyservice,1,currencyservice,556.8026959594034,recommendationservice,326.8869771646045,229.91571879479892
re1_ob__currencyservice_delay__2,re1_ob,delay,currencyservice,6,frontend-external,2,frontend-external,5,recommendationservice,321.06500775727056,recommendationservice,3237.066602140563,-2916.0015943832927
re1_ob__currencyservice_delay__3,re1_ob,delay,currencyservice,1,currencyservice,1,currencyservice,1,currencyservice,679.5916887519164,main,331.135619250947,348.4560695009694
re1_ob__currencyservice_delay__4,re1_ob,delay,currencyservice,4,frontend-external,4,frontend-external,6,recommendationservice,61.57537059523842,recommendationservice,2489.6939569199567,-2428.1185863247183
re1_ob__currencyservice_delay__5,re1_ob,delay,currencyservice,3,frontend,3,frontend,6,emailservice,75.01554232460826,emailservice,300.3891912572526,-225.37364893264436
re1_ob__currencyservice_disk__1,re1_ob,disk,currencyservice,2,adservice,2,adservice,7,adservice,175.46115142935824,adservice,1665.6778199533758,-1490.2166685240175
re1_ob__currencyservice_disk__2,re1_ob,disk,currencyservice,1,currencyservice,1,currencyservice,3,redis,175.8545626451369,redis,301.46069328053045,-125.60613063539355
re1_ob__currencyservice_disk__3,re1_ob,disk,currencyservice,1,currencyservice,1,currencyservice,2,recommendationservice,190.16510157418813,recommendationservice,218.45785536775261,-28.292753793564486
re1_ob__currencyservice_disk__4,re1_ob,disk,currencyservice,2,redis,1,currencyservice,5,redis,31.007821731345036,redis,327.07762355275946,-296.06980182141444
re1_ob__currencyservice_disk__5,re1_ob,disk,currencyservice,1,currencyservice,1,currencyservice,5,redis,152.98008007852343,redis,247.4001910400862,-94.42011096156278
re1_ob__currencyservice_loss__1,re1_ob,loss,currencyservice,3,frontend-external,3,frontend-external,3,frontend-external,188.29525354310078,frontend-external,2298.5771724917367,-2110.281918948636
re1_ob__currencyservice_loss__2,re1_ob,loss,currencyservice,1,currencyservice,1,currencyservice,2,recommendationservice,393.16658204461675,recommendationservice,2780.9710596339587,-2387.804477589342
re1_ob__currencyservice_loss__3,re1_ob,loss,currencyservice,4,cartservice,4,cartservice,4,cartservice,455.27251488040673,cartservice,656.9240079816153,-201.6514931012086
re1_ob__currencyservice_loss__4,re1_ob,loss,currencyservice,1,currencyservice,1,currencyservice,2,main,442.1654232265875,main,523.206325986267,-81.04090275967945
re1_ob__currencyservice_loss__5,re1_ob,loss,currencyservice,2,frontend-external,3,frontend-external,2,frontend-external,436.12907818546495,frontend-external,2288.187427208191,-1852.058349022726
re1_ob__currencyservice_mem__1,re1_ob,mem,currencyservice,1,currencyservice,1,currencyservice,1,currencyservice,2312.15628482505,recommendationservice,1106.2056019947079,1205.9506828303422
re1_ob__currencyservice_mem__2,re1_ob,mem,currencyservice,1,currencyservice,1,currencyservice,1,currencyservice,1778.8784121847566,frontend-external,1187.1353541097494,591.7430580750072
re1_ob__currencyservice_mem__3,re1_ob,mem,currencyservice,1,currencyservice,1,currencyservice,1,currencyservice,2162.770860110347,frontend,1080.4878570576454,1082.2830030527014
re1_ob__currencyservice_mem__4,re1_ob,mem,currencyservice,1,currencyservice,1,currencyservice,1,currencyservice,1296.8971161821155,emailservice,589.0865438837099,707.8105722984056
re1_ob__currencyservice_mem__5,re1_ob,mem,currencyservice,2,frontend,2,frontend,2,frontend,1405.217594306605,frontend,2566.4027641217604,-1161.1851698151554
re1_ob__productcatalogservice_cpu__1,re1_ob,cpu,productcatalogservice,2,frontend-external,2,frontend-external,5,frontend-external,410.9956209661225,frontend-external,3918.515651843384,-3507.520030877262
re1_ob__productcatalogservice_cpu__2,re1_ob,cpu,productcatalogservice,1,productcatalogservice,1,productcatalogservice,2,frontend-external,393.4574982941992,frontend-external,1136.7671336194094,-743.3096353252101
re1_ob__productcatalogservice_cpu__3,re1_ob,cpu,productcatalogservice,1,productcatalogservice,1,productcatalogservice,2,emailservice,297.714220375084,emailservice,691.9859921805759,-394.2717718054919
re1_ob__productcatalogservice_cpu__4,re1_ob,cpu,productcatalogservice,3,frontend-external,3,frontend-external,6,frontend-external,395.6405487932105,frontend-external,5035.418386450615,-4639.777837657404
re1_ob__productcatalogservice_cpu__5,re1_ob,cpu,productcatalogservice,1,productcatalogservice,1,productcatalogservice,2,frontend-external,438.3342863294458,frontend-external,1139.9844489021011,-701.6501625726553
re1_ob__productcatalogservice_delay__1,re1_ob,delay,productcatalogservice,2,frontend,1,productcatalogservice,1,productcatalogservice,536.0619532618449,checkoutservice,247.48409534660803,288.5778579152369
re1_ob__productcatalogservice_delay__2,re1_ob,delay,productcatalogservice,3,frontend,2,frontend,2,frontend-external,504.14069582809543,frontend-external,689.011875313906,-184.87117948581056
re1_ob__productcatalogservice_delay__3,re1_ob,delay,productcatalogservice,4,frontend-external,4,frontend,7,emailservice,141.1917065862268,emailservice,2918.0398939363113,-2776.8481873500846
re1_ob__productcatalogservice_delay__4,re1_ob,delay,productcatalogservice,1,productcatalogservice,1,productcatalogservice,1,productcatalogservice,641.4652387979746,cartservice,574.5995611884792,66.86567760949538
re1_ob__productcatalogservice_delay__5,re1_ob,delay,productcatalogservice,1,productcatalogservice,2,frontend,2,main,586.9715418925363,main,4296.298755262275,-3709.327213369739
re1_ob__productcatalogservice_disk__1,re1_ob,disk,productcatalogservice,1,productcatalogservice,1,productcatalogservice,4,cartservice,202.4262905165259,cartservice,455.24484455477835,-252.81855403825244
re1_ob__productcatalogservice_disk__2,re1_ob,disk,productcatalogservice,1,productcatalogservice,1,productcatalogservice,3,emailservice,279.6863528536956,emailservice,586.8359356096853,-307.1495827559897
re1_ob__productcatalogservice_disk__3,re1_ob,disk,productcatalogservice,1,productcatalogservice,1,productcatalogservice,4,recommendationservice,286.996281149647,recommendationservice,377.8617889952675,-90.86550784562047
re1_ob__productcatalogservice_disk__4,re1_ob,disk,productcatalogservice,1,productcatalogservice,1,productcatalogservice,3,frontend,247.29159914359073,frontend,434.7484210949854,-187.4568219513947
re1_ob__productcatalogservice_disk__5,re1_ob,disk,productcatalogservice,1,productcatalogservice,1,productcatalogservice,4,emailservice,225.55917655173846,emailservice,395.62019536358474,-170.06101881184628
re1_ob__productcatalogservice_loss__1,re1_ob,loss,productcatalogservice,2,frontend-external,2,frontend-external,8,main,74.1926795457103,main,4200.651357501773,-4126.458677956063
re1_ob__productcatalogservice_loss__2,re1_ob,loss,productcatalogservice,4,checkoutservice,4,checkoutservice,10,main,4.671583565278335,main,3841.0118970525486,-3836.34031348727
re1_ob__productcatalogservice_loss__3,re1_ob,loss,productcatalogservice,5,frontend-external,5,frontend-external,7,frontend-external,15.689268799113771,frontend-external,2292.2118584607756,-2276.5225896616616
re1_ob__productcatalogservice_loss__4,re1_ob,loss,productcatalogservice,3,frontend-external,3,frontend-external,4,frontend-external,318.42799025908204,frontend-external,2292.6507464793117,-1974.2227562202297
re1_ob__productcatalogservice_loss__5,re1_ob,loss,productcatalogservice,6,recommendationservice,5,recommendationservice,11,emailservice,-4.103371100466764,emailservice,292.2943342321416,-296.3977053326083
re1_ob__productcatalogservice_mem__1,re1_ob,mem,productcatalogservice,2,frontend-external,2,frontend-external,2,frontend-external,2557.775584051067,frontend-external,3909.37547794266,-1351.5998938915927
re1_ob__productcatalogservice_mem__2,re1_ob,mem,productcatalogservice,1,productcatalogservice,1,productcatalogservice,1,productcatalogservice,1720.258282108319,recommendationservice,1014.612423378174,705.645858730145
re1_ob__productcatalogservice_mem__3,re1_ob,mem,productcatalogservice,2,frontend-external,2,frontend-external,2,frontend-external,2113.2289722428463,frontend-external,3900.998412706143,-1787.7694404632966
re1_ob__productcatalogservice_mem__4,re1_ob,mem,productcatalogservice,1,productcatalogservice,1,productcatalogservice,1,productcatalogservice,2214.737110485094,emailservice,869.7491981666323,1344.987912318462
re1_ob__productcatalogservice_mem__5,re1_ob,mem,productcatalogservice,1,productcatalogservice,1,productcatalogservice,1,productcatalogservice,1480.067105705714,recommendationservice,245.77382981901712,1234.2932758866968
re1_ss__carts_cpu__1,re1_ss,cpu,carts,1,carts,1,carts,1,carts,6590.641873711665,catalogue-db,5327.499383270492,1263.1424904411724
re1_ss__carts_cpu__2,re1_ss,cpu,carts,1,carts,1,carts,1,carts,9675.44147367357,192-168-15-8-9100,3432.840928639649,6242.600545033922
re1_ss__carts_cpu__3,re1_ss,cpu,carts,2,192-168-33-0-9100,2,192-168-33-0-9100,1,carts,9461.822082177756,catalogue-db,8619.888694048463,841.9333881292932
re1_ss__carts_cpu__4,re1_ss,cpu,carts,1,carts,1,carts,1,carts,6578.761911125887,front-end,3301.308899266957,3277.4530118589305
re1_ss__carts_cpu__5,re1_ss,cpu,carts,1,carts,1,carts,1,carts,6550.024062836651,queue-master,4233.674927571462,2316.349135265189
re1_ss__carts_delay__1,re1_ss,delay,carts,1,carts,1,carts,1,carts,9659.98825528106,orders,4714.833788198836,4945.154467082223
re1_ss__carts_delay__2,re1_ss,delay,carts,1,carts,1,carts,1,carts,9663.150846897513,front-end,1754.7786394795005,7908.372207418013
re1_ss__carts_delay__3,re1_ss,delay,carts,3,192-168-37-154-9100,3,192-168-37-154-9100,1,carts,4699.496273372288,orders,4033.358407493942,666.1378658783456
re1_ss__carts_delay__4,re1_ss,delay,carts,1,carts,1,carts,1,carts,6888.798585493952,front-end,4299.618219887649,2589.180365606303
re1_ss__carts_delay__5,re1_ss,delay,carts,1,carts,1,carts,1,carts,6772.7913146733335,catalogue-db,5334.198964667837,1438.5923500054969
re1_ss__carts_disk__1,re1_ss,disk,carts,2,catalogue-db,2,catalogue-db,1,carts,8764.183632183369,catalogue-db,6693.371590635729,2070.8120415476396
re1_ss__carts_disk__2,re1_ss,disk,carts,1,carts,1,carts,1,carts,8781.325002643584,shipping,3103.2081728249614,5678.116829818622
re1_ss__carts_disk__3,re1_ss,disk,carts,2,catalogue-db,2,catalogue-db,1,carts,8790.32611258302,catalogue-db,7818.89619017507,971.4299224079496
re1_ss__carts_disk__4,re1_ss,disk,carts,1,carts,1,carts,1,carts,8813.736154903643,shipping,2803.371663872602,6010.364491031041
re1_ss__carts_disk__5,re1_ss,disk,carts,3,catalogue-db,3,catalogue-db,2,catalogue-db,6818.5817997476015,catalogue-db,6849.812924532082,-31.231124784480926
re1_ss__carts_loss__1,re1_ss,loss,carts,1,carts,1,carts,2,queue-master,3809.3657259453817,queue-master,3936.223154442597,-126.85742849721555
re1_ss__carts_loss__2,re1_ss,loss,carts,1,carts,1,carts,1,carts,9607.635472995493,192-168-37-154-9100,3792.198774462992,5815.436698532501
re1_ss__carts_loss__3,re1_ss,loss,carts,4,192-168-15-8-9100,3,192-168-15-8-9100,4,session-db,3940.3567016534457,session-db,8807.506736237667,-4867.150034584221
re1_ss__carts_loss__4,re1_ss,loss,carts,1,carts,1,carts,1,carts,7131.44984441367,session-db,2911.493048988958,4219.956795424712
re1_ss__carts_loss__5,re1_ss,loss,carts,2,192-168-33-0-9100,2,192-168-33-0-9100,1,carts,6389.548637176183,192-168-33-0-9100,5574.879913894521,814.6687232816612
re1_ss__carts_mem__1,re1_ss,mem,carts,1,carts,1,carts,2,catalogue-db,8161.706057428892,catalogue-db,9157.54342896757,-995.8373715386788
re1_ss__carts_mem__2,re1_ss,mem,carts,1,carts,1,carts,1,carts,10257.718043445326,shipping,3077.217934497355,7180.50010894797
re1_ss__carts_mem__3,re1_ss,mem,carts,1,carts,1,carts,1,carts,8152.32463611157,192-168-37-154-9100,3380.736102942003,4771.588533169566
re1_ss__carts_mem__4,re1_ss,mem,carts,1,carts,1,carts,1,carts,10256.813171060021,catalogue-db,3045.7619967339865,7211.051174326034
re1_ss__carts_mem__5,re1_ss,mem,carts,1,carts,1,carts,1,carts,8172.235770360567,catalogue-db,5814.878535821971,2357.3572345385955
re1_ss__catalogue_cpu__1,re1_ss,cpu,catalogue,1,catalogue,1,catalogue,1,catalogue,6967.326503684179,192-168-37-154-9100,3390.426164057632,3576.9003396265475
re1_ss__catalogue_cpu__2,re1_ss,cpu,catalogue,1,catalogue,1,catalogue,1,catalogue,6849.554221986199,catalogue-db,3197.2055161456774,3652.3487058405217
re1_ss__catalogue_cpu__3,re1_ss,cpu,catalogue,1,catalogue,1,catalogue,1,catalogue,6897.653796723782,192-168-56-14-9100,3841.361820281294,3056.291976442488
re1_ss__catalogue_cpu__4,re1_ss,cpu,catalogue,1,catalogue,1,catalogue,1,catalogue,6883.950517067322,queue-master,3169.444092780154,3714.506424287168
re1_ss__catalogue_cpu__5,re1_ss,cpu,catalogue,1,catalogue,1,catalogue,1,catalogue,9584.156737960402,catalogue-db,8642.188556734902,941.9681812255003
re1_ss__catalogue_delay__1,re1_ss,delay,catalogue,1,catalogue,1,catalogue,2,catalogue-db,2680.6758597623048,catalogue-db,9315.493255787662,-6634.817396025357
re1_ss__catalogue_delay__2,re1_ss,delay,catalogue,2,catalogue-db,2,catalogue-db,2,catalogue-db,6816.601722087599,catalogue-db,8838.590943444739,-2021.9892213571393
re1_ss__catalogue_delay__3,re1_ss,delay,catalogue,3,192-168-61-95-9100,3,192-168-61-95-9100,4,catalogue-db,2309.3417021393348,catalogue-db,9178.684422252772,-6869.342720113438
re1_ss__catalogue_delay__4,re1_ss,delay,catalogue,4,192-168-64-231-9100,4,192-168-64-231-9100,1,catalogue,6771.583562594041,192-168-64-231-9100,3667.4763097229697,3104.107252871071
re1_ss__catalogue_delay__5,re1_ss,delay,catalogue,2,192-168-64-231-9100,2,192-168-64-231-9100,2,192-168-64-231-9100,2227.9747647188947,192-168-64-231-9100,3352.470749506887,-1124.4959847879923
re1_ss__catalogue_disk__1,re1_ss,disk,catalogue,1,catalogue,1,catalogue,1,catalogue,8848.607710673356,10-192-15-195-9100,3407.255315541764,5441.352395131591
re1_ss__catalogue_disk__2,re1_ss,disk,catalogue,1,catalogue,1,catalogue,1,catalogue,8788.219931749185,10-192-15-196-9100,3498.4211409400014,5289.798790809184
re1_ss__catalogue_disk__3,re1_ss,disk,catalogue,1,catalogue,1,catalogue,1,catalogue,8827.618252536502,user,4168.233922948489,4659.384329588013
re1_ss__catalogue_disk__4,re1_ss,disk,catalogue,1,catalogue,1,catalogue,1,catalogue,7989.221638234671,session-db,5416.066477633104,2573.1551606015673
re1_ss__catalogue_disk__5,re1_ss,disk,catalogue,1,catalogue,1,catalogue,1,catalogue,8856.43014532319,queue-master,1653.5212565968757,7202.908888726313
re1_ss__catalogue_loss__1,re1_ss,loss,catalogue,1,catalogue,1,catalogue,4,catalogue-db,2501.4307240748326,catalogue-db,8681.035578974632,-6179.604854899799
re1_ss__catalogue_loss__2,re1_ss,loss,catalogue,1,catalogue,1,catalogue,2,catalogue-db,2484.6445764551904,catalogue-db,3580.8335650304944,-1096.188988575304
re1_ss__catalogue_loss__3,re1_ss,loss,catalogue,1,catalogue,1,catalogue,2,catalogue-db,4372.499943164327,catalogue-db,8633.4087121976,-4260.9087690332735
re1_ss__catalogue_loss__4,re1_ss,loss,catalogue,1,catalogue,1,catalogue,2,shipping,2427.183385382505,shipping,3191.1339275771184,-763.9505421946133
re1_ss__catalogue_loss__5,re1_ss,loss,catalogue,3,payment,1,catalogue,6,catalogue-db,1693.0271174296029,catalogue-db,8522.210238935024,-6829.183121505421
re1_ss__catalogue_mem__1,re1_ss,mem,catalogue,1,catalogue,1,catalogue,2,catalogue-db,8175.004625210325,catalogue-db,9667.844613671323,-1492.839988460998
re1_ss__catalogue_mem__2,re1_ss,mem,catalogue,1,catalogue,1,catalogue,1,catalogue,8161.778927090626,192-168-15-8-9100,4680.376683198067,3481.4022438925585
re1_ss__catalogue_mem__3,re1_ss,mem,catalogue,1,catalogue,1,catalogue,1,catalogue,10182.532363844764,catalogue-db,8660.306739837886,1522.2256240068782
re1_ss__catalogue_mem__4,re1_ss,mem,catalogue,1,catalogue,1,catalogue,1,catalogue,8147.6126990273215,catalogue-db,3635.1057860053916,4512.50691302193
re1_ss__catalogue_mem__5,re1_ss,mem,catalogue,1,catalogue,1,catalogue,2,catalogue-db,8182.703033949686,catalogue-db,8645.892011157712,-463.1889772080258
re1_ss__orders_cpu__1,re1_ss,cpu,orders,1,orders,1,orders,1,orders,6492.754170129762,192-168-33-0-9100,3730.7023565292197,2762.0518136005426
re1_ss__orders_cpu__2,re1_ss,cpu,orders,1,orders,1,orders,1,orders,6538.616349820469,carts,3440.3936232458313,3098.2227265746374
re1_ss__orders_cpu__3,re1_ss,cpu,orders,1,orders,1,orders,1,orders,9632.012751393006,front-end,3398.376893350942,6233.635858042064
re1_ss__orders_cpu__4,re1_ss,cpu,orders,1,orders,1,orders,1,orders,6472.385697956189,192-168-76-116-9100,3328.4510042052284,3143.9346937509604
re1_ss__orders_cpu__5,re1_ss,cpu,orders,1,orders,1,orders,1,orders,9413.861056125448,carts,3489.2407452662883,5924.62031085916
re1_ss__orders_delay__1,re1_ss,delay,orders,1,orders,1,orders,1,orders,4933.083595724115,front-end,1381.7554160870848,3551.32817963703
re1_ss__orders_delay__2,re1_ss,delay,orders,1,orders,1,orders,3,payment,1796.1924476508193,payment,3088.9616848644405,-1292.7692372136212
re1_ss__orders_delay__3,re1_ss,delay,orders,2,user,1,orders,4,user,1887.7806028208536,user,4494.2017404417975,-2606.421137620944
re1_ss__orders_delay__4,re1_ss,delay,orders,1,orders,1,orders,3,front-end,1580.980383379611,front-end,4006.2730994975905,-2425.2927161179796
re1_ss__orders_delay__5,re1_ss,delay,orders,1,orders,1,orders,1,orders,4355.861022378034,queue-master,3582.4525603603684,773.4084620176659
re1_ss__orders_disk__1,re1_ss,disk,orders,1,orders,1,orders,1,orders,8816.699532410714,queue-master,1172.6935082486464,7644.006024162068
re1_ss__orders_disk__2,re1_ss,disk,orders,1,orders,1,orders,1,orders,8793.458584158308,10-192-15-196-9100,4488.840165923845,4304.618418234463
re1_ss__orders_disk__3,re1_ss,disk,orders,1,orders,1,orders,1,orders,8789.411944720967,orders-db,1031.4823491643085,7757.929595556659
re1_ss__orders_disk__4,re1_ss,disk,orders,1,orders,1,orders,1,orders,8784.59955630121,user,515.0407938209232,8269.558762480287
re1_ss__orders_disk__5,re1_ss,disk,orders,1,orders,1,orders,1,orders,8777.651638015339,queue-master,1364.2441141352683,7413.407523880071
re1_ss__orders_loss__1,re1_ss,loss,orders,1,orders,1,orders,1,orders,5739.627740102514,payment,4778.675540987745,960.9521991147685
re1_ss__orders_loss__2,re1_ss,loss,orders,1,orders,1,orders,3,front-end,2594.641245562454,front-end,4824.941338262309,-2230.3000926998548
re1_ss__orders_loss__3,re1_ss,loss,orders,2,192-168-56-14-9100,3,192-168-56-14-9100,3,192-168-56-14-9100,2694.5531998293627,192-168-56-14-9100,4443.630166811058,-1749.0769669816955
re1_ss__orders_loss__4,re1_ss,loss,orders,4,192-168-64-231-9100,3,192-168-64-231-9100,5,carts,2384.2134734680353,carts,3535.7933553161415,-1151.5798818481062
re1_ss__orders_loss__5,re1_ss,loss,orders,4,192-168-64-231-9100,4,192-168-64-231-9100,1,orders,5600.682907552924,shipping,4562.695333442384,1037.9875741105398
re1_ss__orders_mem__1,re1_ss,mem,orders,1,orders,1,orders,1,orders,8134.296787686607,session-db,5418.047263728652,2716.249523957955
re1_ss__orders_mem__2,re1_ss,mem,orders,1,orders,1,orders,2,catalogue-db,8122.050298604544,catalogue-db,8854.637641757885,-732.587343153341
re1_ss__orders_mem__3,re1_ss,mem,orders,1,orders,1,orders,1,orders,10244.755910654954,payment,5288.07913992074,4956.676770734214
re1_ss__orders_mem__4,re1_ss,mem,orders,1,orders,1,orders,1,orders,10237.34440709986,front-end,3836.3772124574375,6400.967194642422
re1_ss__orders_mem__5,re1_ss,mem,orders,1,orders,1,orders,1,orders,8149.601525204001,catalogue-db,3451.358823067732,4698.242702136269
re1_ss__payment_cpu__1,re1_ss,cpu,payment,1,payment,1,payment,1,payment,7236.160140215424,carts,3365.401839398111,3870.758300817313
re1_ss__payment_cpu__2,re1_ss,cpu,payment,1,payment,1,payment,1,payment,7170.886561533334,192-168-33-0-9100,3207.9019373952938,3962.9846241380405
re1_ss__payment_cpu__3,re1_ss,cpu,payment,1,payment,1,payment,1,payment,9184.878428264108,queue-master,3676.45442242494,5508.424005839168
re1_ss__payment_cpu__4,re1_ss,cpu,payment,1,payment,1,payment,1,payment,6968.722305176246,session-db,5574.288051606727,1394.4342535695187
re1_ss__payment_cpu__5,re1_ss,cpu,payment,1,payment,1,payment,1,payment,9393.146603229505,session-db,8651.633741339121,741.5128618903836
re1_ss__payment_delay__1,re1_ss,delay,payment,1,payment,1,payment,3,rabbitmq,1857.795706566567,rabbitmq,3301.763090123192,-1443.9673835566248
re1_ss__payment_delay__2,re1_ss,delay,payment,1,payment,1,payment,2,session-db,2533.959085912533,session-db,2909.3280039807014,-375.36891806816857
re1_ss__payment_delay__3,re1_ss,delay,payment,3,192-168-15-8-9100,3,192-168-15-8-9100,3,orders,3381.924405833334,orders,3826.3502970489003,-444.4258912155665
re1_ss__payment_delay__4,re1_ss,delay,payment,3,192-168-15-8-9100,3,192-168-15-8-9100,4,192-168-15-8-9100,2536.9554047495935,192-168-15-8-9100,3315.4719213606986,-778.5165166111051
re1_ss__payment_delay__5,re1_ss,delay,payment,1,payment,1,payment,1,payment,7973.49379017678,catalogue,3360.308119293608,4613.185670883172
re1_ss__payment_disk__1,re1_ss,disk,payment,1,payment,1,payment,1,payment,8589.056178217152,10-192-15-195-9100,3738.6728559010758,4850.383322316076
re1_ss__payment_disk__2,re1_ss,disk,payment,1,payment,1,payment,1,payment,8601.613322476647,queue-master,1102.4318096646912,7499.181512811956
re1_ss__payment_disk__3,re1_ss,disk,payment,1,payment,1,payment,1,payment,8610.38025170041,shipping,6976.608349953989,1633.7719017464206
re1_ss__payment_disk__4,re1_ss,disk,payment,1,payment,1,payment,1,payment,8576.819188276326,queue-master,825.5707996294577,7751.248388646868
re1_ss__payment_disk__5,re1_ss,disk,payment,1,payment,1,payment,1,payment,8582.347961235964,10-192-15-197-9100,3381.705530070541,5200.642431165423
re1_ss__payment_loss__1,re1_ss,loss,payment,1,payment,1,payment,1,payment,4315.010016935392,carts,3133.985508384818,1181.024508550574
re1_ss__payment_loss__2,re1_ss,loss,payment,1,payment,1,payment,1,payment,4225.167796536954,catalogue,3025.093837989644,1200.0739585473098
re1_ss__payment_loss__3,re1_ss,loss,payment,1,payment,1,payment,4,session-db,2207.625613869919,session-db,5595.3134047589965,-3387.6877908890774
re1_ss__payment_loss__4,re1_ss,loss,payment,1,payment,1,payment,1,payment,6918.383882457757,catalogue-db,5757.801867559327,1160.5820148984303
re1_ss__payment_loss__5,re1_ss,loss,payment,1,payment,1,payment,1,payment,6486.473501430087,catalogue-db,3005.221482573464,3481.2520188566227
re1_ss__payment_mem__1,re1_ss,mem,payment,1,payment,1,payment,1,payment,8181.318016857836,queue-master,4246.143406124417,3935.1746107334184
re1_ss__payment_mem__2,re1_ss,mem,payment,1,payment,1,payment,1,payment,8181.820620852078,carts,3282.5382220624847,4899.282398789594
re1_ss__payment_mem__3,re1_ss,mem,payment,1,payment,1,payment,1,payment,8176.808286863961,front-end,5079.945042456319,3096.863244407642
re1_ss__payment_mem__4,re1_ss,mem,payment,1,payment,1,payment,1,payment,8197.299229828135,front-end,4144.406459849576,4052.892769978559
re1_ss__payment_mem__5,re1_ss,mem,payment,1,payment,1,payment,1,payment,8191.481164290981,shipping,4311.2126196575855,3880.2685446333953
re1_ss__user_cpu__1,re1_ss,cpu,user,1,user,1,user,1,user,7127.382452975787,session-db,5587.489242935269,1539.8932100405173
re1_ss__user_cpu__2,re1_ss,cpu,user,1,user,1,user,2,catalogue-db,6828.003923411321,catalogue-db,9010.995607445664,-2182.991684034343
re1_ss__user_cpu__3,re1_ss,cpu,user,1,user,1,user,1,user,9589.772601790763,front-end,3208.1453050396944,6381.627296751069
re1_ss__user_cpu__4,re1_ss,cpu,user,1,user,1,user,1,user,9589.278561703606,payment,5446.057357493289,4143.221204210317
re1_ss__user_cpu__5,re1_ss,cpu,user,1,user,1,user,1,user,6928.671504365288,front-end,3375.5589735854123,3553.112530779875
re1_ss__user_delay__1,re1_ss,delay,user,2,192-168-15-8-9100,2,192-168-15-8-9100,1,user,7353.09983152262,192-168-15-8-9100,3374.1446270749148,3978.955204447705
re1_ss__user_delay__2,re1_ss,delay,user,1,user,1,user,4,front-end,2302.695567381927,front-end,4190.619483267861,-1887.923915885934
re1_ss__user_delay__3,re1_ss,delay,user,1,user,1,user,1,user,4243.2578456080855,orders,4169.968928968414,73.2889166396717
re1_ss__user_delay__4,re1_ss,delay,user,1,user,1,user,2,carts,2816.506147639955,carts,3330.785516905294,-514.279369265339
re1_ss__user_delay__5,re1_ss,delay,user,1,user,1,user,1,user,4264.281332412055,carts,3434.340078184085,829.9412542279701
re1_ss__user_disk__1,re1_ss,disk,user,1,user,1,user,1,user,8654.237498152428,rabbitmq,2646.256078302675,6007.981419849753
re1_ss__user_disk__2,re1_ss,disk,user,1,user,1,user,1,user,8642.379615928514,10-192-15-196-9100,3488.8735479516868,5153.506067976827
re1_ss__user_disk__3,re1_ss,disk,user,1,user,1,user,1,user,8651.79988450655,payment,3923.485338905517,4728.314545601033
re1_ss__user_disk__4,re1_ss,disk,user,1,user,1,user,1,user,8650.003382139495,session-db,5896.940365320314,2753.063016819181
re1_ss__user_disk__5,re1_ss,disk,user,1,user,1,user,1,user,8680.548662980102,payment,2713.803297061293,5966.745365918809
re1_ss__user_loss__1,re1_ss,loss,user,1,user,1,user,1,user,5889.658082757472,catalogue-db,5888.51774958224,1.1403331752317172
re1_ss__user_loss__2,re1_ss,loss,user,1,user,1,user,3,catalogue-db,1620.9162866782444,catalogue-db,3080.0969687396973,-1459.180682061453
re1_ss__user_loss__3,re1_ss,loss,user,4,192-168-95-91-9100,6,192-168-95-91-9100,2,192-168-95-91-9100,3509.286793950648,192-168-95-91-9100,4554.599035068629,-1045.3122411179806
re1_ss__user_loss__4,re1_ss,loss,user,4,192-168-33-0-9100,4,192-168-33-0-9100,5,192-168-33-0-9100,1981.0050870371208,192-168-33-0-9100,3545.5072173178523,-1564.5021302807315
re1_ss__user_loss__5,re1_ss,loss,user,1,user,1,user,2,queue-master,3515.1350908728655,queue-master,3771.870503491129,-256.7354126182636
re1_ss__user_mem__1,re1_ss,mem,user,1,user,1,user,1,user,8157.173025400883,front-end,3302.731172530781,4854.441852870102
re1_ss__user_mem__2,re1_ss,mem,user,1,user,1,user,1,user,10768.990254839415,catalogue-db,9068.051855076721,1700.9383997626937
re1_ss__user_mem__3,re1_ss,mem,user,1,user,1,user,1,user,8158.94218325516,queue-master,3119.2059661728968,5039.7362170822635
re1_ss__user_mem__4,re1_ss,mem,user,1,user,1,user,1,user,8157.010402217249,rabbitmq-exporter,5494.32220009587,2662.6882021213787
re1_ss__user_mem__5,re1_ss,mem,user,1,user,1,user,5,orders-db,2582.397699902869,orders-db,4722.857657486905,-2140.4599575840357
re1_tt__ts-auth-service_cpu__1,re1_tt,cpu,ts-auth-service,1,ts-auth-service,1,ts-auth-service,1,ts-auth-service,12973.263002494861,ts-food-map-mongo,6768.119674707396,6205.143327787465
re1_tt__ts-auth-service_cpu__2,re1_tt,cpu,ts-auth-service,1,ts-auth-service,1,ts-auth-service,1,ts-auth-service,8594.131519915498,ts-food-mongo,7720.876468230478,873.2550516850197
re1_tt__ts-auth-service_cpu__3,re1_tt,cpu,ts-auth-service,1,ts-auth-service,1,ts-auth-service,1,ts-auth-service,8645.69879137149,ts-train-mongo,6176.608172168747,2469.0906192027423
re1_tt__ts-auth-service_cpu__4,re1_tt,cpu,ts-auth-service,1,ts-auth-service,1,ts-auth-service,2,ts-auth-mongo,8917.646431963442,ts-auth-mongo,9663.99401942127,-746.3475874578289
re1_tt__ts-auth-service_cpu__5,re1_tt,cpu,ts-auth-service,1,ts-auth-service,1,ts-auth-service,1,ts-auth-service,12921.54717950637,ts-verification-code-service,6662.903759547451,6258.6434199589185
re1_tt__ts-auth-service_delay__1,re1_tt,delay,ts-auth-service,20,ts-news-service,13,ts-news-service,22,ts-consign-service,437.94411974342574,ts-consign-service,5478.777697888764,-5040.833578145339
re1_tt__ts-auth-service_delay__2,re1_tt,delay,ts-auth-service,26,ts-price-mongo,11,ts-price-mongo,45,ts-price-mongo,135.18881474396449,ts-price-mongo,10564.542052983703,-10429.353238239739
re1_tt__ts-auth-service_delay__3,re1_tt,delay,ts-auth-service,20,ts-food-map-mongo,11,ts-preserve-service,29,ts-preserve-service,300.134599980081,ts-preserve-service,6446.49137439083,-6146.3567744107495
re1_tt__ts-auth-service_delay__4,re1_tt,delay,ts-auth-service,8,192-168-51-251-9100,8,192-168-51-251-9100,4,ts-consign-mongo,5253.214298479069,ts-consign-mongo,5835.532959916941,-582.3186614378719
re1_tt__ts-auth-service_delay__5,re1_tt,delay,ts-auth-service,8,ts-order-other-mongo,7,ts-voucher-service,22,ts-order-other-mongo,920.3701290535282,ts-order-other-mongo,9648.710595184097,-8728.340466130569
re1_tt__ts-auth-service_disk__1,re1_tt,disk,ts-auth-service,1,ts-auth-service,1,ts-auth-service,1,ts-auth-service,7398.9870450352655,ts-config-mongo,3938.671574542117,3460.3154704931485
re1_tt__ts-auth-service_disk__2,re1_tt,disk,ts-auth-service,1,ts-auth-service,1,ts-auth-service,1,ts-auth-service,7437.789360769816,ts-admin-route-service,5018.708583726828,2419.0807770429883
re1_tt__ts-auth-service_disk__3,re1_tt,disk,ts-auth-service,2,10-192-15-225-9100,2,10-192-15-225-9100,2,ts-news-service,7411.952757227351,ts-news-service,7885.798304203166,-473.8455469758146
re1_tt__ts-auth-service_disk__4,re1_tt,disk,ts-auth-service,2,10-192-15-224-9100,2,10-192-15-224-9100,4,ts-admin-route-service,7459.4515605504375,ts-admin-route-service,7732.84220363447,-273.3906430840325
re1_tt__ts-auth-service_disk__5,re1_tt,disk,ts-auth-service,1,ts-auth-service,1,ts-auth-service,1,ts-auth-service,7471.190754257339,ts-verification-code-service,5070.066137187693,2401.124617069646
re1_tt__ts-auth-service_loss__1,re1_tt,loss,ts-auth-service,13,192-168-51-251-9100,9,192-168-51-251-9100,23,ts-execute-service,690.8790606313145,ts-execute-service,10650.478441244893,-9959.59938061358
re1_tt__ts-auth-service_loss__2,re1_tt,loss,ts-auth-service,24,192-168-76-138-9100,15,192-168-76-138-9100,33,ts-price-mongo,301.70096003164673,ts-price-mongo,6400.507370469174,-6098.806410437527
re1_tt__ts-auth-service_loss__3,re1_tt,loss,ts-auth-service,23,ts-price-mongo,16,ts-config-mongo,22,ts-price-mongo,777.9329455378551,ts-price-mongo,10421.790047059354,-9643.857101521498
re1_tt__ts-auth-service_loss__4,re1_tt,loss,ts-auth-service,22,192-168-29-237-9100,10,192-168-29-237-9100,34,ts-travel2-mongo,428.07409443793995,ts-travel2-mongo,9729.408779016396,-9301.334684578456
re1_tt__ts-auth-service_loss__5,re1_tt,loss,ts-auth-service,24,ts-consign-price-mongo,10,ts-consign-price-mongo,50,ts-auth-mongo,137.58655114169355,ts-auth-mongo,11419.669085004354,-11282.08253386266
re1_tt__ts-auth-service_mem__1,re1_tt,mem,ts-auth-service,1,ts-auth-service,1,ts-auth-service,1,ts-auth-service,13561.304235946314,ts-admin-user-service,6635.322729129552,6925.981506816763
re1_tt__ts-auth-service_mem__2,re1_tt,mem,ts-auth-service,1,ts-auth-service,1,ts-auth-service,2,ts-auth-mongo,9312.842834366567,ts-auth-mongo,9903.50328294606,-590.6604485794924
re1_tt__ts-auth-service_mem__3,re1_tt,mem,ts-auth-service,1,ts-auth-service,1,ts-auth-service,1,ts-auth-service,14452.797301799445,ts-config-mongo,10169.918107081481,4282.879194717963
re1_tt__ts-auth-service_mem__4,re1_tt,mem,ts-auth-service,1,ts-auth-service,1,ts-auth-service,1,ts-auth-service,14530.663897424742,ts-admin-route-service,6906.201543667771,7624.4623537569705
re1_tt__ts-auth-service_mem__5,re1_tt,mem,ts-auth-service,1,ts-auth-service,1,ts-auth-service,1,ts-auth-service,13563.11776812385,ts-contacts-service,11008.348055377743,2554.769712746107
re1_tt__ts-order-service_cpu__1,re1_tt,cpu,ts-order-service,1,ts-order-service,1,ts-order-service,1,ts-order-service,8745.405973280998,ts-voucher-service,6970.387915650848,1775.01805763015
re1_tt__ts-order-service_cpu__2,re1_tt,cpu,ts-order-service,1,ts-order-service,1,ts-order-service,1,ts-order-service,8853.736483522778,ts-user-mongo,7623.876555997519,1229.859927525259
re1_tt__ts-order-service_cpu__3,re1_tt,cpu,ts-order-service,1,ts-order-service,1,ts-order-service,1,ts-order-service,9054.28243522074,ts-consign-price-mongo,4024.144197469944,5030.138237750796
re1_tt__ts-order-service_cpu__4,re1_tt,cpu,ts-order-service,1,ts-order-service,1,ts-order-service,1,ts-order-service,9079.27348207142,ts-consign-price-mongo,7607.9465601604725,1471.326921910947
re1_tt__ts-order-service_cpu__5,re1_tt,cpu,ts-order-service,1,ts-order-service,1,ts-order-service,1,ts-order-service,9054.458439511893,ts-voucher-service,6606.004019801847,2448.454419710046
re1_tt__ts-order-service_delay__1,re1_tt,delay,ts-order-service,12,192-168-51-251-9100,12,192-168-51-251-9100,35,ts-consign-mongo,637.8185836796434,ts-consign-mongo,6325.706085991558,-5687.887502311914
re1_tt__ts-order-service_delay__2,re1_tt,delay,ts-order-service,10,ts-preserve-service,8,ts-preserve-service,25,ts-admin-order-service,693.5831824604802,ts-admin-order-service,6749.499100501722,-6055.915918041242
re1_tt__ts-order-service_delay__3,re1_tt,delay,ts-order-service,5,192-168-93-129-9100,5,192-168-93-129-9100,13,ts-auth-mongo,1290.3695878903402,ts-auth-mongo,9843.02685842177,-8552.65727053143
re1_tt__ts-order-service_delay__4,re1_tt,delay,ts-order-service,5,192-168-45-158-9100,5,192-168-45-158-9100,14,ts-order-mongo,1286.9043520474602,ts-order-mongo,9758.755588014841,-8471.85123596738
re1_tt__ts-order-service_delay__5,re1_tt,delay,ts-order-service,1,ts-order-service,1,ts-order-service,8,ts-user-mongo,3201.846953721029,ts-user-mongo,4473.684242875183,-1271.8372891541544
re1_tt__ts-order-service_disk__1,re1_tt,disk,ts-order-service,1,ts-order-service,1,ts-order-service,1,ts-order-service,7562.644909306636,ts-admin-route-service,4950.859827153115,2611.785082153521
re1_tt__ts-order-service_disk__2,re1_tt,disk,ts-order-service,1,ts-order-service,1,ts-order-service,1,ts-order-service,7573.488407533234,ts-user-mongo,7228.345042154314,345.14336537891995
re1_tt__ts-order-service_disk__3,re1_tt,disk,ts-order-service,1,ts-order-service,1,ts-order-service,1,ts-order-service,7556.112116415655,ts-auth-mongo,5069.958124266705,2486.1539921489493
re1_tt__ts-order-service_disk__4,re1_tt,disk,ts-order-service,2,10-192-15-219-9100,2,10-192-15-219-9100,1,ts-order-service,7564.1130522780195,ts-admin-user-service,7296.76477570867,267.34827656934976
re1_tt__ts-order-service_disk__5,re1_tt,disk,ts-order-service,1,ts-order-service,1,ts-order-service,1,ts-order-service,7557.004814700279,ts-auth-mongo,4210.574002339137,3346.4308123611418
re1_tt__ts-order-service_loss__1,re1_tt,loss,ts-order-service,3,ts-preserve-other-service,2,ts-preserve-other-service,13,ts-food-mongo,3191.8398081971495,ts-food-mongo,9861.695465277468,-6669.8556570803175
re1_tt__ts-order-service_loss__2,re1_tt,loss,ts-order-service,3,192-168-29-237-9100,2,192-168-29-237-9100,17,ts-assurance-mongo,3524.620123774231,ts-assurance-mongo,7618.579107206379,-4093.958983432148
re1_tt__ts-order-service_loss__3,re1_tt,loss,ts-order-service,1,ts-order-service,1,ts-order-service,13,ts-station-mongo,3452.132585258309,ts-station-mongo,7962.495152943608,-4510.362567685299
re1_tt__ts-order-service_loss__4,re1_tt,loss,ts-order-service,1,ts-order-service,1,ts-order-service,21,ts-ticket-office-mongo,3648.9416945325015,ts-ticket-office-mongo,7960.007212812732,-4311.065518280231
re1_tt__ts-order-service_loss__5,re1_tt,loss,ts-order-service,3,192-168-29-237-9100,2,192-168-29-237-9100,20,ts-inside-payment-mongo,3346.9923817823787,ts-inside-payment-mongo,6071.3643530178815,-2724.3719712355028
re1_tt__ts-order-service_mem__1,re1_tt,mem,ts-order-service,1,ts-order-service,1,ts-order-service,1,ts-order-service,13575.592727196521,ts-food-map-mongo,6613.560611648975,6962.032115547546
re1_tt__ts-order-service_mem__2,re1_tt,mem,ts-order-service,1,ts-order-service,1,ts-order-service,1,ts-order-service,13564.331238619241,ts-news-service,6208.4783527084355,7355.8528859108055
re1_tt__ts-order-service_mem__3,re1_tt,mem,ts-order-service,1,ts-order-service,1,ts-order-service,1,ts-order-service,9156.318858503511,ts-price-mongo,7672.449856795048,1483.8690017084637
re1_tt__ts-order-service_mem__4,re1_tt,mem,ts-order-service,1,ts-order-service,1,ts-order-service,1,ts-order-service,13566.027412541114,ts-contacts-mongo,11431.892414824288,2134.1349977168265
re1_tt__ts-order-service_mem__5,re1_tt,mem,ts-order-service,1,ts-order-service,1,ts-order-service,1,ts-order-service,13570.713336076924,ts-voucher-service,8046.039770085175,5524.673565991749
re1_tt__ts-route-service_cpu__1,re1_tt,cpu,ts-route-service,1,ts-route-service,1,ts-route-service,1,ts-route-service,8803.603706287662,ts-consign-price-mongo,7955.2733088814175,848.3303974062446
re1_tt__ts-route-service_cpu__2,re1_tt,cpu,ts-route-service,1,ts-route-service,1,ts-route-service,1,ts-route-service,12752.413052032498,ts-config-mongo,9889.084231385497,2863.3288206470006
re1_tt__ts-route-service_cpu__3,re1_tt,cpu,ts-route-service,1,ts-route-service,1,ts-route-service,1,ts-route-service,12772.073366527422,ts-config-mongo,7625.255068184386,5146.818298343036
re1_tt__ts-route-service_cpu__4,re1_tt,cpu,ts-route-service,1,ts-route-service,1,ts-route-service,1,ts-route-service,12719.6389134547,ts-consign-price-service,5766.41268657411,6953.226226880591
re1_tt__ts-route-service_cpu__5,re1_tt,cpu,ts-route-service,1,ts-route-service,1,ts-route-service,1,ts-route-service,12748.88959564532,ts-order-other-mongo,5847.160696440726,6901.728899204594
re1_tt__ts-route-service_delay__1,re1_tt,delay,ts-route-service,5,192-168-76-138-9100,4,192-168-76-138-9100,24,ts-food-mongo,1873.0935104662065,ts-food-mongo,9775.682314335087,-7902.58880386888
re1_tt__ts-route-service_delay__2,re1_tt,delay,ts-route-service,2,ts-admin-travel-service,2,ts-admin-travel-service,13,ts-rebook-service,2335.959910417289,ts-rebook-service,6520.3434752936155,-4184.383564876327
re1_tt__ts-route-service_delay__3,re1_tt,delay,ts-route-service,2,ts-ui-dashboard,2,ts-ui-dashboard,13,ts-voucher-service,2143.653030967677,ts-voucher-service,7696.96838401266,-5553.315353044984
re1_tt__ts-route-service_delay__4,re1_tt,delay,ts-route-service,6,ts-food-mongo,2,ts-travel-service,3,ts-station-mongo,5307.528776791521,ts-station-mongo,6382.118773887184,-1074.5899970956634
re1_tt__ts-route-service_delay__5,re1_tt,delay,ts-route-service,2,ts-auth-mongo,3,ts-auth-mongo,3,ts-auth-mongo,6007.734834954504,ts-auth-mongo,9915.994968676021,-3908.2601337215174
re1_tt__ts-route-service_disk__1,re1_tt,disk,ts-route-service,1,ts-route-service,1,ts-route-service,2,ts-execute-service,7388.935386149579,ts-execute-service,7527.230050450243,-138.2946643006635
re1_tt__ts-route-service_disk__2,re1_tt,disk,ts-route-service,1,ts-route-service,1,ts-route-service,1,ts-route-service,9398.860480211388,ts-admin-user-service,7546.881619877663,1851.9788603337247
re1_tt__ts-route-service_disk__3,re1_tt,disk,ts-route-service,1,ts-route-service,1,ts-route-service,1,ts-route-service,9384.763144628601,ts-price-mongo,4266.641903407316,5118.121241221285
re1_tt__ts-route-service_disk__4,re1_tt,disk,ts-route-service,1,ts-route-service,1,ts-route-service,1,ts-route-service,9407.189872755684,ts-admin-user-service,4937.985288803276,4469.204583952408
re1_tt__ts-route-service_disk__5,re1_tt,disk,ts-route-service,1,ts-route-service,1,ts-route-service,1,ts-route-service,7365.295128599016,ts-verification-code-service,5104.1756016436375,2261.119526955378
re1_tt__ts-route-service_loss__1,re1_tt,loss,ts-route-service,3,ts-travel2-mongo,2,ts-travel2-mongo,24,ts-travel2-mongo,2023.1523272949523,ts-travel2-mongo,9708.755393315818,-7685.603066020865
re1_tt__ts-route-service_loss__2,re1_tt,loss,ts-route-service,4,ts-security-mongo,1,ts-route-service,14,ts-auth-mongo,1566.54969941536,ts-auth-mongo,8414.113759680462,-6847.564060265102
re1_tt__ts-route-service_loss__3,re1_tt,loss,ts-route-service,3,ts-auth-mongo,2,ts-admin-travel-service,18,ts-auth-mongo,2137.1737143773585,ts-auth-mongo,9624.06021372046,-7486.886499343102
re1_tt__ts-route-service_loss__4,re1_tt,loss,ts-route-service,6,ts-news-service,4,ts-news-service,15,ts-admin-user-service,2827.0128902212914,ts-admin-user-service,5312.259202432815,-2485.2463122115237
re1_tt__ts-route-service_loss__5,re1_tt,loss,ts-route-service,15,192-168-93-129-9100,7,192-168-93-129-9100,16,ts-route-mongo,1278.300387872289,ts-route-mongo,7963.421728476981,-6685.121340604692
re1_tt__ts-route-service_mem__1,re1_tt,mem,ts-route-service,1,ts-route-service,1,ts-route-service,1,ts-route-service,13548.31781097875,192-168-29-237-9100,5749.38057214042,7798.93723883833
re1_tt__ts-route-service_mem__2,re1_tt,mem,ts-route-service,1,ts-route-service,1,ts-route-service,1,ts-route-service,13551.519766279094,ts-food-map-mongo,10361.567396415063,3189.9523698640314
re1_tt__ts-route-service_mem__3,re1_tt,mem,ts-route-service,1,ts-route-service,1,ts-route-service,1,ts-route-service,14504.406186312975,ts-train-mongo,6518.207170948482,7986.199015364494
re1_tt__ts-route-service_mem__4,re1_tt,mem,ts-route-service,1,ts-route-service,1,ts-route-service,1,ts-route-service,13569.045798211553,ts-price-mongo,6861.361627305846,6707.684170905707
re1_tt__ts-route-service_mem__5,re1_tt,mem,ts-route-service,1,ts-route-service,1,ts-route-service,2,ts-train-mongo,9608.255457454112,ts-train-mongo,11804.168550007978,-2195.9130925538666
re1_tt__ts-train-service_cpu__1,re1_tt,cpu,ts-train-service,1,ts-train-service,1,ts-train-service,1,ts-train-service,8738.931134341057,ts-food-map-mongo,4584.71101747555,4154.220116865507
re1_tt__ts-train-service_cpu__2,re1_tt,cpu,ts-train-service,1,ts-train-service,1,ts-train-service,1,ts-train-service,8881.122358518718,ts-voucher-service,7923.456266250265,957.6660922684532
re1_tt__ts-train-service_cpu__3,re1_tt,cpu,ts-train-service,1,ts-train-service,1,ts-train-service,2,ts-assurance-mongo,8808.84461748166,ts-assurance-mongo,10030.607893492906,-1221.7632760112465
re1_tt__ts-train-service_cpu__4,re1_tt,cpu,ts-train-service,1,ts-train-service,1,ts-train-service,1,ts-train-service,12711.715987885173,ts-consign-mongo,10024.190977335153,2687.52501055002
re1_tt__ts-train-service_cpu__5,re1_tt,cpu,ts-train-service,1,ts-train-service,1,ts-train-service,1,ts-train-service,12718.863574196459,ts-security-mongo,7643.483000584165,5075.380573612294
re1_tt__ts-train-service_delay__1,re1_tt,delay,ts-train-service,4,192-168-45-158-9100,3,192-168-45-158-9100,7,ts-consign-mongo,5806.085591205833,ts-consign-mongo,9772.738660037476,-3966.6530688316425
re1_tt__ts-train-service_delay__2,re1_tt,delay,ts-train-service,2,ts-admin-travel-service,2,ts-admin-travel-service,17,ts-payment-mongo,3236.953764994994,ts-payment-mongo,7611.585686734645,-4374.63192173965
re1_tt__ts-train-service_delay__3,re1_tt,delay,ts-train-service,5,ts-ui-dashboard,4,ts-ui-dashboard,14,ts-food-mongo,2301.818179684397,ts-food-mongo,9739.651914175223,-7437.833734490827
re1_tt__ts-train-service_delay__4,re1_tt,delay,ts-train-service,4,ts-travel-service,4,ts-travel-service,1,ts-train-service,6223.746877152397,ts-order-mongo,5851.869257659343,371.8776194930542
re1_tt__ts-train-service_delay__5,re1_tt,delay,ts-train-service,7,192-168-29-237-9100,6,192-168-29-237-9100,18,ts-auth-mongo,2482.8734703430728,ts-auth-mongo,8040.120884660592,-5557.2474143175195
re1_tt__ts-train-service_disk__1,re1_tt,disk,ts-train-service,2,10-192-15-225-9100,2,10-192-15-225-9100,2,ts-news-service,7504.027223580854,ts-news-service,7958.512398801606,-454.48517522075144
re1_tt__ts-train-service_disk__2,re1_tt,disk,ts-train-service,2,10-192-15-223-9100,2,10-192-15-223-9100,2,ts-news-service,7534.740550991878,ts-news-service,7667.767078795277,-133.0265278033985
re1_tt__ts-train-service_disk__3,re1_tt,disk,ts-train-service,1,ts-train-service,1,ts-train-service,1,ts-train-service,7563.565623369211,ts-admin-user-service,5627.470782131404,1936.0948412378066
re1_tt__ts-train-service_disk__4,re1_tt,disk,ts-train-service,1,ts-train-service,1,ts-train-service,1,ts-train-service,7540.479494669674,ts-admin-user-service,5445.08440746563,2095.395087204044
re1_tt__ts-train-service_disk__5,re1_tt,disk,ts-train-service,1,ts-train-service,1,ts-train-service,1,ts-train-service,7549.829265549815,ts-preserve-other-service,5485.212285647735,2064.61697990208
re1_tt__ts-train-service_loss__1,re1_tt,loss,ts-train-service,5,192-168-76-138-9100,4,192-168-76-138-9100,6,ts-avatar-service,6206.175035924275,ts-avatar-service,7921.220239336954,-1715.0452034126793
re1_tt__ts-train-service_loss__2,re1_tt,loss,ts-train-service,3,192-168-45-158-9100,2,192-168-45-158-9100,13,ts-price-mongo,2442.0519475578026,ts-price-mongo,6832.894428793089,-4390.842481235286
re1_tt__ts-train-service_loss__3,re1_tt,loss,ts-train-service,3,ts-food-map-mongo,2,ts-admin-travel-service,29,ts-food-map-mongo,2281.2059288856813,ts-food-map-mongo,9655.215685058878,-7374.009756173196
re1_tt__ts-train-service_loss__4,re1_tt,loss,ts-train-service,5,ts-admin-travel-service,2,ts-admin-travel-service,21,ts-inside-payment-mongo,2274.860574937297,ts-inside-payment-mongo,7617.845215223503,-5342.984640286206
re1_tt__ts-train-service_loss__5,re1_tt,loss,ts-train-service,4,ts-price-mongo,4,ts-travel-service,20,ts-price-mongo,1995.1167221008834,ts-price-mongo,9687.875621166426,-7692.758899065542
re1_tt__ts-train-service_mem__1,re1_tt,mem,ts-train-service,1,ts-train-service,1,ts-train-service,1,ts-train-service,13722.208134889961,ts-consign-price-mongo,11505.734529704428,2216.4736051855325
re1_tt__ts-train-service_mem__2,re1_tt,mem,ts-train-service,1,ts-train-service,1,ts-train-service,1,ts-train-service,14790.71703338073,ts-payment-mongo,7927.710613286785,6863.006420093945
re1_tt__ts-train-service_mem__3,re1_tt,mem,ts-train-service,1,ts-train-service,1,ts-train-service,1,ts-train-service,13713.764396969835,ts-ticket-office-mongo,9796.213088775019,3917.5513081948156
re1_tt__ts-train-service_mem__4,re1_tt,mem,ts-train-service,1,ts-train-service,1,ts-train-service,1,ts-train-service,13712.908646430573,ts-payment-mongo,7610.799790383865,6102.108856046708
re1_tt__ts-train-service_mem__5,re1_tt,mem,ts-train-service,1,ts-train-service,1,ts-train-service,1,ts-train-service,13721.178621335906,ts-ticket-office-mongo,9651.963722456798,4069.2148988791087
re1_tt__ts-travel-service_cpu__1,re1_tt,cpu,ts-travel-service,1,ts-travel-service,1,ts-travel-service,3,ts-verification-code-service,8800.700873617794,ts-verification-code-service,11328.578406924358,-2527.877533306564
re1_tt__ts-travel-service_cpu__2,re1_tt,cpu,ts-travel-service,1,ts-travel-service,1,ts-travel-service,1,ts-travel-service,12833.435801458894,ts-voucher-service,7697.31164913695,5136.124152321944
re1_tt__ts-travel-service_cpu__3,re1_tt,cpu,ts-travel-service,1,ts-travel-service,1,ts-travel-service,1,ts-travel-service,12447.553141789986,ts-food-map-mongo,9705.215395374084,2742.337746415902
re1_tt__ts-travel-service_cpu__4,re1_tt,cpu,ts-travel-service,1,ts-travel-service,1,ts-travel-service,3,ts-security-service,9071.275232791966,ts-security-service,11282.38202411567,-2211.106791323704
re1_tt__ts-travel-service_cpu__5,re1_tt,cpu,ts-travel-service,1,ts-travel-service,1,ts-travel-service,1,ts-travel-service,8792.30502323327,ts-train-mongo,7677.281934464016,1115.0230887692542
re1_tt__ts-travel-service_delay__1,re1_tt,delay,ts-travel-service,9,192-168-93-129-9100,8,192-168-93-129-9100,29,ts-food-map-mongo,1328.3131316433655,ts-food-map-mongo,6137.513767505313,-4809.200635861947
re1_tt__ts-travel-service_delay__2,re1_tt,delay,ts-travel-service,21,ts-config-mongo,11,ts-consign-price-mongo,25,ts-avatar-service,972.0069704125208,ts-avatar-service,7927.034382961799,-6955.027412549278
re1_tt__ts-travel-service_delay__3,re1_tt,delay,ts-travel-service,2,ts-admin-travel-service,2,ts-admin-travel-service,6,ts-admin-route-service,6144.092336339193,ts-admin-route-service,11679.770300799908,-5535.677964460715
re1_tt__ts-travel-service_delay__4,re1_tt,delay,ts-travel-service,1,ts-travel-service,1,ts-travel-service,16,ts-voucher-service,2758.633625330465,ts-voucher-service,10951.021674085738,-8192.388048755272
re1_tt__ts-travel-service_delay__5,re1_tt,delay,ts-travel-service,1,ts-travel-service,1,ts-travel-service,7,ts-execute-service,5861.972039978277,ts-execute-service,7697.9969059961395,-1836.0248660178622
re1_tt__ts-travel-service_disk__1,re1_tt,disk,ts-travel-service,1,ts-travel-service,1,ts-travel-service,1,ts-travel-service,9377.95123456911,10-192-15-226-9100,3393.7962000948223,5984.155034474286
re1_tt__ts-travel-service_disk__2,re1_tt,disk,ts-travel-service,1,ts-travel-service,1,ts-travel-service,1,ts-travel-service,9417.700346706217,ts-execute-service,5396.362384667905,4021.337962038312
re1_tt__ts-travel-service_disk__3,re1_tt,disk,ts-travel-service,1,ts-travel-service,1,ts-travel-service,1,ts-travel-service,9384.77162399429,ts-ui-dashboard,5234.152083154163,4150.619540840126
re1_tt__ts-travel-service_disk__4,re1_tt,disk,ts-travel-service,2,10-192-15-223-9100,2,10-192-15-223-9100,1,ts-travel-service,9438.218667758061,ts-price-mongo,4802.473270855101,4635.74539690296
re1_tt__ts-travel-service_disk__5,re1_tt,disk,ts-travel-service,1,ts-travel-service,1,ts-travel-service,1,ts-travel-service,7490.746906957184,ts-admin-route-service,4941.441309288576,2549.3055976686082
re1_tt__ts-travel-service_loss__1,re1_tt,loss,ts-travel-service,4,ts-ui-dashboard,4,ts-ui-dashboard,15,ts-config-mongo,3682.510550381328,ts-config-mongo,9698.920477142414,-6016.409926761085
re1_tt__ts-travel-service_loss__2,re1_tt,loss,ts-travel-service,35,ts-auth-mongo,40,ts-auth-mongo,40,ts-cancel-service,42.83283752574425,ts-cancel-service,6496.366073670309,-6453.533236144564
re1_tt__ts-travel-service_loss__3,re1_tt,loss,ts-travel-service,4,192-168-45-158-9100,2,192-168-45-158-9100,17,ts-voucher-service,3103.095881326179,ts-voucher-service,6592.631248083558,-3489.5353667573786
re1_tt__ts-travel-service_loss__4,re1_tt,loss,ts-travel-service,3,ts-food-service,1,ts-travel-service,15,ts-assurance-mongo,3285.07964481674,ts-assurance-mongo,7684.561736232944,-4399.482091416205
re1_tt__ts-travel-service_loss__5,re1_tt,loss,ts-travel-service,8,192-168-29-237-9100,2,192-168-29-237-9100,17,ts-news-service,3116.6371106324077,ts-news-service,6187.160224662944,-3070.523114030536
re1_tt__ts-travel-service_mem__1,re1_tt,mem,ts-travel-service,1,ts-travel-service,1,ts-travel-service,1,ts-travel-service,9249.791739479515,ts-price-mongo,8385.602606837429,864.1891326420864
re1_tt__ts-travel-service_mem__2,re1_tt,mem,ts-travel-service,1,ts-travel-service,1,ts-travel-service,3,ts-verification-code-service,9613.486297847985,ts-verification-code-service,10949.718936083324,-1336.2326382353385
re1_tt__ts-travel-service_mem__3,re1_tt,mem,ts-travel-service,1,ts-travel-service,1,ts-travel-service,1,ts-travel-service,13566.6323411984,ts-inside-payment-mongo,9813.737286908852,3752.8950542895473
re1_tt__ts-travel-service_mem__4,re1_tt,mem,ts-travel-service,1,ts-travel-service,1,ts-travel-service,1,ts-travel-service,13545.699125924895,ts-ticket-office-mongo,7595.428983405293,5950.270142519602
re1_tt__ts-travel-service_mem__5,re1_tt,mem,ts-travel-service,1,ts-travel-service,1,ts-travel-service,2,ts-travel2-mongo,9602.103191204835,ts-travel2-mongo,9998.722140230815,-396.6189490259803
