fault_type,mean_delta_AC@1,mean_delta_AC@3,mean_delta_AC@5,mean_delta_Avg@1,mean_delta_Avg@3,mean_delta_Avg@5,mean_delta_root_rank,mean_delta_root_score,n_cases,n_delta_AC@1,n_delta_AC@3,n_delta_AC@5,n_delta_Avg@1,n_delta_Avg@3,n_delta_Avg@5,n_delta_root_rank,n_delta_root_score
carts_cpu,-0.4,-0.4,-0.4,-0.4,-0.5333333333333334,-0.52,5.6,-548.6605094916665,5,5,5,5,5,5,5,5,5
carts_delay,-0.2,0.0,0.0,-0.2,-0.06666666666666668,-0.039999999999999994,0.4,-13.511833498597843,5,5,5,5,5,5,5,5,5
carts_loss,0.0,0.0,0.0,0.0,0.0,0.0,,,5,5,5,5,5,5,5,0,0
carts_mem,0.0,-0.4,-0.6,0.0,-0.13333333333333333,-0.32,2.0,-313.5561677389845,5,5,5,5,5,5,5,5,5
cartservice_cpu,0.0,0.0,-0.6,0.0,0.0,-0.16,4.6,-572.0245791613527,5,5,5,5,5,5,5,5,5
cartservice_delay,0.0,0.0,0.0,0.0,0.0,0.0,0.0,37.22726974441675,5,5,5,5,5,5,5,5,5
cartservice_loss,0.0,0.0,0.0,0.0,0.0,0.0,,,5,5,5,5,5,5,5,0,0
cartservice_mem,0.0,0.0,-0.2,0.0,-0.13333333333333333,-0.16000000000000003,0.0,-358.22392521543713,5,5,5,5,5,5,5,5,5
catalogue_cpu,-0.2,0.0,0.0,-0.2,-1.1102230246251566e-17,2.2204460492503132e-17,0.2,-375.6569723174877,5,5,5,5,5,5,5,5,5
catalogue_delay,0.0,0.0,0.0,0.0,0.0,0.0,0.0,26.80309854363686,5,5,5,5,5,5,5,5,5
catalogue_loss,0.0,0.0,0.0,0.0,0.0,0.0,0.0,-43.52492284912023,5,5,5,5,5,5,5,1,1
catalogue_mem,0.0,-0.2,0.0,0.0,-0.06666666666666667,-0.07999999999999999,0.4,-391.5105710607648,5,5,5,5,5,5,5,5,5
checkoutservice_cpu,0.2,-0.2,0.0,0.2,1.1102230246251566e-17,0.0,0.0,-356.00386653808465,5,5,5,5,5,5,5,5,5
checkoutservice_delay,0.0,0.0,0.0,0.0,0.0,0.0,0.0,-12.81336477715231,5,5,5,5,5,5,5,5,5
checkoutservice_loss,0.0,0.0,0.0,0.0,0.0,0.0,,,5,5,5,5,5,5,5,0,0
checkoutservice_mem,-0.2,0.0,0.0,-0.2,-0.13333333333333336,-0.08,0.0,-428.4237221854986,5,5,5,5,5,5,5,5,5
currencyservice_cpu,0.0,0.0,-0.2,0.0,0.0,-0.12000000000000002,4.6,-450.2123172353554,5,5,5,5,5,5,5,5,5
currencyservice_delay,0.0,0.0,0.0,0.0,0.0,0.0,0.0,-12.57222663286193,5,5,5,5,5,5,5,5,5
currencyservice_loss,0.0,0.0,0.0,0.0,0.0,0.0,,,5,5,5,5,5,5,5,0,0
currencyservice_mem,0.0,0.0,-0.6,0.0,0.0,-0.16,2.6,-365.75801163984363,5,5,5,5,5,5,5,5,5
orders_cpu,0.0,-0.8,-0.4,0.0,-0.4666666666666666,-0.52,3.8,-613.7732309059642,5,5,5,5,5,5,5,5,5
orders_delay,0.0,0.0,0.0,0.0,0.0,0.0,0.0,73.22806548046364,5,5,5,5,5,5,5,5,5
orders_loss,0.0,0.0,0.0,0.0,0.0,0.0,0.0,-50.50968217598984,5,5,5,5,5,5,5,5,5
orders_mem,0.0,0.0,0.0,0.0,-0.13333333333333333,-0.08000000000000003,0.6,-295.93479878954486,5,5,5,5,5,5,5,5,5
payment_cpu,0.0,0.0,0.0,0.0,-0.06666666666666667,-0.040000000000000015,0.2,-250.6268075699798,5,5,5,5,5,5,5,5,5
payment_delay,0.2,0.0,0.0,0.2,0.06666666666666668,0.039999999999999994,-0.2,379.749445612552,5,5,5,5,5,5,5,5,5
payment_loss,0.0,0.0,0.0,0.0,0.0,0.0,,,5,5,5,5,5,5,5,0,0
payment_mem,0.0,-0.2,0.0,0.0,-0.06666666666666667,-0.039999999999999994,0.0,-352.72934690245347,5,5,5,5,5,5,5,5,5
paymentservice_cpu,0.0,0.0,0.0,0.0,-0.06666666666666667,-0.040000000000000015,0.2,-487.52789348712406,5,5,5,5,5,5,5,5,5
paymentservice_delay,0.0,0.0,0.0,0.0,0.0,0.0,0.0,-5.587068245675255,5,5,5,5,5,5,5,5,5
paymentservice_loss,0.0,0.0,0.0,0.0,0.0,0.0,,,5,5,5,5,5,5,5,0,0
paymentservice_mem,0.0,0.0,0.0,0.0,0.0,-0.04,0.4,-547.8003753405018,5,5,5,5,5,5,5,5,5
productcatalogservice_cpu,0.0,0.0,0.0,0.0,0.0,0.0,3.2,-456.77687777957397,5,5,5,5,5,5,5,5,5
productcatalogservice_delay,0.0,0.0,0.0,0.0,0.0,0.0,0.0,-0.48647172167957253,5,5,5,5,5,5,5,5,5
productcatalogservice_loss,0.0,0.0,0.0,0.0,0.0,0.0,,,5,5,5,5,5,5,5,0,0
productcatalogservice_mem,0.0,-0.6,-0.2,0.0,-0.2,-0.31999999999999995,3.0,-447.29843388278175,5,5,5,5,5,5,5,5,5
ts-auth-service_cpu,0.0,0.0,-0.2,0.0,0.0,-0.08,10.2,-774.3458769070551,5,5,5,5,5,5,5,5,5
ts-auth-service_delay,0.0,-0.6,-0.4,0.0,-0.4,-0.44000000000000006,5.2,-1003.8094883256465,5,5,5,5,5,5,5,5,5
ts-auth-service_loss,0.0,0.0,0.0,0.0,0.0,0.0,,,5,5,5,5,5,5,5,0,0
ts-auth-service_mem,0.0,0.0,0.0,0.0,0.0,0.0,0.0,-639.1903094459915,5,5,5,5,5,5,5,5,5
ts-order-service_cpu,0.0,-0.4,-0.4,0.0,-0.2,-0.27999999999999997,3.4,-1051.85164164345,5,5,5,5,5,5,5,5,5
ts-order-service_delay,-0.2,0.0,0.0,-0.2,-0.06666666666666668,-0.039999999999999994,0.2,-344.55929797082626,5,5,5,5,5,5,5,5,5
ts-order-service_loss,0.0,0.0,0.0,0.0,0.0,0.0,0.0,-43.93164543643288,5,5,5,5,5,5,5,5,5
ts-order-service_mem,0.0,0.0,0.0,0.0,0.0,0.0,0.0,34.655399531195506,5,5,5,5,5,5,5,5,5
ts-route-service_cpu,0.0,-0.2,0.0,0.0,0.0,-0.03999999999999998,0.8,-647.6644847286841,5,5,5,5,5,5,5,5,5
ts-route-service_delay,0.2,0.2,0.0,0.2,0.2,0.12,-0.6,-26.237181400598455,5,5,5,5,5,5,5,5,5
ts-route-service_loss,0.0,0.0,0.0,0.0,0.0,0.0,0.0,-39.46984069032078,5,5,5,5,5,5,5,1,1
ts-route-service_mem,0.0,0.0,0.2,0.0,0.0,0.04,-0.2,-361.4531942039263,5,5,5,5,5,5,5,5,5
ts-train-service_cpu,-0.2,-0.2,-0.2,-0.2,-0.2666666666666667,-0.24000000000000005,3.4,-814.005742562185,5,5,5,5,5,5,5,5,5
ts-train-service_delay,0.2,0.2,0.0,0.2,0.13333333333333336,0.11999999999999997,-0.8,-19.783097358389295,5,5,5,5,5,5,5,5,5
ts-train-service_loss,0.0,0.0,0.0,0.0,0.0,0.0,,,5,5,5,5,5,5,5,0,0
ts-train-service_mem,-0.2,0.0,0.0,-0.2,-0.06666666666666668,-0.039999999999999994,0.4,-668.7657641749773,5,5,5,5,5,5,5,5,5
ts-travel-service_cpu,-0.2,-0.2,-0.4,-0.2,-0.13333333333333336,-0.2,2.2,-966.0995200442416,5,5,5,5,5,5,5,5,5
ts-travel-service_delay,0.0,-0.2,0.0,0.0,-0.06666666666666667,-0.07999999999999999,-2.8,-342.4802473059341,5,5,5,5,5,5,5,5,5
ts-travel-service_loss,0.0,0.0,0.0,0.0,0.0,0.0,0.0,-49.57381932859107,5,5,5,5,5,5,5,4,4
ts-travel-service_mem,0.0,0.0,0.0,0.0,0.0,0.04,-0.2,-388.48258426835457,5,5,5,5,5,5,5,5,5
user_cpu,0.0,0.0,0.0,0.0,-0.13333333333333333,-0.08000000000000003,1.0,-266.6104019999833,5,5,5,5,5,5,5,5,5
user_delay,0.0,0.0,0.0,0.0,0.0,0.0,0.0,60.03114467493178,5,5,5,5,5,5,5,5,5
user_loss,0.0,0.0,0.0,0.0,0.0,0.0,,,5,5,5,5,5,5,5,0,0
user_mem,0.0,-0.2,0.0,0.0,-0.06666666666666667,-0.07999999999999999,-1.4,-237.06722272277574,5,5,5,5,5,5,5,5,5
