ar_rank,ar_result_file,case_id,dataset,delta,fault_type,movement,raw_rank,raw_result_file,root_cause_service
2,results/main/rcaeval_re1/amber_zenodo_v2/service/re1_ob/re1_ob__adservice_cpu__1.json,re1_ob__adservice_cpu__1,re1_ob,0,cpu,same,2,results/ablation/rcaeval_re1/no_ar/service/re1_ob/re1_ob__adservice_cpu__1.json,adservice
1,results/main/rcaeval_re1/amber_zenodo_v2/service/re1_ob/re1_ob__adservice_cpu__2.json,re1_ob__adservice_cpu__2,re1_ob,0,cpu,same,1,results/ablation/rcaeval_re1/no_ar/service/re1_ob/re1_ob__adservice_cpu__2.json,adservice
2,results/main/rcaeval_re1/amber_zenodo_v2/service/re1_ob/re1_ob__adservice_cpu__3.json,re1_ob__adservice_cpu__3,re1_ob,-1,cpu,worsened,1,results/ablation/rcaeval_re1/no_ar/service/re1_ob/re1_ob__adservice_cpu__3.json,adservice
1,results/main/rcaeval_re1/amber_zenodo_v2/service/re1_ob/re1_ob__adservice_cpu__4.json,re1_ob__adservice_cpu__4,re1_ob,0,cpu,same,1,results/ablation/rcaeval_re1/no_ar/service/re1_ob/re1_ob__adservice_cpu__4.json,adservice
2,results/main/rcaeval_re1/amber_zenodo_v2/service/re1_ob/re1_ob__adservice_cpu__5.json,re1_ob__adservice_cpu__5,re1_ob,0,cpu,same,2,results/ablation/rcaeval_re1/no_ar/service/re1_ob/re1_ob__adservice_cpu__5.json,adservice
1,results/main/rcaeval_re1/amber_zenodo_v2/service/re1_ob/re1_ob__adservice_delay__1.json,re1_ob__adservice_delay__1,re1_ob,0,delay,same,1,results/ablation/rcaeval_re1/no_ar/service/re1_ob/re1_ob__adservice_delay__1.json,adservice
3,results/main/rcaeval_re1/amber_zenodo_v2/service/re1_ob/re1_ob__adservice_delay__2.json,re1_ob__adservice_delay__2,re1_ob,1,delay,improved,4,results/ablation/rcaeval_re1/no_ar/service/re1_ob/re1_ob__adservice_delay__2.json,adservice
3,results/main/rcaeval_re1/amber_zenodo_v2/service/re1_ob/re1_ob__adservice_delay__3.json,re1_ob__adservice_delay__3,re1_ob,-1,delay,worsened,2,results/ablation/rcaeval_re1/no_ar/service/re1_ob/re1_ob__adservice_delay__3.json,adservice
3,results/main/rcaeval_re1/amber_zenodo_v2/service/re1_ob/re1_ob__adservice_delay__4.json,re1_ob__adservice_delay__4,re1_ob,-1,delay,worsened,2,results/ablation/rcaeval_re1/no_ar/service/re1_ob/re1_ob__adservice_delay__4.json,adservice
1,results/main/rcaeval_re1/amber_zenodo_v2/service/re1_ob/re1_ob__adservice_delay__5.json,re1_ob__adservice_delay__5,re1_ob,0,delay,same,1,results/ablation/rcaeval_re1/no_ar/service/re1_ob/re1_ob__adservice_delay__5.json,adservice
1,results/main/rcaeval_re1/amber_zenodo_v2/service/re1_ob/re1_ob__adservice_disk__1.json,re1_ob__adservice_disk__1,re1_ob,0,disk,same,1,results/ablation/rcaeval_re1/no_ar/service/re1_ob/re1_ob__adservice_disk__1.json,adservice
1,results/main/rcaeval_re1/amber_zenodo_v2/service/re1_ob/re1_ob__adservice_disk__2.json,re1_ob__adservice_disk__2,re1_ob,0,disk,same,1,results/ablation/rcaeval_re1/no_ar/service/re1_ob/re1_ob__adservice_disk__2.json,adservice
1,results/main/rcaeval_re1/amber_zenodo_v2/service/re1_ob/re1_ob__adservice_disk__3.json,re1_ob__adservice_disk__3,re1_ob,0,disk,same,1,results/ablation/rcaeval_re1/no_ar/service/re1_ob/re1_ob__adservice_disk__3.json,adservice
1,results/main/rcaeval_re1/amber_zenodo_v2/service/re1_ob/re1_ob__adservice_disk__4.json,re1_ob__adservice_disk__4,re1_ob,0,disk,same,1,results/ablation/rcaeval_re1/no_ar/service/re1_ob/re1_ob__adservice_disk__4.json,adservice
1,results/main/rcaeval_re1/amber_zenodo_v2/service/re1_ob/re1_ob__adservice_disk__5.json,re1_ob__adservice_disk__5,re1_ob,0,disk,same,1,results/ablation/rcaeval_re1/no_ar/service/re1_ob/re1_ob__adservice_disk__5.json,adservice
1,results/main/rcaeval_re1/amber_zenodo_v2/service/re1_ob/re1_ob__adservice_loss__1.json,re1_ob__adservice_loss__1,re1_ob,0,loss,same,1,results/ablation/rcaeval_re1/no_ar/service/re1_ob/re1_ob__adservice_loss__1.json,adservice
2,results/main/rcaeval_re1/amber_zenodo_v2/service/re1_ob/re1_ob__adservice_loss__2.json,re1_ob__adservice_loss__2,re1_ob,0,loss,same,2,results/ablation/rcaeval_re1/no_ar/service/re1_ob/re1_ob__adservice_loss__2.json,adservice
1,results/main/rcaeval_re1/amber_zenodo_v2/service/re1_ob/re1_ob__adservice_loss__3.json,re1_ob__adservice_loss__3,re1_ob,0,loss,same,1,results/ablation/rcaeval_re1/no_ar/service/re1_ob/re1_ob__adservice_loss__3.json,adservice
1,results/main/rcaeval_re1/amber_zenodo_v2/service/re1_ob/re1_ob__adservice_loss__4.json,re1_ob__adservice_loss__4,re1_ob,0,loss,same,1,results/ablation/rcaeval_re1/no_ar/service/re1_ob/re1_ob__adservice_loss__4.json,adservice
1,results/main/rcaeval_re1/amber_zenodo_v2/service/re1_ob/re1_ob__adservice_loss__5.json,re1_ob__adservice_loss__5,re1_ob,0,loss,same,1,results/ablation/rcaeval_re1/no_ar/service/re1_ob/re1_ob__adservice_loss__5.json,adservice
1,results/main/rcaeval_re1/amber_zenodo_v2/service/re1_ob/re1_ob__adservice_mem__1.json,re1_ob__adservice_mem__1,re1_ob,0,mem,same,1,results/ablation/rcaeval_re1/no_ar/service/re1_ob/re1_ob__adservice_mem__1.json,adservice
3,results/main/rcaeval_re1/amber_zenodo_v2/service/re1_ob/re1_ob__adservice_mem__2.json,re1_ob__adservice_mem__2,re1_ob,-1,mem,worsened,2,results/ablation/rcaeval_re1/no_ar/service/re1_ob/re1_ob__adservice_mem__2.json,adservice
1,results/main/rcaeval_re1/amber_zenodo_v2/service/re1_ob/re1_ob__adservice_mem__3.json,re1_ob__adservice_mem__3,re1_ob,0,mem,same,1,results/ablation/rcaeval_re1/no_ar/service/re1_ob/re1_ob__adservice_mem__3.json,adservice
2,results/main/rcaeval_re1/amber_zenodo_v2/service/re1_ob/re1_ob__adservice_mem__4.json,re1_ob__adservice_mem__4,re1_ob,0,mem,same,2,results/ablation/rcaeval_re1/no_ar/service/re1_ob/re1_ob__adservice_mem__4.json,adservice
2,results/main/rcaeval_re1/amber_zenodo_v2/service/re1_ob/re1_ob__adservice_mem__5.json,re1_ob__adservice_mem__5,re1_ob,0,mem,same,2,results/ablation/rcaeval_re1/no_ar/service/re1_ob/re1_ob__adservice_mem__5.json,adservice
2,results/main/rcaeval_re1/amber_zenodo_v2/service/re1_ob/re1_ob__cartservice_cpu__1.json,re1_ob__cartservice_cpu__1,re1_ob,-1,cpu,worsened,1,results/ablation/rcaeval_re1/no_ar/service/re1_ob/re1_ob__cartservice_cpu__1.json,cartservice
2,results/main/rcaeval_re1/amber_zenodo_v2/service/re1_ob/re1_ob__cartservice_cpu__2.json,re1_ob__cartservice_cpu__2,re1_ob,0,cpu,same,2,results/ablation/rcaeval_re1/no_ar/service/re1_ob/re1_ob__cartservice_cpu__2.json,cartservice
2,results/main/rcaeval_re1/amber_zenodo_v2/service/re1_ob/re1_ob__cartservice_cpu__3.json,re1_ob__cartservice_cpu__3,re1_ob,0,cpu,same,2,results/ablation/rcaeval_re1/no_ar/service/re1_ob/re1_ob__cartservice_cpu__3.json,cartservice
3,results/main/rcaeval_re1/amber_zenodo_v2/service/re1_ob/re1_ob__cartservice_cpu__4.json,re1_ob__cartservice_cpu__4,re1_ob,0,cpu,same,3,results/ablation/rcaeval_re1/no_ar/service/re1_ob/re1_ob__cartservice_cpu__4.json,cartservice
2,results/main/rcaeval_re1/amber_zenodo_v2/service/re1_ob/re1_ob__cartservice_cpu__5.json,re1_ob__cartservice_cpu__5,re1_ob,0,cpu,same,2,results/ablation/rcaeval_re1/no_ar/service/re1_ob/re1_ob__cartservice_cpu__5.json,cartservice
2,results/main/rcaeval_re1/amber_zenodo_v2/service/re1_ob/re1_ob__cartservice_delay__1.json,re1_ob__cartservice_delay__1,re1_ob,0,delay,same,2,results/ablation/rcaeval_re1/no_ar/service/re1_ob/re1_ob__cartservice_delay__1.json,cartservice
5,results/main/rcaeval_re1/amber_zenodo_v2/service/re1_ob/re1_ob__cartservice_delay__2.json,re1_ob__cartservice_delay__2,re1_ob,1,delay,improved,6,results/ablation/rcaeval_re1/no_ar/service/re1_ob/re1_ob__cartservice_delay__2.json,cartservice
5,results/main/rcaeval_re1/amber_zenodo_v2/service/re1_ob/re1_ob__cartservice_delay__3.json,re1_ob__cartservice_delay__3,re1_ob,0,delay,same,5,results/ablation/rcaeval_re1/no_ar/service/re1_ob/re1_ob__cartservice_delay__3.json,cartservice
2,results/main/rcaeval_re1/amber_zenodo_v2/service/re1_ob/re1_ob__cartservice_delay__4.json,re1_ob__cartservice_delay__4,re1_ob,1,delay,improved,3,results/ablation/rcaeval_re1/no_ar/service/re1_ob/re1_ob__cartservice_delay__4.json,cartservice
4,results/main/rcaeval_re1/amber_zenodo_v2/service/re1_ob/re1_ob__cartservice_delay__5.json,re1_ob__cartservice_delay__5,re1_ob,-1,delay,worsened,3,results/ablation/rcaeval_re1/no_ar/service/re1_ob/re1_ob__cartservice_delay__5.json,cartservice
3,results/main/rcaeval_re1/amber_zenodo_v2/service/re1_ob/re1_ob__cartservice_disk__1.json,re1_ob__cartservice_disk__1,re1_ob,-2,disk,worsened,1,results/ablation/rcaeval_re1/no_ar/service/re1_ob/re1_ob__cartservice_disk__1.json,cartservice
2,results/main/rcaeval_re1/amber_zenodo_v2/service/re1_ob/re1_ob__cartservice_disk__2.json,re1_ob__cartservice_disk__2,re1_ob,-1,disk,worsened,1,results/ablation/rcaeval_re1/no_ar/service/re1_ob/re1_ob__cartservice_disk__2.json,cartservice
2,results/main/rcaeval_re1/amber_zenodo_v2/service/re1_ob/re1_ob__cartservice_disk__3.json,re1_ob__cartservice_disk__3,re1_ob,0,disk,same,2,results/ablation/rcaeval_re1/no_ar/service/re1_ob/re1_ob__cartservice_disk__3.json,cartservice
1,results/main/rcaeval_re1/amber_zenodo_v2/service/re1_ob/re1_ob__cartservice_disk__4.json,re1_ob__cartservice_disk__4,re1_ob,0,disk,same,1,results/ablation/rcaeval_re1/no_ar/service/re1_ob/re1_ob__cartservice_disk__4.json,cartservice
1,results/main/rcaeval_re1/amber_zenodo_v2/service/re1_ob/re1_ob__cartservice_disk__5.json,re1_ob__cartservice_disk__5,re1_ob,0,disk,same,1,results/ablation/rcaeval_re1/no_ar/service/re1_ob/re1_ob__cartservice_disk__5.json,cartservice
1,results/main/rcaeval_re1/amber_zenodo_v2/service/re1_ob/re1_ob__cartservice_loss__1.json,re1_ob__cartservice_loss__1,re1_ob,0,loss,same,1,results/ablation/rcaeval_re1/no_ar/service/re1_ob/re1_ob__cartservice_loss__1.json,cartservice
9,results/main/rcaeval_re1/amber_zenodo_v2/service/re1_ob/re1_ob__cartservice_loss__2.json,re1_ob__cartservice_loss__2,re1_ob,-2,loss,worsened,7,results/ablation/rcaeval_re1/no_ar/service/re1_ob/re1_ob__cartservice_loss__2.json,cartservice
2,results/main/rcaeval_re1/amber_zenodo_v2/service/re1_ob/re1_ob__cartservice_loss__3.json,re1_ob__cartservice_loss__3,re1_ob,0,loss,same,2,results/ablation/rcaeval_re1/no_ar/service/re1_ob/re1_ob__cartservice_loss__3.json,cartservice
2,results/main/rcaeval_re1/amber_zenodo_v2/service/re1_ob/re1_ob__cartservice_loss__4.json,re1_ob__cartservice_loss__4,re1_ob,0,loss,same,2,results/ablation/rcaeval_re1/no_ar/service/re1_ob/re1_ob__cartservice_loss__4.json,cartservice
1,results/main/rcaeval_re1/amber_zenodo_v2/service/re1_ob/re1_ob__cartservice_loss__5.json,re1_ob__cartservice_loss__5,re1_ob,2,loss,improved,3,results/ablation/rcaeval_re1/no_ar/service/re1_ob/re1_ob__cartservice_loss__5.json,cartservice
2,results/main/rcaeval_re1/amber_zenodo_v2/service/re1_ob/re1_ob__cartservice_mem__1.json,re1_ob__cartservice_mem__1,re1_ob,0,mem,same,2,results/ablation/rcaeval_re1/no_ar/service/re1_ob/re1_ob__cartservice_mem__1.json,cartservice
2,results/main/rcaeval_re1/amber_zenodo_v2/service/re1_ob/re1_ob__cartservice_mem__2.json,re1_ob__cartservice_mem__2,re1_ob,0,mem,same,2,results/ablation/rcaeval_re1/no_ar/service/re1_ob/re1_ob__cartservice_mem__2.json,cartservice
1,results/main/rcaeval_re1/amber_zenodo_v2/service/re1_ob/re1_ob__cartservice_mem__3.json,re1_ob__cartservice_mem__3,re1_ob,0,mem,same,1,results/ablation/rcaeval_re1/no_ar/service/re1_ob/re1_ob__cartservice_mem__3.json,cartservice
2,results/main/rcaeval_re1/amber_zenodo_v2/service/re1_ob/re1_ob__cartservice_mem__4.json,re1_ob__cartservice_mem__4,re1_ob,-1,mem,worsened,1,results/ablation/rcaeval_re1/no_ar/service/re1_ob/re1_ob__cartservice_mem__4.json,cartservice
2,results/main/rcaeval_re1/amber_zenodo_v2/service/re1_ob/re1_ob__cartservice_mem__5.json,re1_ob__cartservice_mem__5,re1_ob,0,mem,same,2,results/ablation/rcaeval_re1/no_ar/service/re1_ob/re1_ob__cartservice_mem__5.json,cartservice
1,results/main/rcaeval_re1/amber_zenodo_v2/service/re1_ob/re1_ob__checkoutservice_cpu__1.json,re1_ob__checkoutservice_cpu__1,re1_ob,0,cpu,same,1,results/ablation/rcaeval_re1/no_ar/service/re1_ob/re1_ob__checkoutservice_cpu__1.json,checkoutservice
1,results/main/rcaeval_re1/amber_zenodo_v2/service/re1_ob/re1_ob__checkoutservice_cpu__2.json,re1_ob__checkoutservice_cpu__2,re1_ob,0,cpu,same,1,results/ablation/rcaeval_re1/no_ar/service/re1_ob/re1_ob__checkoutservice_cpu__2.json,checkoutservice
2,results/main/rcaeval_re1/amber_zenodo_v2/service/re1_ob/re1_ob__checkoutservice_cpu__3.json,re1_ob__checkoutservice_cpu__3,re1_ob,0,cpu,same,2,results/ablation/rcaeval_re1/no_ar/service/re1_ob/re1_ob__checkoutservice_cpu__3.json,checkoutservice
2,results/main/rcaeval_re1/amber_zenodo_v2/service/re1_ob/re1_ob__checkoutservice_cpu__4.json,re1_ob__checkoutservice_cpu__4,re1_ob,-1,cpu,worsened,1,results/ablation/rcaeval_re1/no_ar/service/re1_ob/re1_ob__checkoutservice_cpu__4.json,checkoutservice
1,results/main/rcaeval_re1/amber_zenodo_v2/service/re1_ob/re1_ob__checkoutservice_cpu__5.json,re1_ob__checkoutservice_cpu__5,re1_ob,0,cpu,same,1,results/ablation/rcaeval_re1/no_ar/service/re1_ob/re1_ob__checkoutservice_cpu__5.json,checkoutservice
1,results/main/rcaeval_re1/amber_zenodo_v2/service/re1_ob/re1_ob__checkoutservice_delay__1.json,re1_ob__checkoutservice_delay__1,re1_ob,0,delay,same,1,results/ablation/rcaeval_re1/no_ar/service/re1_ob/re1_ob__checkoutservice_delay__1.json,checkoutservice
4,results/main/rcaeval_re1/amber_zenodo_v2/service/re1_ob/re1_ob__checkoutservice_delay__2.json,re1_ob__checkoutservice_delay__2,re1_ob,1,delay,improved,5,results/ablation/rcaeval_re1/no_ar/service/re1_ob/re1_ob__checkoutservice_delay__2.json,checkoutservice
7,results/main/rcaeval_re1/amber_zenodo_v2/service/re1_ob/re1_ob__checkoutservice_delay__3.json,re1_ob__checkoutservice_delay__3,re1_ob,-3,delay,worsened,4,results/ablation/rcaeval_re1/no_ar/service/re1_ob/re1_ob__checkoutservice_delay__3.json,checkoutservice
4,results/main/rcaeval_re1/amber_zenodo_v2/service/re1_ob/re1_ob__checkoutservice_delay__4.json,re1_ob__checkoutservice_delay__4,re1_ob,0,delay,same,4,results/ablation/rcaeval_re1/no_ar/service/re1_ob/re1_ob__checkoutservice_delay__4.json,checkoutservice
5,results/main/rcaeval_re1/amber_zenodo_v2/service/re1_ob/re1_ob__checkoutservice_delay__5.json,re1_ob__checkoutservice_delay__5,re1_ob,-2,delay,worsened,3,results/ablation/rcaeval_re1/no_ar/service/re1_ob/re1_ob__checkoutservice_delay__5.json,checkoutservice
1,results/main/rcaeval_re1/amber_zenodo_v2/service/re1_ob/re1_ob__checkoutservice_disk__1.json,re1_ob__checkoutservice_disk__1,re1_ob,0,disk,same,1,results/ablation/rcaeval_re1/no_ar/service/re1_ob/re1_ob__checkoutservice_disk__1.json,checkoutservice
3,results/main/rcaeval_re1/amber_zenodo_v2/service/re1_ob/re1_ob__checkoutservice_disk__2.json,re1_ob__checkoutservice_disk__2,re1_ob,-1,disk,worsened,2,results/ablation/rcaeval_re1/no_ar/service/re1_ob/re1_ob__checkoutservice_disk__2.json,checkoutservice
1,results/main/rcaeval_re1/amber_zenodo_v2/service/re1_ob/re1_ob__checkoutservice_disk__3.json,re1_ob__checkoutservice_disk__3,re1_ob,0,disk,same,1,results/ablation/rcaeval_re1/no_ar/service/re1_ob/re1_ob__checkoutservice_disk__3.json,checkoutservice
1,results/main/rcaeval_re1/amber_zenodo_v2/service/re1_ob/re1_ob__checkoutservice_disk__4.json,re1_ob__checkoutservice_disk__4,re1_ob,0,disk,same,1,results/ablation/rcaeval_re1/no_ar/service/re1_ob/re1_ob__checkoutservice_disk__4.json,checkoutservice
1,results/main/rcaeval_re1/amber_zenodo_v2/service/re1_ob/re1_ob__checkoutservice_disk__5.json,re1_ob__checkoutservice_disk__5,re1_ob,0,disk,same,1,results/ablation/rcaeval_re1/no_ar/service/re1_ob/re1_ob__checkoutservice_disk__5.json,checkoutservice
7,results/main/rcaeval_re1/amber_zenodo_v2/service/re1_ob/re1_ob__checkoutservice_loss__1.json,re1_ob__checkoutservice_loss__1,re1_ob,-2,loss,worsened,5,results/ablation/rcaeval_re1/no_ar/service/re1_ob/re1_ob__checkoutservice_loss__1.json,checkoutservice
11,results/main/rcaeval_re1/amber_zenodo_v2/service/re1_ob/re1_ob__checkoutservice_loss__2.json,re1_ob__checkoutservice_loss__2,re1_ob,-4,loss,worsened,7,results/ablation/rcaeval_re1/no_ar/service/re1_ob/re1_ob__checkoutservice_loss__2.json,checkoutservice
7,results/main/rcaeval_re1/amber_zenodo_v2/service/re1_ob/re1_ob__checkoutservice_loss__3.json,re1_ob__checkoutservice_loss__3,re1_ob,0,loss,same,7,results/ablation/rcaeval_re1/no_ar/service/re1_ob/re1_ob__checkoutservice_loss__3.json,checkoutservice
7,results/main/rcaeval_re1/amber_zenodo_v2/service/re1_ob/re1_ob__checkoutservice_loss__4.json,re1_ob__checkoutservice_loss__4,re1_ob,-2,loss,worsened,5,results/ablation/rcaeval_re1/no_ar/service/re1_ob/re1_ob__checkoutservice_loss__4.json,checkoutservice
7,results/main/rcaeval_re1/amber_zenodo_v2/service/re1_ob/re1_ob__checkoutservice_loss__5.json,re1_ob__checkoutservice_loss__5,re1_ob,1,loss,improved,8,results/ablation/rcaeval_re1/no_ar/service/re1_ob/re1_ob__checkoutservice_loss__5.json,checkoutservice
1,results/main/rcaeval_re1/amber_zenodo_v2/service/re1_ob/re1_ob__checkoutservice_mem__1.json,re1_ob__checkoutservice_mem__1,re1_ob,0,mem,same,1,results/ablation/rcaeval_re1/no_ar/service/re1_ob/re1_ob__checkoutservice_mem__1.json,checkoutservice
2,results/main/rcaeval_re1/amber_zenodo_v2/service/re1_ob/re1_ob__checkoutservice_mem__2.json,re1_ob__checkoutservice_mem__2,re1_ob,0,mem,same,2,results/ablation/rcaeval_re1/no_ar/service/re1_ob/re1_ob__checkoutservice_mem__2.json,checkoutservice
2,results/main/rcaeval_re1/amber_zenodo_v2/service/re1_ob/re1_ob__checkoutservice_mem__3.json,re1_ob__checkoutservice_mem__3,re1_ob,-1,mem,worsened,1,results/ablation/rcaeval_re1/no_ar/service/re1_ob/re1_ob__checkoutservice_mem__3.json,checkoutservice
1,results/main/rcaeval_re1/amber_zenodo_v2/service/re1_ob/re1_ob__checkoutservice_mem__4.json,re1_ob__checkoutservice_mem__4,re1_ob,0,mem,same,1,results/ablation/rcaeval_re1/no_ar/service/re1_ob/re1_ob__checkoutservice_mem__4.json,checkoutservice
1,results/main/rcaeval_re1/amber_zenodo_v2/service/re1_ob/re1_ob__checkoutservice_mem__5.json,re1_ob__checkoutservice_mem__5,re1_ob,0,mem,same,1,results/ablation/rcaeval_re1/no_ar/service/re1_ob/re1_ob__checkoutservice_mem__5.json,checkoutservice
4,results/main/rcaeval_re1/amber_zenodo_v2/service/re1_ob/re1_ob__currencyservice_cpu__1.json,re1_ob__currencyservice_cpu__1,re1_ob,-2,cpu,worsened,2,results/ablation/rcaeval_re1/no_ar/service/re1_ob/re1_ob__currencyservice_cpu__1.json,currencyservice
1,results/main/rcaeval_re1/amber_zenodo_v2/service/re1_ob/re1_ob__currencyservice_cpu__2.json,re1_ob__currencyservice_cpu__2,re1_ob,0,cpu,same,1,results/ablation/rcaeval_re1/no_ar/service/re1_ob/re1_ob__currencyservice_cpu__2.json,currencyservice
5,results/main/rcaeval_re1/amber_zenodo_v2/service/re1_ob/re1_ob__currencyservice_cpu__3.json,re1_ob__currencyservice_cpu__3,re1_ob,-2,cpu,worsened,3,results/ablation/rcaeval_re1/no_ar/service/re1_ob/re1_ob__currencyservice_cpu__3.json,currencyservice
3,results/main/rcaeval_re1/amber_zenodo_v2/service/re1_ob/re1_ob__currencyservice_cpu__4.json,re1_ob__currencyservice_cpu__4,re1_ob,0,cpu,same,3,results/ablation/rcaeval_re1/no_ar/service/re1_ob/re1_ob__currencyservice_cpu__4.json,currencyservice
2,results/main/rcaeval_re1/amber_zenodo_v2/service/re1_ob/re1_ob__currencyservice_cpu__5.json,re1_ob__currencyservice_cpu__5,re1_ob,0,cpu,same,2,results/ablation/rcaeval_re1/no_ar/service/re1_ob/re1_ob__currencyservice_cpu__5.json,currencyservice
1,results/main/rcaeval_re1/amber_zenodo_v2/service/re1_ob/re1_ob__currencyservice_delay__1.json,re1_ob__currencyservice_delay__1,re1_ob,0,delay,same,1,results/ablation/rcaeval_re1/no_ar/service/re1_ob/re1_ob__currencyservice_delay__1.json,currencyservice
2,results/main/rcaeval_re1/amber_zenodo_v2/service/re1_ob/re1_ob__currencyservice_delay__2.json,re1_ob__currencyservice_delay__2,re1_ob,4,delay,improved,6,results/ablation/rcaeval_re1/no_ar/service/re1_ob/re1_ob__currencyservice_delay__2.json,currencyservice
1,results/main/rcaeval_re1/amber_zenodo_v2/service/re1_ob/re1_ob__currencyservice_delay__3.json,re1_ob__currencyservice_delay__3,re1_ob,0,delay,same,1,results/ablation/rcaeval_re1/no_ar/service/re1_ob/re1_ob__currencyservice_delay__3.json,currencyservice
2,results/main/rcaeval_re1/amber_zenodo_v2/service/re1_ob/re1_ob__currencyservice_delay__4.json,re1_ob__currencyservice_delay__4,re1_ob,2,delay,improved,4,results/ablation/rcaeval_re1/no_ar/service/re1_ob/re1_ob__currencyservice_delay__4.json,currencyservice
3,results/main/rcaeval_re1/amber_zenodo_v2/service/re1_ob/re1_ob__currencyservice_delay__5.json,re1_ob__currencyservice_delay__5,re1_ob,0,delay,same,3,results/ablation/rcaeval_re1/no_ar/service/re1_ob/re1_ob__currencyservice_delay__5.json,currencyservice
2,results/main/rcaeval_re1/amber_zenodo_v2/service/re1_ob/re1_ob__currencyservice_disk__1.json,re1_ob__currencyservice_disk__1,re1_ob,0,disk,same,2,results/ablation/rcaeval_re1/no_ar/service/re1_ob/re1_ob__currencyservice_disk__1.json,currencyservice
1,results/main/rcaeval_re1/amber_zenodo_v2/service/re1_ob/re1_ob__currencyservice_disk__2.json,re1_ob__currencyservice_disk__2,re1_ob,0,disk,same,1,results/ablation/rcaeval_re1/no_ar/service/re1_ob/re1_ob__currencyservice_disk__2.json,currencyservice
1,results/main/rcaeval_re1/amber_zenodo_v2/service/re1_ob/re1_ob__currencyservice_disk__3.json,re1_ob__currencyservice_disk__3,re1_ob,0,disk,same,1,results/ablation/rcaeval_re1/no_ar/service/re1_ob/re1_ob__currencyservice_disk__3.json,currencyservice
3,results/main/rcaeval_re1/amber_zenodo_v2/service/re1_ob/re1_ob__currencyservice_disk__4.json,re1_ob__currencyservice_disk__4,re1_ob,-1,disk,worsened,2,results/ablation/rcaeval_re1/no_ar/service/re1_ob/re1_ob__currencyservice_disk__4.json,currencyservice
1,results/main/rcaeval_re1/amber_zenodo_v2/service/re1_ob/re1_ob__currencyservice_disk__5.json,re1_ob__currencyservice_disk__5,re1_ob,0,disk,same,1,results/ablation/rcaeval_re1/no_ar/service/re1_ob/re1_ob__currencyservice_disk__5.json,currencyservice
2,results/main/rcaeval_re1/amber_zenodo_v2/service/re1_ob/re1_ob__currencyservice_loss__1.json,re1_ob__currencyservice_loss__1,re1_ob,1,loss,improved,3,results/ablation/rcaeval_re1/no_ar/service/re1_ob/re1_ob__currencyservice_loss__1.json,currencyservice
1,results/main/rcaeval_re1/amber_zenodo_v2/service/re1_ob/re1_ob__currencyservice_loss__2.json,re1_ob__currencyservice_loss__2,re1_ob,0,loss,same,1,results/ablation/rcaeval_re1/no_ar/service/re1_ob/re1_ob__currencyservice_loss__2.json,currencyservice
3,results/main/rcaeval_re1/amber_zenodo_v2/service/re1_ob/re1_ob__currencyservice_loss__3.json,re1_ob__currencyservice_loss__3,re1_ob,1,loss,improved,4,results/ablation/rcaeval_re1/no_ar/service/re1_ob/re1_ob__currencyservice_loss__3.json,currencyservice
1,results/main/rcaeval_re1/amber_zenodo_v2/service/re1_ob/re1_ob__currencyservice_loss__4.json,re1_ob__currencyservice_loss__4,re1_ob,0,loss,same,1,results/ablation/rcaeval_re1/no_ar/service/re1_ob/re1_ob__currencyservice_loss__4.json,currencyservice
2,results/main/rcaeval_re1/amber_zenodo_v2/service/re1_ob/re1_ob__currencyservice_loss__5.json,re1_ob__currencyservice_loss__5,re1_ob,0,loss,same,2,results/ablation/rcaeval_re1/no_ar/service/re1_ob/re1_ob__currencyservice_loss__5.json,currencyservice
1,results/main/rcaeval_re1/amber_zenodo_v2/service/re1_ob/re1_ob__currencyservice_mem__1.json,re1_ob__currencyservice_mem__1,re1_ob,0,mem,same,1,results/ablation/rcaeval_re1/no_ar/service/re1_ob/re1_ob__currencyservice_mem__1.json,currencyservice
1,results/main/rcaeval_re1/amber_zenodo_v2/service/re1_ob/re1_ob__currencyservice_mem__2.json,re1_ob__currencyservice_mem__2,re1_ob,0,mem,same,1,results/ablation/rcaeval_re1/no_ar/service/re1_ob/re1_ob__currencyservice_mem__2.json,currencyservice
1,results/main/rcaeval_re1/amber_zenodo_v2/service/re1_ob/re1_ob__currencyservice_mem__3.json,re1_ob__currencyservice_mem__3,re1_ob,0,mem,same,1,results/ablation/rcaeval_re1/no_ar/service/re1_ob/re1_ob__currencyservice_mem__3.json,currencyservice
1,results/main/rcaeval_re1/amber_zenodo_v2/service/re1_ob/re1_ob__currencyservice_mem__4.json,re1_ob__currencyservice_mem__4,re1_ob,0,mem,same,1,results/ablation/rcaeval_re1/no_ar/service/re1_ob/re1_ob__currencyservice_mem__4.json,currencyservice
2,results/main/rcaeval_re1/amber_zenodo_v2/service/re1_ob/re1_ob__currencyservice_mem__5.json,re1_ob__currencyservice_mem__5,re1_ob,0,mem,same,2,results/ablation/rcaeval_re1/no_ar/service/re1_ob/re1_ob__currencyservice_mem__5.json,currencyservice
2,results/main/rcaeval_re1/amber_zenodo_v2/service/re1_ob/re1_ob__productcatalogservice_cpu__1.json,re1_ob__productcatalogservice_cpu__1,re1_ob,0,cpu,same,2,results/ablation/rcaeval_re1/no_ar/service/re1_ob/re1_ob__productcatalogservice_cpu__1.json,productcatalogservice
2,results/main/rcaeval_re1/amber_zenodo_v2/service/re1_ob/re1_ob__productcatalogservice_cpu__2.json,re1_ob__productcatalogservice_cpu__2,re1_ob,-1,cpu,worsened,1,results/ablation/rcaeval_re1/no_ar/service/re1_ob/re1_ob__productcatalogservice_cpu__2.json,productcatalogservice
1,results/main/rcaeval_re1/amber_zenodo_v2/service/re1_ob/re1_ob__productcatalogservice_cpu__3.json,re1_ob__productcatalogservice_cpu__3,re1_ob,0,cpu,same,1,results/ablation/rcaeval_re1/no_ar/service/re1_ob/re1_ob__productcatalogservice_cpu__3.json,productcatalogservice
4,results/main/rcaeval_re1/amber_zenodo_v2/service/re1_ob/re1_ob__productcatalogservice_cpu__4.json,re1_ob__productcatalogservice_cpu__4,re1_ob,-1,cpu,worsened,3,results/ablation/rcaeval_re1/no_ar/service/re1_ob/re1_ob__productcatalogservice_cpu__4.json,productcatalogservice
2,results/main/rcaeval_re1/amber_zenodo_v2/service/re1_ob/re1_ob__productcatalogservice_cpu__5.json,re1_ob__productcatalogservice_cpu__5,re1_ob,-1,cpu,worsened,1,results/ablation/rcaeval_re1/no_ar/service/re1_ob/re1_ob__productcatalogservice_cpu__5.json,productcatalogservice
1,results/main/rcaeval_re1/amber_zenodo_v2/service/re1_ob/re1_ob__productcatalogservice_delay__1.json,re1_ob__productcatalogservice_delay__1,re1_ob,1,delay,improved,2,results/ablation/rcaeval_re1/no_ar/service/re1_ob/re1_ob__productcatalogservice_delay__1.json,productcatalogservice
1,results/main/rcaeval_re1/amber_zenodo_v2/service/re1_ob/re1_ob__productcatalogservice_delay__2.json,re1_ob__productcatalogservice_delay__2,re1_ob,2,delay,improved,3,results/ablation/rcaeval_re1/no_ar/service/re1_ob/re1_ob__productcatalogservice_delay__2.json,productcatalogservice
3,results/main/rcaeval_re1/amber_zenodo_v2/service/re1_ob/re1_ob__productcatalogservice_delay__3.json,re1_ob__productcatalogservice_delay__3,re1_ob,1,delay,improved,4,results/ablation/rcaeval_re1/no_ar/service/re1_ob/re1_ob__productcatalogservice_delay__3.json,productcatalogservice
1,results/main/rcaeval_re1/amber_zenodo_v2/service/re1_ob/re1_ob__productcatalogservice_delay__4.json,re1_ob__productcatalogservice_delay__4,re1_ob,0,delay,same,1,results/ablation/rcaeval_re1/no_ar/service/re1_ob/re1_ob__productcatalogservice_delay__4.json,productcatalogservice
1,results/main/rcaeval_re1/amber_zenodo_v2/service/re1_ob/re1_ob__productcatalogservice_delay__5.json,re1_ob__productcatalogservice_delay__5,re1_ob,0,delay,same,1,results/ablation/rcaeval_re1/no_ar/service/re1_ob/re1_ob__productcatalogservice_delay__5.json,productcatalogservice
1,results/main/rcaeval_re1/amber_zenodo_v2/service/re1_ob/re1_ob__productcatalogservice_disk__1.json,re1_ob__productcatalogservice_disk__1,re1_ob,0,disk,same,1,results/ablation/rcaeval_re1/no_ar/service/re1_ob/re1_ob__productcatalogservice_disk__1.json,productcatalogservice
1,results/main/rcaeval_re1/amber_zenodo_v2/service/re1_ob/re1_ob__productcatalogservice_disk__2.json,re1_ob__productcatalogservice_disk__2,re1_ob,0,disk,same,1,results/ablation/rcaeval_re1/no_ar/service/re1_ob/re1_ob__productcatalogservice_disk__2.json,productcatalogservice
1,results/main/rcaeval_re1/amber_zenodo_v2/service/re1_ob/re1_ob__productcatalogservice_disk__3.json,re1_ob__productcatalogservice_disk__3,re1_ob,0,disk,same,1,results/ablation/rcaeval_re1/no_ar/service/re1_ob/re1_ob__productcatalogservice_disk__3.json,productcatalogservice
1,results/main/rcaeval_re1/amber_zenodo_v2/service/re1_ob/re1_ob__productcatalogservice_disk__4.json,re1_ob__productcatalogservice_disk__4,re1_ob,0,disk,same,1,results/ablation/rcaeval_re1/no_ar/service/re1_ob/re1_ob__productcatalogservice_disk__4.json,productcatalogservice
1,results/main/rcaeval_re1/amber_zenodo_v2/service/re1_ob/re1_ob__productcatalogservice_disk__5.json,re1_ob__productcatalogservice_disk__5,re1_ob,0,disk,same,1,results/ablation/rcaeval_re1/no_ar/service/re1_ob/re1_ob__productcatalogservice_disk__5.json,productcatalogservice
2,results/main/rcaeval_re1/amber_zenodo_v2/service/re1_ob/re1_ob__productcatalogservice_loss__1.json,re1_ob__productcatalogservice_loss__1,re1_ob,0,loss,same,2,results/ablation/rcaeval_re1/no_ar/service/re1_ob/re1_ob__productcatalogservice_loss__1.json,productcatalogservice
3,results/main/rcaeval_re1/amber_zenodo_v2/service/re1_ob/re1_ob__productcatalogservice_loss__2.json,re1_ob__productcatalogservice_loss__2,re1_ob,1,loss,improved,4,results/ablation/rcaeval_re1/no_ar/service/re1_ob/re1_ob__productcatalogservice_loss__2.json,productcatalogservice
4,results/main/rcaeval_re1/amber_zenodo_v2/service/re1_ob/re1_ob__productcatalogservice_loss__3.json,re1_ob__productcatalogservice_loss__3,re1_ob,1,loss,improved,5,results/ablation/rcaeval_re1/no_ar/service/re1_ob/re1_ob__productcatalogservice_loss__3.json,productcatalogservice
3,results/main/rcaeval_re1/amber_zenodo_v2/service/re1_ob/re1_ob__productcatalogservice_loss__4.json,re1_ob__productcatalogservice_loss__4,re1_ob,0,loss,same,3,results/ablation/rcaeval_re1/no_ar/service/re1_ob/re1_ob__productcatalogservice_loss__4.json,productcatalogservice
4,results/main/rcaeval_re1/amber_zenodo_v2/service/re1_ob/re1_ob__productcatalogservice_loss__5.json,re1_ob__productcatalogservice_loss__5,re1_ob,2,loss,improved,6,results/ablation/rcaeval_re1/no_ar/service/re1_ob/re1_ob__productcatalogservice_loss__5.json,productcatalogservice
2,results/main/rcaeval_re1/amber_zenodo_v2/service/re1_ob/re1_ob__productcatalogservice_mem__1.json,re1_ob__productcatalogservice_mem__1,re1_ob,0,mem,same,2,results/ablation/rcaeval_re1/no_ar/service/re1_ob/re1_ob__productcatalogservice_mem__1.json,productcatalogservice
1,results/main/rcaeval_re1/amber_zenodo_v2/service/re1_ob/re1_ob__productcatalogservice_mem__2.json,re1_ob__productcatalogservice_mem__2,re1_ob,0,mem,same,1,results/ablation/rcaeval_re1/no_ar/service/re1_ob/re1_ob__productcatalogservice_mem__2.json,productcatalogservice
2,results/main/rcaeval_re1/amber_zenodo_v2/service/re1_ob/re1_ob__productcatalogservice_mem__3.json,re1_ob__productcatalogservice_mem__3,re1_ob,0,mem,same,2,results/ablation/rcaeval_re1/no_ar/service/re1_ob/re1_ob__productcatalogservice_mem__3.json,productcatalogservice
1,results/main/rcaeval_re1/amber_zenodo_v2/service/re1_ob/re1_ob__productcatalogservice_mem__4.json,re1_ob__productcatalogservice_mem__4,re1_ob,0,mem,same,1,results/ablation/rcaeval_re1/no_ar/service/re1_ob/re1_ob__productcatalogservice_mem__4.json,productcatalogservice
1,results/main/rcaeval_re1/amber_zenodo_v2/service/re1_ob/re1_ob__productcatalogservice_mem__5.json,re1_ob__productcatalogservice_mem__5,re1_ob,0,mem,same,1,results/ablation/rcaeval_re1/no_ar/service/re1_ob/re1_ob__productcatalogservice_mem__5.json,productcatalogservice
1,results/main/rcaeval_re1/amber_zenodo_v2/service/re1_ss/re1_ss__carts_cpu__1.json,re1_ss__carts_cpu__1,re1_ss,0,cpu,same,1,results/ablation/rcaeval_re1/no_ar/service/re1_ss/re1_ss__carts_cpu__1.json,carts
1,results/main/rcaeval_re1/amber_zenodo_v2/service/re1_ss/re1_ss__carts_cpu__2.json,re1_ss__carts_cpu__2,re1_ss,0,cpu,same,1,results/ablation/rcaeval_re1/no_ar/service/re1_ss/re1_ss__carts_cpu__2.json,carts
2,results/main/rcaeval_re1/amber_zenodo_v2/service/re1_ss/re1_ss__carts_cpu__3.json,re1_ss__carts_cpu__3,re1_ss,0,cpu,same,2,results/ablation/rcaeval_re1/no_ar/service/re1_ss/re1_ss__carts_cpu__3.json,carts
1,results/main/rcaeval_re1/amber_zenodo_v2/service/re1_ss/re1_ss__carts_cpu__4.json,re1_ss__carts_cpu__4,re1_ss,0,cpu,same,1,results/ablation/rcaeval_re1/no_ar/service/re1_ss/re1_ss__carts_cpu__4.json,carts
1,results/main/rcaeval_re1/amber_zenodo_v2/service/re1_ss/re1_ss__carts_cpu__5.json,re1_ss__carts_cpu__5,re1_ss,0,cpu,same,1,results/ablation/rcaeval_re1/no_ar/service/re1_ss/re1_ss__carts_cpu__5.json,carts
1,results/main/rcaeval_re1/amber_zenodo_v2/service/re1_ss/re1_ss__carts_delay__1.json,re1_ss__carts_delay__1,re1_ss,0,delay,same,1,results/ablation/rcaeval_re1/no_ar/service/re1_ss/re1_ss__carts_delay__1.json,carts
1,results/main/rcaeval_re1/amber_zenodo_v2/service/re1_ss/re1_ss__carts_delay__2.json,re1_ss__carts_delay__2,re1_ss,0,delay,same,1,results/ablation/rcaeval_re1/no_ar/service/re1_ss/re1_ss__carts_delay__2.json,carts
3,results/main/rcaeval_re1/amber_zenodo_v2/service/re1_ss/re1_ss__carts_delay__3.json,re1_ss__carts_delay__3,re1_ss,0,delay,same,3,results/ablation/rcaeval_re1/no_ar/service/re1_ss/re1_ss__carts_delay__3.json,carts
1,results/main/rcaeval_re1/amber_zenodo_v2/service/re1_ss/re1_ss__carts_delay__4.json,re1_ss__carts_delay__4,re1_ss,0,delay,same,1,results/ablation/rcaeval_re1/no_ar/service/re1_ss/re1_ss__carts_delay__4.json,carts
1,results/main/rcaeval_re1/amber_zenodo_v2/service/re1_ss/re1_ss__carts_delay__5.json,re1_ss__carts_delay__5,re1_ss,0,delay,same,1,results/ablation/rcaeval_re1/no_ar/service/re1_ss/re1_ss__carts_delay__5.json,carts
2,results/main/rcaeval_re1/amber_zenodo_v2/service/re1_ss/re1_ss__carts_disk__1.json,re1_ss__carts_disk__1,re1_ss,0,disk,same,2,results/ablation/rcaeval_re1/no_ar/service/re1_ss/re1_ss__carts_disk__1.json,carts
1,results/main/rcaeval_re1/amber_zenodo_v2/service/re1_ss/re1_ss__carts_disk__2.json,re1_ss__carts_disk__2,re1_ss,0,disk,same,1,results/ablation/rcaeval_re1/no_ar/service/re1_ss/re1_ss__carts_disk__2.json,carts
2,results/main/rcaeval_re1/amber_zenodo_v2/service/re1_ss/re1_ss__carts_disk__3.json,re1_ss__carts_disk__3,re1_ss,0,disk,same,2,results/ablation/rcaeval_re1/no_ar/service/re1_ss/re1_ss__carts_disk__3.json,carts
1,results/main/rcaeval_re1/amber_zenodo_v2/service/re1_ss/re1_ss__carts_disk__4.json,re1_ss__carts_disk__4,re1_ss,0,disk,same,1,results/ablation/rcaeval_re1/no_ar/service/re1_ss/re1_ss__carts_disk__4.json,carts
3,results/main/rcaeval_re1/amber_zenodo_v2/service/re1_ss/re1_ss__carts_disk__5.json,re1_ss__carts_disk__5,re1_ss,0,disk,same,3,results/ablation/rcaeval_re1/no_ar/service/re1_ss/re1_ss__carts_disk__5.json,carts
1,results/main/rcaeval_re1/amber_zenodo_v2/service/re1_ss/re1_ss__carts_loss__1.json,re1_ss__carts_loss__1,re1_ss,0,loss,same,1,results/ablation/rcaeval_re1/no_ar/service/re1_ss/re1_ss__carts_loss__1.json,carts
1,results/main/rcaeval_re1/amber_zenodo_v2/service/re1_ss/re1_ss__carts_loss__2.json,re1_ss__carts_loss__2,re1_ss,0,loss,same,1,results/ablation/rcaeval_re1/no_ar/service/re1_ss/re1_ss__carts_loss__2.json,carts
4,results/main/rcaeval_re1/amber_zenodo_v2/service/re1_ss/re1_ss__carts_loss__3.json,re1_ss__carts_loss__3,re1_ss,0,loss,same,4,results/ablation/rcaeval_re1/no_ar/service/re1_ss/re1_ss__carts_loss__3.json,carts
1,results/main/rcaeval_re1/amber_zenodo_v2/service/re1_ss/re1_ss__carts_loss__4.json,re1_ss__carts_loss__4,re1_ss,0,loss,same,1,results/ablation/rcaeval_re1/no_ar/service/re1_ss/re1_ss__carts_loss__4.json,carts
5,results/main/rcaeval_re1/amber_zenodo_v2/service/re1_ss/re1_ss__carts_loss__5.json,re1_ss__carts_loss__5,re1_ss,-3,loss,worsened,2,results/ablation/rcaeval_re1/no_ar/service/re1_ss/re1_ss__carts_loss__5.json,carts
1,results/main/rcaeval_re1/amber_zenodo_v2/service/re1_ss/re1_ss__carts_mem__1.json,re1_ss__carts_mem__1,re1_ss,0,mem,same,1,results/ablation/rcaeval_re1/no_ar/service/re1_ss/re1_ss__carts_mem__1.json,carts
1,results/main/rcaeval_re1/amber_zenodo_v2/service/re1_ss/re1_ss__carts_mem__2.json,re1_ss__carts_mem__2,re1_ss,0,mem,same,1,results/ablation/rcaeval_re1/no_ar/service/re1_ss/re1_ss__carts_mem__2.json,carts
1,results/main/rcaeval_re1/amber_zenodo_v2/service/re1_ss/re1_ss__carts_mem__3.json,re1_ss__carts_mem__3,re1_ss,0,mem,same,1,results/ablation/rcaeval_re1/no_ar/service/re1_ss/re1_ss__carts_mem__3.json,carts
1,results/main/rcaeval_re1/amber_zenodo_v2/service/re1_ss/re1_ss__carts_mem__4.json,re1_ss__carts_mem__4,re1_ss,0,mem,same,1,results/ablation/rcaeval_re1/no_ar/service/re1_ss/re1_ss__carts_mem__4.json,carts
1,results/main/rcaeval_re1/amber_zenodo_v2/service/re1_ss/re1_ss__carts_mem__5.json,re1_ss__carts_mem__5,re1_ss,0,mem,same,1,results/ablation/rcaeval_re1/no_ar/service/re1_ss/re1_ss__carts_mem__5.json,carts
1,results/main/rcaeval_re1/amber_zenodo_v2/service/re1_ss/re1_ss__catalogue_cpu__1.json,re1_ss__catalogue_cpu__1,re1_ss,0,cpu,same,1,results/ablation/rcaeval_re1/no_ar/service/re1_ss/re1_ss__catalogue_cpu__1.json,catalogue
1,results/main/rcaeval_re1/amber_zenodo_v2/service/re1_ss/re1_ss__catalogue_cpu__2.json,re1_ss__catalogue_cpu__2,re1_ss,0,cpu,same,1,results/ablation/rcaeval_re1/no_ar/service/re1_ss/re1_ss__catalogue_cpu__2.json,catalogue
1,results/main/rcaeval_re1/amber_zenodo_v2/service/re1_ss/re1_ss__catalogue_cpu__3.json,re1_ss__catalogue_cpu__3,re1_ss,0,cpu,same,1,results/ablation/rcaeval_re1/no_ar/service/re1_ss/re1_ss__catalogue_cpu__3.json,catalogue
1,results/main/rcaeval_re1/amber_zenodo_v2/service/re1_ss/re1_ss__catalogue_cpu__4.json,re1_ss__catalogue_cpu__4,re1_ss,0,cpu,same,1,results/ablation/rcaeval_re1/no_ar/service/re1_ss/re1_ss__catalogue_cpu__4.json,catalogue
1,results/main/rcaeval_re1/amber_zenodo_v2/service/re1_ss/re1_ss__catalogue_cpu__5.json,re1_ss__catalogue_cpu__5,re1_ss,0,cpu,same,1,results/ablation/rcaeval_re1/no_ar/service/re1_ss/re1_ss__catalogue_cpu__5.json,catalogue
1,results/main/rcaeval_re1/amber_zenodo_v2/service/re1_ss/re1_ss__catalogue_delay__1.json,re1_ss__catalogue_delay__1,re1_ss,0,delay,same,1,results/ablation/rcaeval_re1/no_ar/service/re1_ss/re1_ss__catalogue_delay__1.json,catalogue
2,results/main/rcaeval_re1/amber_zenodo_v2/service/re1_ss/re1_ss__catalogue_delay__2.json,re1_ss__catalogue_delay__2,re1_ss,0,delay,same,2,results/ablation/rcaeval_re1/no_ar/service/re1_ss/re1_ss__catalogue_delay__2.json,catalogue
3,results/main/rcaeval_re1/amber_zenodo_v2/service/re1_ss/re1_ss__catalogue_delay__3.json,re1_ss__catalogue_delay__3,re1_ss,0,delay,same,3,results/ablation/rcaeval_re1/no_ar/service/re1_ss/re1_ss__catalogue_delay__3.json,catalogue
4,results/main/rcaeval_re1/amber_zenodo_v2/service/re1_ss/re1_ss__catalogue_delay__4.json,re1_ss__catalogue_delay__4,re1_ss,0,delay,same,4,results/ablation/rcaeval_re1/no_ar/service/re1_ss/re1_ss__catalogue_delay__4.json,catalogue
2,results/main/rcaeval_re1/amber_zenodo_v2/service/re1_ss/re1_ss__catalogue_delay__5.json,re1_ss__catalogue_delay__5,re1_ss,0,delay,same,2,results/ablation/rcaeval_re1/no_ar/service/re1_ss/re1_ss__catalogue_delay__5.json,catalogue
1,results/main/rcaeval_re1/amber_zenodo_v2/service/re1_ss/re1_ss__catalogue_disk__1.json,re1_ss__catalogue_disk__1,re1_ss,0,disk,same,1,results/ablation/rcaeval_re1/no_ar/service/re1_ss/re1_ss__catalogue_disk__1.json,catalogue
1,results/main/rcaeval_re1/amber_zenodo_v2/service/re1_ss/re1_ss__catalogue_disk__2.json,re1_ss__catalogue_disk__2,re1_ss,0,disk,same,1,results/ablation/rcaeval_re1/no_ar/service/re1_ss/re1_ss__catalogue_disk__2.json,catalogue
1,results/main/rcaeval_re1/amber_zenodo_v2/service/re1_ss/re1_ss__catalogue_disk__3.json,re1_ss__catalogue_disk__3,re1_ss,0,disk,same,1,results/ablation/rcaeval_re1/no_ar/service/re1_ss/re1_ss__catalogue_disk__3.json,catalogue
1,results/main/rcaeval_re1/amber_zenodo_v2/service/re1_ss/re1_ss__catalogue_disk__4.json,re1_ss__catalogue_disk__4,re1_ss,0,disk,same,1,results/ablation/rcaeval_re1/no_ar/service/re1_ss/re1_ss__catalogue_disk__4.json,catalogue
1,results/main/rcaeval_re1/amber_zenodo_v2/service/re1_ss/re1_ss__catalogue_disk__5.json,re1_ss__catalogue_disk__5,re1_ss,0,disk,same,1,results/ablation/rcaeval_re1/no_ar/service/re1_ss/re1_ss__catalogue_disk__5.json,catalogue
1,results/main/rcaeval_re1/amber_zenodo_v2/service/re1_ss/re1_ss__catalogue_loss__1.json,re1_ss__catalogue_loss__1,re1_ss,0,loss,same,1,results/ablation/rcaeval_re1/no_ar/service/re1_ss/re1_ss__catalogue_loss__1.json,catalogue
1,results/main/rcaeval_re1/amber_zenodo_v2/service/re1_ss/re1_ss__catalogue_loss__2.json,re1_ss__catalogue_loss__2,re1_ss,0,loss,same,1,results/ablation/rcaeval_re1/no_ar/service/re1_ss/re1_ss__catalogue_loss__2.json,catalogue
1,results/main/rcaeval_re1/amber_zenodo_v2/service/re1_ss/re1_ss__catalogue_loss__3.json,re1_ss__catalogue_loss__3,re1_ss,0,loss,same,1,results/ablation/rcaeval_re1/no_ar/service/re1_ss/re1_ss__catalogue_loss__3.json,catalogue
1,results/main/rcaeval_re1/amber_zenodo_v2/service/re1_ss/re1_ss__catalogue_loss__4.json,re1_ss__catalogue_loss__4,re1_ss,0,loss,same,1,results/ablation/rcaeval_re1/no_ar/service/re1_ss/re1_ss__catalogue_loss__4.json,catalogue
1,results/main/rcaeval_re1/amber_zenodo_v2/service/re1_ss/re1_ss__catalogue_loss__5.json,re1_ss__catalogue_loss__5,re1_ss,2,loss,improved,3,results/ablation/rcaeval_re1/no_ar/service/re1_ss/re1_ss__catalogue_loss__5.json,catalogue
1,results/main/rcaeval_re1/amber_zenodo_v2/service/re1_ss/re1_ss__catalogue_mem__1.json,re1_ss__catalogue_mem__1,re1_ss,0,mem,same,1,results/ablation/rcaeval_re1/no_ar/service/re1_ss/re1_ss__catalogue_mem__1.json,catalogue
1,results/main/rcaeval_re1/amber_zenodo_v2/service/re1_ss/re1_ss__catalogue_mem__2.json,re1_ss__catalogue_mem__2,re1_ss,0,mem,same,1,results/ablation/rcaeval_re1/no_ar/service/re1_ss/re1_ss__catalogue_mem__2.json,catalogue
1,results/main/rcaeval_re1/amber_zenodo_v2/service/re1_ss/re1_ss__catalogue_mem__3.json,re1_ss__catalogue_mem__3,re1_ss,0,mem,same,1,results/ablation/rcaeval_re1/no_ar/service/re1_ss/re1_ss__catalogue_mem__3.json,catalogue
1,results/main/rcaeval_re1/amber_zenodo_v2/service/re1_ss/re1_ss__catalogue_mem__4.json,re1_ss__catalogue_mem__4,re1_ss,0,mem,same,1,results/ablation/rcaeval_re1/no_ar/service/re1_ss/re1_ss__catalogue_mem__4.json,catalogue
1,results/main/rcaeval_re1/amber_zenodo_v2/service/re1_ss/re1_ss__catalogue_mem__5.json,re1_ss__catalogue_mem__5,re1_ss,0,mem,same,1,results/ablation/rcaeval_re1/no_ar/service/re1_ss/re1_ss__catalogue_mem__5.json,catalogue
1,results/main/rcaeval_re1/amber_zenodo_v2/service/re1_ss/re1_ss__orders_cpu__1.json,re1_ss__orders_cpu__1,re1_ss,0,cpu,same,1,results/ablation/rcaeval_re1/no_ar/service/re1_ss/re1_ss__orders_cpu__1.json,orders
1,results/main/rcaeval_re1/amber_zenodo_v2/service/re1_ss/re1_ss__orders_cpu__2.json,re1_ss__orders_cpu__2,re1_ss,0,cpu,same,1,results/ablation/rcaeval_re1/no_ar/service/re1_ss/re1_ss__orders_cpu__2.json,orders
1,results/main/rcaeval_re1/amber_zenodo_v2/service/re1_ss/re1_ss__orders_cpu__3.json,re1_ss__orders_cpu__3,re1_ss,0,cpu,same,1,results/ablation/rcaeval_re1/no_ar/service/re1_ss/re1_ss__orders_cpu__3.json,orders
1,results/main/rcaeval_re1/amber_zenodo_v2/service/re1_ss/re1_ss__orders_cpu__4.json,re1_ss__orders_cpu__4,re1_ss,0,cpu,same,1,results/ablation/rcaeval_re1/no_ar/service/re1_ss/re1_ss__orders_cpu__4.json,orders
1,results/main/rcaeval_re1/amber_zenodo_v2/service/re1_ss/re1_ss__orders_cpu__5.json,re1_ss__orders_cpu__5,re1_ss,0,cpu,same,1,results/ablation/rcaeval_re1/no_ar/service/re1_ss/re1_ss__orders_cpu__5.json,orders
1,results/main/rcaeval_re1/amber_zenodo_v2/service/re1_ss/re1_ss__orders_delay__1.json,re1_ss__orders_delay__1,re1_ss,0,delay,same,1,results/ablation/rcaeval_re1/no_ar/service/re1_ss/re1_ss__orders_delay__1.json,orders
1,results/main/rcaeval_re1/amber_zenodo_v2/service/re1_ss/re1_ss__orders_delay__2.json,re1_ss__orders_delay__2,re1_ss,0,delay,same,1,results/ablation/rcaeval_re1/no_ar/service/re1_ss/re1_ss__orders_delay__2.json,orders
1,results/main/rcaeval_re1/amber_zenodo_v2/service/re1_ss/re1_ss__orders_delay__3.json,re1_ss__orders_delay__3,re1_ss,1,delay,improved,2,results/ablation/rcaeval_re1/no_ar/service/re1_ss/re1_ss__orders_delay__3.json,orders
1,results/main/rcaeval_re1/amber_zenodo_v2/service/re1_ss/re1_ss__orders_delay__4.json,re1_ss__orders_delay__4,re1_ss,0,delay,same,1,results/ablation/rcaeval_re1/no_ar/service/re1_ss/re1_ss__orders_delay__4.json,orders
1,results/main/rcaeval_re1/amber_zenodo_v2/service/re1_ss/re1_ss__orders_delay__5.json,re1_ss__orders_delay__5,re1_ss,0,delay,same,1,results/ablation/rcaeval_re1/no_ar/service/re1_ss/re1_ss__orders_delay__5.json,orders
1,results/main/rcaeval_re1/amber_zenodo_v2/service/re1_ss/re1_ss__orders_disk__1.json,re1_ss__orders_disk__1,re1_ss,0,disk,same,1,results/ablation/rcaeval_re1/no_ar/service/re1_ss/re1_ss__orders_disk__1.json,orders
1,results/main/rcaeval_re1/amber_zenodo_v2/service/re1_ss/re1_ss__orders_disk__2.json,re1_ss__orders_disk__2,re1_ss,0,disk,same,1,results/ablation/rcaeval_re1/no_ar/service/re1_ss/re1_ss__orders_disk__2.json,orders
1,results/main/rcaeval_re1/amber_zenodo_v2/service/re1_ss/re1_ss__orders_disk__3.json,re1_ss__orders_disk__3,re1_ss,0,disk,same,1,results/ablation/rcaeval_re1/no_ar/service/re1_ss/re1_ss__orders_disk__3.json,orders
1,results/main/rcaeval_re1/amber_zenodo_v2/service/re1_ss/re1_ss__orders_disk__4.json,re1_ss__orders_disk__4,re1_ss,0,disk,same,1,results/ablation/rcaeval_re1/no_ar/service/re1_ss/re1_ss__orders_disk__4.json,orders
1,results/main/rcaeval_re1/amber_zenodo_v2/service/re1_ss/re1_ss__orders_disk__5.json,re1_ss__orders_disk__5,re1_ss,0,disk,same,1,results/ablation/rcaeval_re1/no_ar/service/re1_ss/re1_ss__orders_disk__5.json,orders
1,results/main/rcaeval_re1/amber_zenodo_v2/service/re1_ss/re1_ss__orders_loss__1.json,re1_ss__orders_loss__1,re1_ss,0,loss,same,1,results/ablation/rcaeval_re1/no_ar/service/re1_ss/re1_ss__orders_loss__1.json,orders
1,results/main/rcaeval_re1/amber_zenodo_v2/service/re1_ss/re1_ss__orders_loss__2.json,re1_ss__orders_loss__2,re1_ss,0,loss,same,1,results/ablation/rcaeval_re1/no_ar/service/re1_ss/re1_ss__orders_loss__2.json,orders
3,results/main/rcaeval_re1/amber_zenodo_v2/service/re1_ss/re1_ss__orders_loss__3.json,re1_ss__orders_loss__3,re1_ss,-1,loss,worsened,2,results/ablation/rcaeval_re1/no_ar/service/re1_ss/re1_ss__orders_loss__3.json,orders
4,results/main/rcaeval_re1/amber_zenodo_v2/service/re1_ss/re1_ss__orders_loss__4.json,re1_ss__orders_loss__4,re1_ss,0,loss,same,4,results/ablation/rcaeval_re1/no_ar/service/re1_ss/re1_ss__orders_loss__4.json,orders
4,results/main/rcaeval_re1/amber_zenodo_v2/service/re1_ss/re1_ss__orders_loss__5.json,re1_ss__orders_loss__5,re1_ss,0,loss,same,4,results/ablation/rcaeval_re1/no_ar/service/re1_ss/re1_ss__orders_loss__5.json,orders
1,results/main/rcaeval_re1/amber_zenodo_v2/service/re1_ss/re1_ss__orders_mem__1.json,re1_ss__orders_mem__1,re1_ss,0,mem,same,1,results/ablation/rcaeval_re1/no_ar/service/re1_ss/re1_ss__orders_mem__1.json,orders
1,results/main/rcaeval_re1/amber_zenodo_v2/service/re1_ss/re1_ss__orders_mem__2.json,re1_ss__orders_mem__2,re1_ss,0,mem,same,1,results/ablation/rcaeval_re1/no_ar/service/re1_ss/re1_ss__orders_mem__2.json,orders
1,results/main/rcaeval_re1/amber_zenodo_v2/service/re1_ss/re1_ss__orders_mem__3.json,re1_ss__orders_mem__3,re1_ss,0,mem,same,1,results/ablation/rcaeval_re1/no_ar/service/re1_ss/re1_ss__orders_mem__3.json,orders
1,results/main/rcaeval_re1/amber_zenodo_v2/service/re1_ss/re1_ss__orders_mem__4.json,re1_ss__orders_mem__4,re1_ss,0,mem,same,1,results/ablation/rcaeval_re1/no_ar/service/re1_ss/re1_ss__orders_mem__4.json,orders
1,results/main/rcaeval_re1/amber_zenodo_v2/service/re1_ss/re1_ss__orders_mem__5.json,re1_ss__orders_mem__5,re1_ss,0,mem,same,1,results/ablation/rcaeval_re1/no_ar/service/re1_ss/re1_ss__orders_mem__5.json,orders
1,results/main/rcaeval_re1/amber_zenodo_v2/service/re1_ss/re1_ss__payment_cpu__1.json,re1_ss__payment_cpu__1,re1_ss,0,cpu,same,1,results/ablation/rcaeval_re1/no_ar/service/re1_ss/re1_ss__payment_cpu__1.json,payment
1,results/main/rcaeval_re1/amber_zenodo_v2/service/re1_ss/re1_ss__payment_cpu__2.json,re1_ss__payment_cpu__2,re1_ss,0,cpu,same,1,results/ablation/rcaeval_re1/no_ar/service/re1_ss/re1_ss__payment_cpu__2.json,payment
1,results/main/rcaeval_re1/amber_zenodo_v2/service/re1_ss/re1_ss__payment_cpu__3.json,re1_ss__payment_cpu__3,re1_ss,0,cpu,same,1,results/ablation/rcaeval_re1/no_ar/service/re1_ss/re1_ss__payment_cpu__3.json,payment
1,results/main/rcaeval_re1/amber_zenodo_v2/service/re1_ss/re1_ss__payment_cpu__4.json,re1_ss__payment_cpu__4,re1_ss,0,cpu,same,1,results/ablation/rcaeval_re1/no_ar/service/re1_ss/re1_ss__payment_cpu__4.json,payment
1,results/main/rcaeval_re1/amber_zenodo_v2/service/re1_ss/re1_ss__payment_cpu__5.json,re1_ss__payment_cpu__5,re1_ss,0,cpu,same,1,results/ablation/rcaeval_re1/no_ar/service/re1_ss/re1_ss__payment_cpu__5.json,payment
1,results/main/rcaeval_re1/amber_zenodo_v2/service/re1_ss/re1_ss__payment_delay__1.json,re1_ss__payment_delay__1,re1_ss,0,delay,same,1,results/ablation/rcaeval_re1/no_ar/service/re1_ss/re1_ss__payment_delay__1.json,payment
1,results/main/rcaeval_re1/amber_zenodo_v2/service/re1_ss/re1_ss__payment_delay__2.json,re1_ss__payment_delay__2,re1_ss,0,delay,same,1,results/ablation/rcaeval_re1/no_ar/service/re1_ss/re1_ss__payment_delay__2.json,payment
4,results/main/rcaeval_re1/amber_zenodo_v2/service/re1_ss/re1_ss__payment_delay__3.json,re1_ss__payment_delay__3,re1_ss,-1,delay,worsened,3,results/ablation/rcaeval_re1/no_ar/service/re1_ss/re1_ss__payment_delay__3.json,payment
3,results/main/rcaeval_re1/amber_zenodo_v2/service/re1_ss/re1_ss__payment_delay__4.json,re1_ss__payment_delay__4,re1_ss,0,delay,same,3,results/ablation/rcaeval_re1/no_ar/service/re1_ss/re1_ss__payment_delay__4.json,payment
1,results/main/rcaeval_re1/amber_zenodo_v2/service/re1_ss/re1_ss__payment_delay__5.json,re1_ss__payment_delay__5,re1_ss,0,delay,same,1,results/ablation/rcaeval_re1/no_ar/service/re1_ss/re1_ss__payment_delay__5.json,payment
1,results/main/rcaeval_re1/amber_zenodo_v2/service/re1_ss/re1_ss__payment_disk__1.json,re1_ss__payment_disk__1,re1_ss,0,disk,same,1,results/ablation/rcaeval_re1/no_ar/service/re1_ss/re1_ss__payment_disk__1.json,payment
1,results/main/rcaeval_re1/amber_zenodo_v2/service/re1_ss/re1_ss__payment_disk__2.json,re1_ss__payment_disk__2,re1_ss,0,disk,same,1,results/ablation/rcaeval_re1/no_ar/service/re1_ss/re1_ss__payment_disk__2.json,payment
1,results/main/rcaeval_re1/amber_zenodo_v2/service/re1_ss/re1_ss__payment_disk__3.json,re1_ss__payment_disk__3,re1_ss,0,disk,same,1,results/ablation/rcaeval_re1/no_ar/service/re1_ss/re1_ss__payment_disk__3.json,payment
1,results/main/rcaeval_re1/amber_zenodo_v2/service/re1_ss/re1_ss__payment_disk__4.json,re1_ss__payment_disk__4,re1_ss,0,disk,same,1,results/ablation/rcaeval_re1/no_ar/service/re1_ss/re1_ss__payment_disk__4.json,payment
1,results/main/rcaeval_re1/amber_zenodo_v2/service/re1_ss/re1_ss__payment_disk__5.json,re1_ss__payment_disk__5,re1_ss,0,disk,same,1,results/ablation/rcaeval_re1/no_ar/service/re1_ss/re1_ss__payment_disk__5.json,payment
1,results/main/rcaeval_re1/amber_zenodo_v2/service/re1_ss/re1_ss__payment_loss__1.json,re1_ss__payment_loss__1,re1_ss,0,loss,same,1,results/ablation/rcaeval_re1/no_ar/service/re1_ss/re1_ss__payment_loss__1.json,payment
1,results/main/rcaeval_re1/amber_zenodo_v2/service/re1_ss/re1_ss__payment_loss__2.json,re1_ss__payment_loss__2,re1_ss,0,loss,same,1,results/ablation/rcaeval_re1/no_ar/service/re1_ss/re1_ss__payment_loss__2.json,payment
1,results/main/rcaeval_re1/amber_zenodo_v2/service/re1_ss/re1_ss__payment_loss__3.json,re1_ss__payment_loss__3,re1_ss,0,loss,same,1,results/ablation/rcaeval_re1/no_ar/service/re1_ss/re1_ss__payment_loss__3.json,payment
1,results/main/rcaeval_re1/amber_zenodo_v2/service/re1_ss/re1_ss__payment_loss__4.json,re1_ss__payment_loss__4,re1_ss,0,loss,same,1,results/ablation/rcaeval_re1/no_ar/service/re1_ss/re1_ss__payment_loss__4.json,payment
1,results/main/rcaeval_re1/amber_zenodo_v2/service/re1_ss/re1_ss__payment_loss__5.json,re1_ss__payment_loss__5,re1_ss,0,loss,same,1,results/ablation/rcaeval_re1/no_ar/service/re1_ss/re1_ss__payment_loss__5.json,payment
1,results/main/rcaeval_re1/amber_zenodo_v2/service/re1_ss/re1_ss__payment_mem__1.json,re1_ss__payment_mem__1,re1_ss,0,mem,same,1,results/ablation/rcaeval_re1/no_ar/service/re1_ss/re1_ss__payment_mem__1.json,payment
1,results/main/rcaeval_re1/amber_zenodo_v2/service/re1_ss/re1_ss__payment_mem__2.json,re1_ss__payment_mem__2,re1_ss,0,mem,same,1,results/ablation/rcaeval_re1/no_ar/service/re1_ss/re1_ss__payment_mem__2.json,payment
1,results/main/rcaeval_re1/amber_zenodo_v2/service/re1_ss/re1_ss__payment_mem__3.json,re1_ss__payment_mem__3,re1_ss,0,mem,same,1,results/ablation/rcaeval_re1/no_ar/service/re1_ss/re1_ss__payment_mem__3.json,payment
1,results/main/rcaeval_re1/amber_zenodo_v2/service/re1_ss/re1_ss__payment_mem__4.json,re1_ss__payment_mem__4,re1_ss,0,mem,same,1,results/ablation/rcaeval_re1/no_ar/service/re1_ss/re1_ss__payment_mem__4.json,payment
1,results/main/rcaeval_re1/amber_zenodo_v2/service/re1_ss/re1_ss__payment_mem__5.json,re1_ss__payment_mem__5,re1_ss,0,mem,same,1,results/ablation/rcaeval_re1/no_ar/service/re1_ss/re1_ss__payment_mem__5.json,payment
1,results/main/rcaeval_re1/amber_zenodo_v2/service/re1_ss/re1_ss__user_cpu__1.json,re1_ss__user_cpu__1,re1_ss,0,cpu,same,1,results/ablation/rcaeval_re1/no_ar/service/re1_ss/re1_ss__user_cpu__1.json,user
1,results/main/rcaeval_re1/amber_zenodo_v2/service/re1_ss/re1_ss__user_cpu__2.json,re1_ss__user_cpu__2,re1_ss,0,cpu,same,1,results/ablation/rcaeval_re1/no_ar/service/re1_ss/re1_ss__user_cpu__2.json,user
1,results/main/rcaeval_re1/amber_zenodo_v2/service/re1_ss/re1_ss__user_cpu__3.json,re1_ss__user_cpu__3,re1_ss,0,cpu,same,1,results/ablation/rcaeval_re1/no_ar/service/re1_ss/re1_ss__user_cpu__3.json,user
1,results/main/rcaeval_re1/amber_zenodo_v2/service/re1_ss/re1_ss__user_cpu__4.json,re1_ss__user_cpu__4,re1_ss,0,cpu,same,1,results/ablation/rcaeval_re1/no_ar/service/re1_ss/re1_ss__user_cpu__4.json,user
1,results/main/rcaeval_re1/amber_zenodo_v2/service/re1_ss/re1_ss__user_cpu__5.json,re1_ss__user_cpu__5,re1_ss,0,cpu,same,1,results/ablation/rcaeval_re1/no_ar/service/re1_ss/re1_ss__user_cpu__5.json,user
2,results/main/rcaeval_re1/amber_zenodo_v2/service/re1_ss/re1_ss__user_delay__1.json,re1_ss__user_delay__1,re1_ss,0,delay,same,2,results/ablation/rcaeval_re1/no_ar/service/re1_ss/re1_ss__user_delay__1.json,user
1,results/main/rcaeval_re1/amber_zenodo_v2/service/re1_ss/re1_ss__user_delay__2.json,re1_ss__user_delay__2,re1_ss,0,delay,same,1,results/ablation/rcaeval_re1/no_ar/service/re1_ss/re1_ss__user_delay__2.json,user
1,results/main/rcaeval_re1/amber_zenodo_v2/service/re1_ss/re1_ss__user_delay__3.json,re1_ss__user_delay__3,re1_ss,0,delay,same,1,results/ablation/rcaeval_re1/no_ar/service/re1_ss/re1_ss__user_delay__3.json,user
1,results/main/rcaeval_re1/amber_zenodo_v2/service/re1_ss/re1_ss__user_delay__4.json,re1_ss__user_delay__4,re1_ss,0,delay,same,1,results/ablation/rcaeval_re1/no_ar/service/re1_ss/re1_ss__user_delay__4.json,user
1,results/main/rcaeval_re1/amber_zenodo_v2/service/re1_ss/re1_ss__user_delay__5.json,re1_ss__user_delay__5,re1_ss,0,delay,same,1,results/ablation/rcaeval_re1/no_ar/service/re1_ss/re1_ss__user_delay__5.json,user
1,results/main/rcaeval_re1/amber_zenodo_v2/service/re1_ss/re1_ss__user_disk__1.json,re1_ss__user_disk__1,re1_ss,0,disk,same,1,results/ablation/rcaeval_re1/no_ar/service/re1_ss/re1_ss__user_disk__1.json,user
1,results/main/rcaeval_re1/amber_zenodo_v2/service/re1_ss/re1_ss__user_disk__2.json,re1_ss__user_disk__2,re1_ss,0,disk,same,1,results/ablation/rcaeval_re1/no_ar/service/re1_ss/re1_ss__user_disk__2.json,user
1,results/main/rcaeval_re1/amber_zenodo_v2/service/re1_ss/re1_ss__user_disk__3.json,re1_ss__user_disk__3,re1_ss,0,disk,same,1,results/ablation/rcaeval_re1/no_ar/service/re1_ss/re1_ss__user_disk__3.json,user
1,results/main/rcaeval_re1/amber_zenodo_v2/service/re1_ss/re1_ss__user_disk__4.json,re1_ss__user_disk__4,re1_ss,0,disk,same,1,results/ablation/rcaeval_re1/no_ar/service/re1_ss/re1_ss__user_disk__4.json,user
1,results/main/rcaeval_re1/amber_zenodo_v2/service/re1_ss/re1_ss__user_disk__5.json,re1_ss__user_disk__5,re1_ss,0,disk,same,1,results/ablation/rcaeval_re1/no_ar/service/re1_ss/re1_ss__user_disk__5.json,user
1,results/main/rcaeval_re1/amber_zenodo_v2/service/re1_ss/re1_ss__user_loss__1.json,re1_ss__user_loss__1,re1_ss,0,loss,same,1,results/ablation/rcaeval_re1/no_ar/service/re1_ss/re1_ss__user_loss__1.json,user
1,results/main/rcaeval_re1/amber_zenodo_v2/service/re1_ss/re1_ss__user_loss__2.json,re1_ss__user_loss__2,re1_ss,0,loss,same,1,results/ablation/rcaeval_re1/no_ar/service/re1_ss/re1_ss__user_loss__2.json,user
6,results/main/rcaeval_re1/amber_zenodo_v2/service/re1_ss/re1_ss__user_loss__3.json,re1_ss__user_loss__3,re1_ss,-2,loss,worsened,4,results/ablation/rcaeval_re1/no_ar/service/re1_ss/re1_ss__user_loss__3.json,user
4,results/main/rcaeval_re1/amber_zenodo_v2/service/re1_ss/re1_ss__user_loss__4.json,re1_ss__user_loss__4,re1_ss,0,loss,same,4,results/ablation/rcaeval_re1/no_ar/service/re1_ss/re1_ss__user_loss__4.json,user
1,results/main/rcaeval_re1/amber_zenodo_v2/service/re1_ss/re1_ss__user_loss__5.json,re1_ss__user_loss__5,re1_ss,0,loss,same,1,results/ablation/rcaeval_re1/no_ar/service/re1_ss/re1_ss__user_loss__5.json,user
1,results/main/rcaeval_re1/amber_zenodo_v2/service/re1_ss/re1_ss__user_mem__1.json,re1_ss__user_mem__1,re1_ss,0,mem,same,1,results/ablation/rcaeval_re1/no_ar/service/re1_ss/re1_ss__user_mem__1.json,user
1,results/main/rcaeval_re1/amber_zenodo_v2/service/re1_ss/re1_ss__user_mem__2.json,re1_ss__user_mem__2,re1_ss,0,mem,same,1,results/ablation/rcaeval_re1/no_ar/service/re1_ss/re1_ss__user_mem__2.json,user
1,results/main/rcaeval_re1/amber_zenodo_v2/service/re1_ss/re1_ss__user_mem__3.json,re1_ss__user_mem__3,re1_ss,0,mem,same,1,results/ablation/rcaeval_re1/no_ar/service/re1_ss/re1_ss__user_mem__3.json,user
1,results/main/rcaeval_re1/amber_zenodo_v2/service/re1_ss/re1_ss__user_mem__4.json,re1_ss__user_mem__4,re1_ss,0,mem,same,1,results/ablation/rcaeval_re1/no_ar/service/re1_ss/re1_ss__user_mem__4.json,user
1,results/main/rcaeval_re1/amber_zenodo_v2/service/re1_ss/re1_ss__user_mem__5.json,re1_ss__user_mem__5,re1_ss,0,mem,same,1,results/ablation/rcaeval_re1/no_ar/service/re1_ss/re1_ss__user_mem__5.json,user
1,results/main/rcaeval_re1/amber_zenodo_v2/service/re1_tt/re1_tt__ts-auth-service_cpu__1.json,re1_tt__ts-auth-service_cpu__1,re1_tt,0,cpu,same,1,results/ablation/rcaeval_re1/no_ar/service/re1_tt/re1_tt__ts-auth-service_cpu__1.json,ts-auth-service
1,results/main/rcaeval_re1/amber_zenodo_v2/service/re1_tt/re1_tt__ts-auth-service_cpu__2.json,re1_tt__ts-auth-service_cpu__2,re1_tt,0,cpu,same,1,results/ablation/rcaeval_re1/no_ar/service/re1_tt/re1_tt__ts-auth-service_cpu__2.json,ts-auth-service
1,results/main/rcaeval_re1/amber_zenodo_v2/service/re1_tt/re1_tt__ts-auth-service_cpu__3.json,re1_tt__ts-auth-service_cpu__3,re1_tt,0,cpu,same,1,results/ablation/rcaeval_re1/no_ar/service/re1_tt/re1_tt__ts-auth-service_cpu__3.json,ts-auth-service
1,results/main/rcaeval_re1/amber_zenodo_v2/service/re1_tt/re1_tt__ts-auth-service_cpu__4.json,re1_tt__ts-auth-service_cpu__4,re1_tt,0,cpu,same,1,results/ablation/rcaeval_re1/no_ar/service/re1_tt/re1_tt__ts-auth-service_cpu__4.json,ts-auth-service
1,results/main/rcaeval_re1/amber_zenodo_v2/service/re1_tt/re1_tt__ts-auth-service_cpu__5.json,re1_tt__ts-auth-service_cpu__5,re1_tt,0,cpu,same,1,results/ablation/rcaeval_re1/no_ar/service/re1_tt/re1_tt__ts-auth-service_cpu__5.json,ts-auth-service
11,results/main/rcaeval_re1/amber_zenodo_v2/service/re1_tt/re1_tt__ts-auth-service_delay__1.json,re1_tt__ts-auth-service_delay__1,re1_tt,9,delay,improved,20,results/ablation/rcaeval_re1/no_ar/service/re1_tt/re1_tt__ts-auth-service_delay__1.json,ts-auth-service
36,results/main/rcaeval_re1/amber_zenodo_v2/service/re1_tt/re1_tt__ts-auth-service_delay__2.json,re1_tt__ts-auth-service_delay__2,re1_tt,-10,delay,worsened,26,results/ablation/rcaeval_re1/no_ar/service/re1_tt/re1_tt__ts-auth-service_delay__2.json,ts-auth-service
28,results/main/rcaeval_re1/amber_zenodo_v2/service/re1_tt/re1_tt__ts-auth-service_delay__3.json,re1_tt__ts-auth-service_delay__3,re1_tt,-8,delay,worsened,20,results/ablation/rcaeval_re1/no_ar/service/re1_tt/re1_tt__ts-auth-service_delay__3.json,ts-auth-service
9,results/main/rcaeval_re1/amber_zenodo_v2/service/re1_tt/re1_tt__ts-auth-service_delay__4.json,re1_tt__ts-auth-service_delay__4,re1_tt,-1,delay,worsened,8,results/ablation/rcaeval_re1/no_ar/service/re1_tt/re1_tt__ts-auth-service_delay__4.json,ts-auth-service
10,results/main/rcaeval_re1/amber_zenodo_v2/service/re1_tt/re1_tt__ts-auth-service_delay__5.json,re1_tt__ts-auth-service_delay__5,re1_tt,-2,delay,worsened,8,results/ablation/rcaeval_re1/no_ar/service/re1_tt/re1_tt__ts-auth-service_delay__5.json,ts-auth-service
2,results/main/rcaeval_re1/amber_zenodo_v2/service/re1_tt/re1_tt__ts-auth-service_disk__1.json,re1_tt__ts-auth-service_disk__1,re1_tt,-1,disk,worsened,1,results/ablation/rcaeval_re1/no_ar/service/re1_tt/re1_tt__ts-auth-service_disk__1.json,ts-auth-service
2,results/main/rcaeval_re1/amber_zenodo_v2/service/re1_tt/re1_tt__ts-auth-service_disk__2.json,re1_tt__ts-auth-service_disk__2,re1_tt,-1,disk,worsened,1,results/ablation/rcaeval_re1/no_ar/service/re1_tt/re1_tt__ts-auth-service_disk__2.json,ts-auth-service
2,results/main/rcaeval_re1/amber_zenodo_v2/service/re1_tt/re1_tt__ts-auth-service_disk__3.json,re1_tt__ts-auth-service_disk__3,re1_tt,0,disk,same,2,results/ablation/rcaeval_re1/no_ar/service/re1_tt/re1_tt__ts-auth-service_disk__3.json,ts-auth-service
2,results/main/rcaeval_re1/amber_zenodo_v2/service/re1_tt/re1_tt__ts-auth-service_disk__4.json,re1_tt__ts-auth-service_disk__4,re1_tt,0,disk,same,2,results/ablation/rcaeval_re1/no_ar/service/re1_tt/re1_tt__ts-auth-service_disk__4.json,ts-auth-service
2,results/main/rcaeval_re1/amber_zenodo_v2/service/re1_tt/re1_tt__ts-auth-service_disk__5.json,re1_tt__ts-auth-service_disk__5,re1_tt,-1,disk,worsened,1,results/ablation/rcaeval_re1/no_ar/service/re1_tt/re1_tt__ts-auth-service_disk__5.json,ts-auth-service
17,results/main/rcaeval_re1/amber_zenodo_v2/service/re1_tt/re1_tt__ts-auth-service_loss__1.json,re1_tt__ts-auth-service_loss__1,re1_tt,-4,loss,worsened,13,results/ablation/rcaeval_re1/no_ar/service/re1_tt/re1_tt__ts-auth-service_loss__1.json,ts-auth-service
30,results/main/rcaeval_re1/amber_zenodo_v2/service/re1_tt/re1_tt__ts-auth-service_loss__2.json,re1_tt__ts-auth-service_loss__2,re1_tt,-6,loss,worsened,24,results/ablation/rcaeval_re1/no_ar/service/re1_tt/re1_tt__ts-auth-service_loss__2.json,ts-auth-service
16,results/main/rcaeval_re1/amber_zenodo_v2/service/re1_tt/re1_tt__ts-auth-service_loss__3.json,re1_tt__ts-auth-service_loss__3,re1_tt,7,loss,improved,23,results/ablation/rcaeval_re1/no_ar/service/re1_tt/re1_tt__ts-auth-service_loss__3.json,ts-auth-service
28,results/main/rcaeval_re1/amber_zenodo_v2/service/re1_tt/re1_tt__ts-auth-service_loss__4.json,re1_tt__ts-auth-service_loss__4,re1_tt,-6,loss,worsened,22,results/ablation/rcaeval_re1/no_ar/service/re1_tt/re1_tt__ts-auth-service_loss__4.json,ts-auth-service
36,results/main/rcaeval_re1/amber_zenodo_v2/service/re1_tt/re1_tt__ts-auth-service_loss__5.json,re1_tt__ts-auth-service_loss__5,re1_tt,-12,loss,worsened,24,results/ablation/rcaeval_re1/no_ar/service/re1_tt/re1_tt__ts-auth-service_loss__5.json,ts-auth-service
1,results/main/rcaeval_re1/amber_zenodo_v2/service/re1_tt/re1_tt__ts-auth-service_mem__1.json,re1_tt__ts-auth-service_mem__1,re1_tt,0,mem,same,1,results/ablation/rcaeval_re1/no_ar/service/re1_tt/re1_tt__ts-auth-service_mem__1.json,ts-auth-service
1,results/main/rcaeval_re1/amber_zenodo_v2/service/re1_tt/re1_tt__ts-auth-service_mem__2.json,re1_tt__ts-auth-service_mem__2,re1_tt,0,mem,same,1,results/ablation/rcaeval_re1/no_ar/service/re1_tt/re1_tt__ts-auth-service_mem__2.json,ts-auth-service
1,results/main/rcaeval_re1/amber_zenodo_v2/service/re1_tt/re1_tt__ts-auth-service_mem__3.json,re1_tt__ts-auth-service_mem__3,re1_tt,0,mem,same,1,results/ablation/rcaeval_re1/no_ar/service/re1_tt/re1_tt__ts-auth-service_mem__3.json,ts-auth-service
1,results/main/rcaeval_re1/amber_zenodo_v2/service/re1_tt/re1_tt__ts-auth-service_mem__4.json,re1_tt__ts-auth-service_mem__4,re1_tt,0,mem,same,1,results/ablation/rcaeval_re1/no_ar/service/re1_tt/re1_tt__ts-auth-service_mem__4.json,ts-auth-service
1,results/main/rcaeval_re1/amber_zenodo_v2/service/re1_tt/re1_tt__ts-auth-service_mem__5.json,re1_tt__ts-auth-service_mem__5,re1_tt,0,mem,same,1,results/ablation/rcaeval_re1/no_ar/service/re1_tt/re1_tt__ts-auth-service_mem__5.json,ts-auth-service
1,results/main/rcaeval_re1/amber_zenodo_v2/service/re1_tt/re1_tt__ts-order-service_cpu__1.json,re1_tt__ts-order-service_cpu__1,re1_tt,0,cpu,same,1,results/ablation/rcaeval_re1/no_ar/service/re1_tt/re1_tt__ts-order-service_cpu__1.json,ts-order-service
1,results/main/rcaeval_re1/amber_zenodo_v2/service/re1_tt/re1_tt__ts-order-service_cpu__2.json,re1_tt__ts-order-service_cpu__2,re1_tt,0,cpu,same,1,results/ablation/rcaeval_re1/no_ar/service/re1_tt/re1_tt__ts-order-service_cpu__2.json,ts-order-service
1,results/main/rcaeval_re1/amber_zenodo_v2/service/re1_tt/re1_tt__ts-order-service_cpu__3.json,re1_tt__ts-order-service_cpu__3,re1_tt,0,cpu,same,1,results/ablation/rcaeval_re1/no_ar/service/re1_tt/re1_tt__ts-order-service_cpu__3.json,ts-order-service
1,results/main/rcaeval_re1/amber_zenodo_v2/service/re1_tt/re1_tt__ts-order-service_cpu__4.json,re1_tt__ts-order-service_cpu__4,re1_tt,0,cpu,same,1,results/ablation/rcaeval_re1/no_ar/service/re1_tt/re1_tt__ts-order-service_cpu__4.json,ts-order-service
1,results/main/rcaeval_re1/amber_zenodo_v2/service/re1_tt/re1_tt__ts-order-service_cpu__5.json,re1_tt__ts-order-service_cpu__5,re1_tt,0,cpu,same,1,results/ablation/rcaeval_re1/no_ar/service/re1_tt/re1_tt__ts-order-service_cpu__5.json,ts-order-service
14,results/main/rcaeval_re1/amber_zenodo_v2/service/re1_tt/re1_tt__ts-order-service_delay__1.json,re1_tt__ts-order-service_delay__1,re1_tt,-2,delay,worsened,12,results/ablation/rcaeval_re1/no_ar/service/re1_tt/re1_tt__ts-order-service_delay__1.json,ts-order-service
11,results/main/rcaeval_re1/amber_zenodo_v2/service/re1_tt/re1_tt__ts-order-service_delay__2.json,re1_tt__ts-order-service_delay__2,re1_tt,-1,delay,worsened,10,results/ablation/rcaeval_re1/no_ar/service/re1_tt/re1_tt__ts-order-service_delay__2.json,ts-order-service
6,results/main/rcaeval_re1/amber_zenodo_v2/service/re1_tt/re1_tt__ts-order-service_delay__3.json,re1_tt__ts-order-service_delay__3,re1_tt,-1,delay,worsened,5,results/ablation/rcaeval_re1/no_ar/service/re1_tt/re1_tt__ts-order-service_delay__3.json,ts-order-service
6,results/main/rcaeval_re1/amber_zenodo_v2/service/re1_tt/re1_tt__ts-order-service_delay__4.json,re1_tt__ts-order-service_delay__4,re1_tt,-1,delay,worsened,5,results/ablation/rcaeval_re1/no_ar/service/re1_tt/re1_tt__ts-order-service_delay__4.json,ts-order-service
1,results/main/rcaeval_re1/amber_zenodo_v2/service/re1_tt/re1_tt__ts-order-service_delay__5.json,re1_tt__ts-order-service_delay__5,re1_tt,0,delay,same,1,results/ablation/rcaeval_re1/no_ar/service/re1_tt/re1_tt__ts-order-service_delay__5.json,ts-order-service
2,results/main/rcaeval_re1/amber_zenodo_v2/service/re1_tt/re1_tt__ts-order-service_disk__1.json,re1_tt__ts-order-service_disk__1,re1_tt,-1,disk,worsened,1,results/ablation/rcaeval_re1/no_ar/service/re1_tt/re1_tt__ts-order-service_disk__1.json,ts-order-service
2,results/main/rcaeval_re1/amber_zenodo_v2/service/re1_tt/re1_tt__ts-order-service_disk__2.json,re1_tt__ts-order-service_disk__2,re1_tt,-1,disk,worsened,1,results/ablation/rcaeval_re1/no_ar/service/re1_tt/re1_tt__ts-order-service_disk__2.json,ts-order-service
2,results/main/rcaeval_re1/amber_zenodo_v2/service/re1_tt/re1_tt__ts-order-service_disk__3.json,re1_tt__ts-order-service_disk__3,re1_tt,-1,disk,worsened,1,results/ablation/rcaeval_re1/no_ar/service/re1_tt/re1_tt__ts-order-service_disk__3.json,ts-order-service
2,results/main/rcaeval_re1/amber_zenodo_v2/service/re1_tt/re1_tt__ts-order-service_disk__4.json,re1_tt__ts-order-service_disk__4,re1_tt,0,disk,same,2,results/ablation/rcaeval_re1/no_ar/service/re1_tt/re1_tt__ts-order-service_disk__4.json,ts-order-service
3,results/main/rcaeval_re1/amber_zenodo_v2/service/re1_tt/re1_tt__ts-order-service_disk__5.json,re1_tt__ts-order-service_disk__5,re1_tt,-2,disk,worsened,1,results/ablation/rcaeval_re1/no_ar/service/re1_tt/re1_tt__ts-order-service_disk__5.json,ts-order-service
2,results/main/rcaeval_re1/amber_zenodo_v2/service/re1_tt/re1_tt__ts-order-service_loss__1.json,re1_tt__ts-order-service_loss__1,re1_tt,1,loss,improved,3,results/ablation/rcaeval_re1/no_ar/service/re1_tt/re1_tt__ts-order-service_loss__1.json,ts-order-service
2,results/main/rcaeval_re1/amber_zenodo_v2/service/re1_tt/re1_tt__ts-order-service_loss__2.json,re1_tt__ts-order-service_loss__2,re1_tt,1,loss,improved,3,results/ablation/rcaeval_re1/no_ar/service/re1_tt/re1_tt__ts-order-service_loss__2.json,ts-order-service
1,results/main/rcaeval_re1/amber_zenodo_v2/service/re1_tt/re1_tt__ts-order-service_loss__3.json,re1_tt__ts-order-service_loss__3,re1_tt,0,loss,same,1,results/ablation/rcaeval_re1/no_ar/service/re1_tt/re1_tt__ts-order-service_loss__3.json,ts-order-service
1,results/main/rcaeval_re1/amber_zenodo_v2/service/re1_tt/re1_tt__ts-order-service_loss__4.json,re1_tt__ts-order-service_loss__4,re1_tt,0,loss,same,1,results/ablation/rcaeval_re1/no_ar/service/re1_tt/re1_tt__ts-order-service_loss__4.json,ts-order-service
3,results/main/rcaeval_re1/amber_zenodo_v2/service/re1_tt/re1_tt__ts-order-service_loss__5.json,re1_tt__ts-order-service_loss__5,re1_tt,0,loss,same,3,results/ablation/rcaeval_re1/no_ar/service/re1_tt/re1_tt__ts-order-service_loss__5.json,ts-order-service
1,results/main/rcaeval_re1/amber_zenodo_v2/service/re1_tt/re1_tt__ts-order-service_mem__1.json,re1_tt__ts-order-service_mem__1,re1_tt,0,mem,same,1,results/ablation/rcaeval_re1/no_ar/service/re1_tt/re1_tt__ts-order-service_mem__1.json,ts-order-service
1,results/main/rcaeval_re1/amber_zenodo_v2/service/re1_tt/re1_tt__ts-order-service_mem__2.json,re1_tt__ts-order-service_mem__2,re1_tt,0,mem,same,1,results/ablation/rcaeval_re1/no_ar/service/re1_tt/re1_tt__ts-order-service_mem__2.json,ts-order-service
1,results/main/rcaeval_re1/amber_zenodo_v2/service/re1_tt/re1_tt__ts-order-service_mem__3.json,re1_tt__ts-order-service_mem__3,re1_tt,0,mem,same,1,results/ablation/rcaeval_re1/no_ar/service/re1_tt/re1_tt__ts-order-service_mem__3.json,ts-order-service
1,results/main/rcaeval_re1/amber_zenodo_v2/service/re1_tt/re1_tt__ts-order-service_mem__4.json,re1_tt__ts-order-service_mem__4,re1_tt,0,mem,same,1,results/ablation/rcaeval_re1/no_ar/service/re1_tt/re1_tt__ts-order-service_mem__4.json,ts-order-service
1,results/main/rcaeval_re1/amber_zenodo_v2/service/re1_tt/re1_tt__ts-order-service_mem__5.json,re1_tt__ts-order-service_mem__5,re1_tt,0,mem,same,1,results/ablation/rcaeval_re1/no_ar/service/re1_tt/re1_tt__ts-order-service_mem__5.json,ts-order-service
1,results/main/rcaeval_re1/amber_zenodo_v2/service/re1_tt/re1_tt__ts-route-service_cpu__1.json,re1_tt__ts-route-service_cpu__1,re1_tt,0,cpu,same,1,results/ablation/rcaeval_re1/no_ar/service/re1_tt/re1_tt__ts-route-service_cpu__1.json,ts-route-service
1,results/main/rcaeval_re1/amber_zenodo_v2/service/re1_tt/re1_tt__ts-route-service_cpu__2.json,re1_tt__ts-route-service_cpu__2,re1_tt,0,cpu,same,1,results/ablation/rcaeval_re1/no_ar/service/re1_tt/re1_tt__ts-route-service_cpu__2.json,ts-route-service
1,results/main/rcaeval_re1/amber_zenodo_v2/service/re1_tt/re1_tt__ts-route-service_cpu__3.json,re1_tt__ts-route-service_cpu__3,re1_tt,0,cpu,same,1,results/ablation/rcaeval_re1/no_ar/service/re1_tt/re1_tt__ts-route-service_cpu__3.json,ts-route-service
1,results/main/rcaeval_re1/amber_zenodo_v2/service/re1_tt/re1_tt__ts-route-service_cpu__4.json,re1_tt__ts-route-service_cpu__4,re1_tt,0,cpu,same,1,results/ablation/rcaeval_re1/no_ar/service/re1_tt/re1_tt__ts-route-service_cpu__4.json,ts-route-service
1,results/main/rcaeval_re1/amber_zenodo_v2/service/re1_tt/re1_tt__ts-route-service_cpu__5.json,re1_tt__ts-route-service_cpu__5,re1_tt,0,cpu,same,1,results/ablation/rcaeval_re1/no_ar/service/re1_tt/re1_tt__ts-route-service_cpu__5.json,ts-route-service
6,results/main/rcaeval_re1/amber_zenodo_v2/service/re1_tt/re1_tt__ts-route-service_delay__1.json,re1_tt__ts-route-service_delay__1,re1_tt,-1,delay,worsened,5,results/ablation/rcaeval_re1/no_ar/service/re1_tt/re1_tt__ts-route-service_delay__1.json,ts-route-service
2,results/main/rcaeval_re1/amber_zenodo_v2/service/re1_tt/re1_tt__ts-route-service_delay__2.json,re1_tt__ts-route-service_delay__2,re1_tt,0,delay,same,2,results/ablation/rcaeval_re1/no_ar/service/re1_tt/re1_tt__ts-route-service_delay__2.json,ts-route-service
1,results/main/rcaeval_re1/amber_zenodo_v2/service/re1_tt/re1_tt__ts-route-service_delay__3.json,re1_tt__ts-route-service_delay__3,re1_tt,1,delay,improved,2,results/ablation/rcaeval_re1/no_ar/service/re1_tt/re1_tt__ts-route-service_delay__3.json,ts-route-service
5,results/main/rcaeval_re1/amber_zenodo_v2/service/re1_tt/re1_tt__ts-route-service_delay__4.json,re1_tt__ts-route-service_delay__4,re1_tt,1,delay,improved,6,results/ablation/rcaeval_re1/no_ar/service/re1_tt/re1_tt__ts-route-service_delay__4.json,ts-route-service
1,results/main/rcaeval_re1/amber_zenodo_v2/service/re1_tt/re1_tt__ts-route-service_delay__5.json,re1_tt__ts-route-service_delay__5,re1_tt,1,delay,improved,2,results/ablation/rcaeval_re1/no_ar/service/re1_tt/re1_tt__ts-route-service_delay__5.json,ts-route-service
1,results/main/rcaeval_re1/amber_zenodo_v2/service/re1_tt/re1_tt__ts-route-service_disk__1.json,re1_tt__ts-route-service_disk__1,re1_tt,0,disk,same,1,results/ablation/rcaeval_re1/no_ar/service/re1_tt/re1_tt__ts-route-service_disk__1.json,ts-route-service
2,results/main/rcaeval_re1/amber_zenodo_v2/service/re1_tt/re1_tt__ts-route-service_disk__2.json,re1_tt__ts-route-service_disk__2,re1_tt,-1,disk,worsened,1,results/ablation/rcaeval_re1/no_ar/service/re1_tt/re1_tt__ts-route-service_disk__2.json,ts-route-service
1,results/main/rcaeval_re1/amber_zenodo_v2/service/re1_tt/re1_tt__ts-route-service_disk__3.json,re1_tt__ts-route-service_disk__3,re1_tt,0,disk,same,1,results/ablation/rcaeval_re1/no_ar/service/re1_tt/re1_tt__ts-route-service_disk__3.json,ts-route-service
1,results/main/rcaeval_re1/amber_zenodo_v2/service/re1_tt/re1_tt__ts-route-service_disk__4.json,re1_tt__ts-route-service_disk__4,re1_tt,0,disk,same,1,results/ablation/rcaeval_re1/no_ar/service/re1_tt/re1_tt__ts-route-service_disk__4.json,ts-route-service
2,results/main/rcaeval_re1/amber_zenodo_v2/service/re1_tt/re1_tt__ts-route-service_disk__5.json,re1_tt__ts-route-service_disk__5,re1_tt,-1,disk,worsened,1,results/ablation/rcaeval_re1/no_ar/service/re1_tt/re1_tt__ts-route-service_disk__5.json,ts-route-service
1,results/main/rcaeval_re1/amber_zenodo_v2/service/re1_tt/re1_tt__ts-route-service_loss__1.json,re1_tt__ts-route-service_loss__1,re1_tt,2,loss,improved,3,results/ablation/rcaeval_re1/no_ar/service/re1_tt/re1_tt__ts-route-service_loss__1.json,ts-route-service
2,results/main/rcaeval_re1/amber_zenodo_v2/service/re1_tt/re1_tt__ts-route-service_loss__2.json,re1_tt__ts-route-service_loss__2,re1_tt,2,loss,improved,4,results/ablation/rcaeval_re1/no_ar/service/re1_tt/re1_tt__ts-route-service_loss__2.json,ts-route-service
2,results/main/rcaeval_re1/amber_zenodo_v2/service/re1_tt/re1_tt__ts-route-service_loss__3.json,re1_tt__ts-route-service_loss__3,re1_tt,1,loss,improved,3,results/ablation/rcaeval_re1/no_ar/service/re1_tt/re1_tt__ts-route-service_loss__3.json,ts-route-service
5,results/main/rcaeval_re1/amber_zenodo_v2/service/re1_tt/re1_tt__ts-route-service_loss__4.json,re1_tt__ts-route-service_loss__4,re1_tt,1,loss,improved,6,results/ablation/rcaeval_re1/no_ar/service/re1_tt/re1_tt__ts-route-service_loss__4.json,ts-route-service
13,results/main/rcaeval_re1/amber_zenodo_v2/service/re1_tt/re1_tt__ts-route-service_loss__5.json,re1_tt__ts-route-service_loss__5,re1_tt,2,loss,improved,15,results/ablation/rcaeval_re1/no_ar/service/re1_tt/re1_tt__ts-route-service_loss__5.json,ts-route-service
1,results/main/rcaeval_re1/amber_zenodo_v2/service/re1_tt/re1_tt__ts-route-service_mem__1.json,re1_tt__ts-route-service_mem__1,re1_tt,0,mem,same,1,results/ablation/rcaeval_re1/no_ar/service/re1_tt/re1_tt__ts-route-service_mem__1.json,ts-route-service
1,results/main/rcaeval_re1/amber_zenodo_v2/service/re1_tt/re1_tt__ts-route-service_mem__2.json,re1_tt__ts-route-service_mem__2,re1_tt,0,mem,same,1,results/ablation/rcaeval_re1/no_ar/service/re1_tt/re1_tt__ts-route-service_mem__2.json,ts-route-service
1,results/main/rcaeval_re1/amber_zenodo_v2/service/re1_tt/re1_tt__ts-route-service_mem__3.json,re1_tt__ts-route-service_mem__3,re1_tt,0,mem,same,1,results/ablation/rcaeval_re1/no_ar/service/re1_tt/re1_tt__ts-route-service_mem__3.json,ts-route-service
1,results/main/rcaeval_re1/amber_zenodo_v2/service/re1_tt/re1_tt__ts-route-service_mem__4.json,re1_tt__ts-route-service_mem__4,re1_tt,0,mem,same,1,results/ablation/rcaeval_re1/no_ar/service/re1_tt/re1_tt__ts-route-service_mem__4.json,ts-route-service
1,results/main/rcaeval_re1/amber_zenodo_v2/service/re1_tt/re1_tt__ts-route-service_mem__5.json,re1_tt__ts-route-service_mem__5,re1_tt,0,mem,same,1,results/ablation/rcaeval_re1/no_ar/service/re1_tt/re1_tt__ts-route-service_mem__5.json,ts-route-service
1,results/main/rcaeval_re1/amber_zenodo_v2/service/re1_tt/re1_tt__ts-train-service_cpu__1.json,re1_tt__ts-train-service_cpu__1,re1_tt,0,cpu,same,1,results/ablation/rcaeval_re1/no_ar/service/re1_tt/re1_tt__ts-train-service_cpu__1.json,ts-train-service
1,results/main/rcaeval_re1/amber_zenodo_v2/service/re1_tt/re1_tt__ts-train-service_cpu__2.json,re1_tt__ts-train-service_cpu__2,re1_tt,0,cpu,same,1,results/ablation/rcaeval_re1/no_ar/service/re1_tt/re1_tt__ts-train-service_cpu__2.json,ts-train-service
1,results/main/rcaeval_re1/amber_zenodo_v2/service/re1_tt/re1_tt__ts-train-service_cpu__3.json,re1_tt__ts-train-service_cpu__3,re1_tt,0,cpu,same,1,results/ablation/rcaeval_re1/no_ar/service/re1_tt/re1_tt__ts-train-service_cpu__3.json,ts-train-service
1,results/main/rcaeval_re1/amber_zenodo_v2/service/re1_tt/re1_tt__ts-train-service_cpu__4.json,re1_tt__ts-train-service_cpu__4,re1_tt,0,cpu,same,1,results/ablation/rcaeval_re1/no_ar/service/re1_tt/re1_tt__ts-train-service_cpu__4.json,ts-train-service
1,results/main/rcaeval_re1/amber_zenodo_v2/service/re1_tt/re1_tt__ts-train-service_cpu__5.json,re1_tt__ts-train-service_cpu__5,re1_tt,0,cpu,same,1,results/ablation/rcaeval_re1/no_ar/service/re1_tt/re1_tt__ts-train-service_cpu__5.json,ts-train-service
2,results/main/rcaeval_re1/amber_zenodo_v2/service/re1_tt/re1_tt__ts-train-service_delay__1.json,re1_tt__ts-train-service_delay__1,re1_tt,2,delay,improved,4,results/ablation/rcaeval_re1/no_ar/service/re1_tt/re1_tt__ts-train-service_delay__1.json,ts-train-service
2,results/main/rcaeval_re1/amber_zenodo_v2/service/re1_tt/re1_tt__ts-train-service_delay__2.json,re1_tt__ts-train-service_delay__2,re1_tt,0,delay,same,2,results/ablation/rcaeval_re1/no_ar/service/re1_tt/re1_tt__ts-train-service_delay__2.json,ts-train-service
3,results/main/rcaeval_re1/amber_zenodo_v2/service/re1_tt/re1_tt__ts-train-service_delay__3.json,re1_tt__ts-train-service_delay__3,re1_tt,2,delay,improved,5,results/ablation/rcaeval_re1/no_ar/service/re1_tt/re1_tt__ts-train-service_delay__3.json,ts-train-service
4,results/main/rcaeval_re1/amber_zenodo_v2/service/re1_tt/re1_tt__ts-train-service_delay__4.json,re1_tt__ts-train-service_delay__4,re1_tt,0,delay,same,4,results/ablation/rcaeval_re1/no_ar/service/re1_tt/re1_tt__ts-train-service_delay__4.json,ts-train-service
6,results/main/rcaeval_re1/amber_zenodo_v2/service/re1_tt/re1_tt__ts-train-service_delay__5.json,re1_tt__ts-train-service_delay__5,re1_tt,1,delay,improved,7,results/ablation/rcaeval_re1/no_ar/service/re1_tt/re1_tt__ts-train-service_delay__5.json,ts-train-service
4,results/main/rcaeval_re1/amber_zenodo_v2/service/re1_tt/re1_tt__ts-train-service_disk__1.json,re1_tt__ts-train-service_disk__1,re1_tt,-2,disk,worsened,2,results/ablation/rcaeval_re1/no_ar/service/re1_tt/re1_tt__ts-train-service_disk__1.json,ts-train-service
2,results/main/rcaeval_re1/amber_zenodo_v2/service/re1_tt/re1_tt__ts-train-service_disk__2.json,re1_tt__ts-train-service_disk__2,re1_tt,0,disk,same,2,results/ablation/rcaeval_re1/no_ar/service/re1_tt/re1_tt__ts-train-service_disk__2.json,ts-train-service
1,results/main/rcaeval_re1/amber_zenodo_v2/service/re1_tt/re1_tt__ts-train-service_disk__3.json,re1_tt__ts-train-service_disk__3,re1_tt,0,disk,same,1,results/ablation/rcaeval_re1/no_ar/service/re1_tt/re1_tt__ts-train-service_disk__3.json,ts-train-service
2,results/main/rcaeval_re1/amber_zenodo_v2/service/re1_tt/re1_tt__ts-train-service_disk__4.json,re1_tt__ts-train-service_disk__4,re1_tt,-1,disk,worsened,1,results/ablation/rcaeval_re1/no_ar/service/re1_tt/re1_tt__ts-train-service_disk__4.json,ts-train-service
2,results/main/rcaeval_re1/amber_zenodo_v2/service/re1_tt/re1_tt__ts-train-service_disk__5.json,re1_tt__ts-train-service_disk__5,re1_tt,-1,disk,worsened,1,results/ablation/rcaeval_re1/no_ar/service/re1_tt/re1_tt__ts-train-service_disk__5.json,ts-train-service
4,results/main/rcaeval_re1/amber_zenodo_v2/service/re1_tt/re1_tt__ts-train-service_loss__1.json,re1_tt__ts-train-service_loss__1,re1_tt,1,loss,improved,5,results/ablation/rcaeval_re1/no_ar/service/re1_tt/re1_tt__ts-train-service_loss__1.json,ts-train-service
2,results/main/rcaeval_re1/amber_zenodo_v2/service/re1_tt/re1_tt__ts-train-service_loss__2.json,re1_tt__ts-train-service_loss__2,re1_tt,1,loss,improved,3,results/ablation/rcaeval_re1/no_ar/service/re1_tt/re1_tt__ts-train-service_loss__2.json,ts-train-service
1,results/main/rcaeval_re1/amber_zenodo_v2/service/re1_tt/re1_tt__ts-train-service_loss__3.json,re1_tt__ts-train-service_loss__3,re1_tt,2,loss,improved,3,results/ablation/rcaeval_re1/no_ar/service/re1_tt/re1_tt__ts-train-service_loss__3.json,ts-train-service
1,results/main/rcaeval_re1/amber_zenodo_v2/service/re1_tt/re1_tt__ts-train-service_loss__4.json,re1_tt__ts-train-service_loss__4,re1_tt,4,loss,improved,5,results/ablation/rcaeval_re1/no_ar/service/re1_tt/re1_tt__ts-train-service_loss__4.json,ts-train-service
1,results/main/rcaeval_re1/amber_zenodo_v2/service/re1_tt/re1_tt__ts-train-service_loss__5.json,re1_tt__ts-train-service_loss__5,re1_tt,3,loss,improved,4,results/ablation/rcaeval_re1/no_ar/service/re1_tt/re1_tt__ts-train-service_loss__5.json,ts-train-service
1,results/main/rcaeval_re1/amber_zenodo_v2/service/re1_tt/re1_tt__ts-train-service_mem__1.json,re1_tt__ts-train-service_mem__1,re1_tt,0,mem,same,1,results/ablation/rcaeval_re1/no_ar/service/re1_tt/re1_tt__ts-train-service_mem__1.json,ts-train-service
1,results/main/rcaeval_re1/amber_zenodo_v2/service/re1_tt/re1_tt__ts-train-service_mem__2.json,re1_tt__ts-train-service_mem__2,re1_tt,0,mem,same,1,results/ablation/rcaeval_re1/no_ar/service/re1_tt/re1_tt__ts-train-service_mem__2.json,ts-train-service
1,results/main/rcaeval_re1/amber_zenodo_v2/service/re1_tt/re1_tt__ts-train-service_mem__3.json,re1_tt__ts-train-service_mem__3,re1_tt,0,mem,same,1,results/ablation/rcaeval_re1/no_ar/service/re1_tt/re1_tt__ts-train-service_mem__3.json,ts-train-service
1,results/main/rcaeval_re1/amber_zenodo_v2/service/re1_tt/re1_tt__ts-train-service_mem__4.json,re1_tt__ts-train-service_mem__4,re1_tt,0,mem,same,1,results/ablation/rcaeval_re1/no_ar/service/re1_tt/re1_tt__ts-train-service_mem__4.json,ts-train-service
1,results/main/rcaeval_re1/amber_zenodo_v2/service/re1_tt/re1_tt__ts-train-service_mem__5.json,re1_tt__ts-train-service_mem__5,re1_tt,0,mem,same,1,results/ablation/rcaeval_re1/no_ar/service/re1_tt/re1_tt__ts-train-service_mem__5.json,ts-train-service
1,results/main/rcaeval_re1/amber_zenodo_v2/service/re1_tt/re1_tt__ts-travel-service_cpu__1.json,re1_tt__ts-travel-service_cpu__1,re1_tt,0,cpu,same,1,results/ablation/rcaeval_re1/no_ar/service/re1_tt/re1_tt__ts-travel-service_cpu__1.json,ts-travel-service
1,results/main/rcaeval_re1/amber_zenodo_v2/service/re1_tt/re1_tt__ts-travel-service_cpu__2.json,re1_tt__ts-travel-service_cpu__2,re1_tt,0,cpu,same,1,results/ablation/rcaeval_re1/no_ar/service/re1_tt/re1_tt__ts-travel-service_cpu__2.json,ts-travel-service
1,results/main/rcaeval_re1/amber_zenodo_v2/service/re1_tt/re1_tt__ts-travel-service_cpu__3.json,re1_tt__ts-travel-service_cpu__3,re1_tt,0,cpu,same,1,results/ablation/rcaeval_re1/no_ar/service/re1_tt/re1_tt__ts-travel-service_cpu__3.json,ts-travel-service
1,results/main/rcaeval_re1/amber_zenodo_v2/service/re1_tt/re1_tt__ts-travel-service_cpu__4.json,re1_tt__ts-travel-service_cpu__4,re1_tt,0,cpu,same,1,results/ablation/rcaeval_re1/no_ar/service/re1_tt/re1_tt__ts-travel-service_cpu__4.json,ts-travel-service
1,results/main/rcaeval_re1/amber_zenodo_v2/service/re1_tt/re1_tt__ts-travel-service_cpu__5.json,re1_tt__ts-travel-service_cpu__5,re1_tt,0,cpu,same,1,results/ablation/rcaeval_re1/no_ar/service/re1_tt/re1_tt__ts-travel-service_cpu__5.json,ts-travel-service
10,results/main/rcaeval_re1/amber_zenodo_v2/service/re1_tt/re1_tt__ts-travel-service_delay__1.json,re1_tt__ts-travel-service_delay__1,re1_tt,-1,delay,worsened,9,results/ablation/rcaeval_re1/no_ar/service/re1_tt/re1_tt__ts-travel-service_delay__1.json,ts-travel-service
14,results/main/rcaeval_re1/amber_zenodo_v2/service/re1_tt/re1_tt__ts-travel-service_delay__2.json,re1_tt__ts-travel-service_delay__2,re1_tt,7,delay,improved,21,results/ablation/rcaeval_re1/no_ar/service/re1_tt/re1_tt__ts-travel-service_delay__2.json,ts-travel-service
1,results/main/rcaeval_re1/amber_zenodo_v2/service/re1_tt/re1_tt__ts-travel-service_delay__3.json,re1_tt__ts-travel-service_delay__3,re1_tt,1,delay,improved,2,results/ablation/rcaeval_re1/no_ar/service/re1_tt/re1_tt__ts-travel-service_delay__3.json,ts-travel-service
1,results/main/rcaeval_re1/amber_zenodo_v2/service/re1_tt/re1_tt__ts-travel-service_delay__4.json,re1_tt__ts-travel-service_delay__4,re1_tt,0,delay,same,1,results/ablation/rcaeval_re1/no_ar/service/re1_tt/re1_tt__ts-travel-service_delay__4.json,ts-travel-service
1,results/main/rcaeval_re1/amber_zenodo_v2/service/re1_tt/re1_tt__ts-travel-service_delay__5.json,re1_tt__ts-travel-service_delay__5,re1_tt,0,delay,same,1,results/ablation/rcaeval_re1/no_ar/service/re1_tt/re1_tt__ts-travel-service_delay__5.json,ts-travel-service
2,results/main/rcaeval_re1/amber_zenodo_v2/service/re1_tt/re1_tt__ts-travel-service_disk__1.json,re1_tt__ts-travel-service_disk__1,re1_tt,-1,disk,worsened,1,results/ablation/rcaeval_re1/no_ar/service/re1_tt/re1_tt__ts-travel-service_disk__1.json,ts-travel-service
1,results/main/rcaeval_re1/amber_zenodo_v2/service/re1_tt/re1_tt__ts-travel-service_disk__2.json,re1_tt__ts-travel-service_disk__2,re1_tt,0,disk,same,1,results/ablation/rcaeval_re1/no_ar/service/re1_tt/re1_tt__ts-travel-service_disk__2.json,ts-travel-service
1,results/main/rcaeval_re1/amber_zenodo_v2/service/re1_tt/re1_tt__ts-travel-service_disk__3.json,re1_tt__ts-travel-service_disk__3,re1_tt,0,disk,same,1,results/ablation/rcaeval_re1/no_ar/service/re1_tt/re1_tt__ts-travel-service_disk__3.json,ts-travel-service
2,results/main/rcaeval_re1/amber_zenodo_v2/service/re1_tt/re1_tt__ts-travel-service_disk__4.json,re1_tt__ts-travel-service_disk__4,re1_tt,0,disk,same,2,results/ablation/rcaeval_re1/no_ar/service/re1_tt/re1_tt__ts-travel-service_disk__4.json,ts-travel-service
2,results/main/rcaeval_re1/amber_zenodo_v2/service/re1_tt/re1_tt__ts-travel-service_disk__5.json,re1_tt__ts-travel-service_disk__5,re1_tt,-1,disk,worsened,1,results/ablation/rcaeval_re1/no_ar/service/re1_tt/re1_tt__ts-travel-service_disk__5.json,ts-travel-service
5,results/main/rcaeval_re1/amber_zenodo_v2/service/re1_tt/re1_tt__ts-travel-service_loss__1.json,re1_tt__ts-travel-service_loss__1,re1_tt,-1,loss,worsened,4,results/ablation/rcaeval_re1/no_ar/service/re1_tt/re1_tt__ts-travel-service_loss__1.json,ts-travel-service
32,results/main/rcaeval_re1/amber_zenodo_v2/service/re1_tt/re1_tt__ts-travel-service_loss__2.json,re1_tt__ts-travel-service_loss__2,re1_tt,3,loss,improved,35,results/ablation/rcaeval_re1/no_ar/service/re1_tt/re1_tt__ts-travel-service_loss__2.json,ts-travel-service
3,results/main/rcaeval_re1/amber_zenodo_v2/service/re1_tt/re1_tt__ts-travel-service_loss__3.json,re1_tt__ts-travel-service_loss__3,re1_tt,1,loss,improved,4,results/ablation/rcaeval_re1/no_ar/service/re1_tt/re1_tt__ts-travel-service_loss__3.json,ts-travel-service
2,results/main/rcaeval_re1/amber_zenodo_v2/service/re1_tt/re1_tt__ts-travel-service_loss__4.json,re1_tt__ts-travel-service_loss__4,re1_tt,1,loss,improved,3,results/ablation/rcaeval_re1/no_ar/service/re1_tt/re1_tt__ts-travel-service_loss__4.json,ts-travel-service
7,results/main/rcaeval_re1/amber_zenodo_v2/service/re1_tt/re1_tt__ts-travel-service_loss__5.json,re1_tt__ts-travel-service_loss__5,re1_tt,1,loss,improved,8,results/ablation/rcaeval_re1/no_ar/service/re1_tt/re1_tt__ts-travel-service_loss__5.json,ts-travel-service
1,results/main/rcaeval_re1/amber_zenodo_v2/service/re1_tt/re1_tt__ts-travel-service_mem__1.json,re1_tt__ts-travel-service_mem__1,re1_tt,0,mem,same,1,results/ablation/rcaeval_re1/no_ar/service/re1_tt/re1_tt__ts-travel-service_mem__1.json,ts-travel-service
1,results/main/rcaeval_re1/amber_zenodo_v2/service/re1_tt/re1_tt__ts-travel-service_mem__2.json,re1_tt__ts-travel-service_mem__2,re1_tt,0,mem,same,1,results/ablation/rcaeval_re1/no_ar/service/re1_tt/re1_tt__ts-travel-service_mem__2.json,ts-travel-service
1,results/main/rcaeval_re1/amber_zenodo_v2/service/re1_tt/re1_tt__ts-travel-service_mem__3.json,re1_tt__ts-travel-service_mem__3,re1_tt,0,mem,same,1,results/ablation/rcaeval_re1/no_ar/service/re1_tt/re1_tt__ts-travel-service_mem__3.json,ts-travel-service
1,results/main/rcaeval_re1/amber_zenodo_v2/service/re1_tt/re1_tt__ts-travel-service_mem__4.json,re1_tt__ts-travel-service_mem__4,re1_tt,0,mem,same,1,results/ablation/rcaeval_re1/no_ar/service/re1_tt/re1_tt__ts-travel-service_mem__4.json,ts-travel-service
1,results/main/rcaeval_re1/amber_zenodo_v2/service/re1_tt/re1_tt__ts-travel-service_mem__5.json,re1_tt__ts-travel-service_mem__5,re1_tt,0,mem,same,1,results/ablation/rcaeval_re1/no_ar/service/re1_tt/re1_tt__ts-travel-service_mem__5.json,ts-travel-service
